Workbook
Name Prestataires: [1]Listes!$A$2:$A$20
Name Sites: [2]Listes!$B$2:$B$20
Name Sites: [1]Listes!$B$2:$B$20

Sheet FINAL DRY RCN-YAKRO-2026
M1: =SUBTOTAL(9,Table1[[#All],[Issued Wt to Drying GW RCN+BAGS]]) -> 4096678.4 | O1: =SUMIF(T2:T83,">0",O2:O83) -> 4044378.4 | P1: WIP | Q1: =SUMIF(Table1[[#All],[Received Wt from Drying (Net Wt)]],0,Table1[[#All],[Issued Wt To Drying (Net Wt)]]) -> 0 | T1: =SUBTOTAL(9,T3:T83) -> 3939483 | AI1: =SUBTOTAL(9,AI2:AI83) -> 104895.38 | AL1: =SUM(AL2:AL65) -> 41676
A2: S.No. | B2: DATE | C2: Warehouse | D2: BIN | E2: Lot No | F2: FICHE NO | G2: STATUS | H2: Dry Type | I2: Destintion | J2: Dry Bin No | K2: Issued for Drying GW RCN+BAGS+PALLETS | L2: Pallets WT | M2: Issued Wt to Drying GW RCN+BAGS | N2: Issued Bags for Drying | O2: Issued Wt To Drying (Net Wt) | P2: Received from Drying GW RCN+BAGS+PALLETS | Q2: Pallets Wt2 | R2: Received Wt from Drying GW RCN+BAGS | S2: Received Bags from Drying | T2: Received Wt from Drying (Net Wt) | U2: Input Moisture | V2: INPUT NUT COUNT | W2: INPUT KOR | X2: Output Moisture | Y2: OUTPUT NUT COUNT | Z2: OUTPUT KOR | AA2: Oil | AB2: Rejection | AC2: GK | AD2: Immature | AE2: Spoted | AF2: Shell | AG2: Void | AH2: MOIS Loss% | AI2: Drying Loss Kg's | AJ2: Drying LOSS % | AK2: INPUT BAGS FOR DRYING | AL2: OUTPUT BAGS AFTER DRING | AM2: DRYING/ PICKING | AN2: REMARKS | AO2: Issued To Production | AP2: Re Drying Date | AQ2: Moisture -1st Re- Dry | AR2: Moisture -2nd Dry | AS2: Issued to Production3 | AT2: Remarks4 | AW2: Row Labels | AX2: Sum of Issued Wt To Drying (Net Wt) | AY2: Sum of Received Wt from Drying (Net Wt)
A3: 1 | B3: 46099 | C3: ANAGROCI-01 | D3: BIN-002 | E3: 23 | F3: 77676 | G3: OK | H3: Supplier | I3: ANA-03-DRY | J3: ANA-03-DRY | K3: 49460 | L3: 0 | M3: =K3-L3 -> 49460 | N3: 596 | O3: =M3-N3 -> 48864 | P3: 47807 | Q3: 0 | R3: =P3-Q3 -> 47807 | S3: 592 | T3: =R3-S3 -> 47215 | U3: 11 | V3: 171 | W3: 45.23 | X3: 8.9 | Y3: 173 | Z3: 45.67 | AH3: =(U3-X3)/100 -> 0.021 | AI3: =O3-T3 -> 1649 | AJ3: =AI3/O3 -> 0.033746726 | AK3: 638 | AL3: 592 | AM3: Dryied | AN3: Scaled | AO3: BIN | AW3: BIN-001 | AX3: 554648 | AY3: 530547
A4: 2 | B4: 46106 | C4: ANAGROCI-01 | D4: BIN-002 | E4: 29 | F4: 82146 | G4: OK | H4: Supplier | I4: ANA-03-DRY | J4: ANA-03-DRY | K4: 39700 | L4: 0 | M4: =K4-L4 -> 39700 | N4: 467 | O4: =M4-N4 -> 39233 | P4: 38213.916 | Q4: 0 | R4: =P4-Q4 -> 38213.916 | S4: 502 | T4: =R4-S4 -> 37711.916 | U4: 12 | V4: 176 | W4: 45.05 | X4: 9.4 | Y4: 176 | Z4: 45.5 | AH4: =(U4-X4)/100 -> 0.026 | AI4: =O4-T4 -> 1521.084 | AJ4: =AI4/O4 -> 0.038770525 | AK4: 489 | AL4: 502 | AM4: Dryied | AN4: Scaled | AO4: BIN | AW4: BIN-002 | AX4: 131477 | AY4: 126201.92
A5: 3 | B5: 46108 | C5: ANAGROCI-01 | D5: BIN-008 | E5: 5 | F5: 72564 | G5: OK | H5: BOUAKE | I5: ANA-08-DRY | J5: ANA-08-DRY | K5: 51840 | L5: 0 | M5: =K5-L5 -> 51840 | N5: 608 | O5: =M5-N5 -> 51232 | P5: 49643.808 | Q5: 0 | R5: =P5-Q5 -> 49643.808 | S5: 699 | T5: =R5-S5 -> 48944.808 | U5: 12 | V5: 157 | W5: 45.32 | X5: 8.9 | Y5: 160 | Z5: 45.49 | AH5: =(U5-X5)/100 -> 0.031 | AI5: =O5-T5 -> 2287.192 | AJ5: =AI5/O5 -> 0.044643816 | AK5: 615 | AL5: 699 | AM5: Dryied | AN5: Scaled | AO5: BIN | AW5: BIN-003 | AX5: 41220 | AY5: 39785
A6: 4 | B6: 46109 | C6: ANAGROCI-01 | D6: BIN-09A | E6: 20 | F6: 72566 | G6: OK | H6: BOUAKE | I6: ANA-09-DRY | J6: ANA-09-DRY | K6: 38380 | L6: 0 | M6: =K6-L6 -> 38380 | N6: 537 | O6: =M6-N6 -> 37843 | P6: 36783.396 | Q6: 0 | R6: =P6-Q6 -> 36783.396 | S6: 530 | T6: =R6-S6 -> 36253.396 | U6: 11.7 | V6: 174 | W6: 43.82 | X6: 8.9 | Y6: 172 | Z6: 43.91 | AH6: =(U6-X6)/100 -> 0.028 | AI6: =O6-T6 -> 1589.604 | AJ6: =AI6/O6 -> 0.042005232 | AK6: 537 | AL6: 530 | AM6: Dryied | AN6: Scaled | AO6: BIN | AW6: BIN-004 | AX6: 122091 | AY6: 119602
A7: 5 | B7: 46109 | C7: ANAGROCI-01 | D7: BIN-001 | E7: 56 | F7: 82495 | G7: OK | H7: Supplier | I7: ANA-02-DRY | J7: ANA-02-DRY | K7: 46120 | L7: 0 | M7: =K7-L7 -> 46120 | N7: 530 | O7: =M7-N7 -> 45590 | P7: 43876 | Q7: 0 | R7: =P7-Q7 -> 43876 | S7: 601 | T7: =R7-S7 -> 43275 | U7: 11.2 | V7: 183 | W7: 44.35 | X7: 9.3 | Y7: 184 | Z7: 44.7 | AH7: =(U7-X7)/100 -> 0.019 | AI7: =O7-T7 -> 2315 | AJ7: =AI7/O7 -> 0.05077868 | AK7: 538 | AL7: 601 | AM7: Dryied | AN7: Scaled | AO7: BIN | AT7: PROCESSING | AW7: BIN-005 | AX7: 587959.6 | AY7: 580102.2
A8: 6 | B8: 46114 | C8: ANAGROCI-01 | D8: BIN-003 | E8: 61 | F8: 83411 | G8: OK | H8: Supplier | I8: ANA-05-DRY | J8: ANA-05-DRY | K8: 41780 | L8: 0 | M8: =K8-L8 -> 41780 | N8: 560 | O8: =M8-N8 -> 41220 | P8: 42642 | Q8: 2280 | R8: =P8-Q8 -> 40362 | S8: 577 | T8: =R8-S8 -> 39785 | U8: 10.1 | V8: 185 | W8: 46.2 | X8: 8.5 | Y8: 170 | Z8: 46.2 | AH8: =(U8-X8)/100 -> 0.016 | AI8: =O8-T8 -> 1435 | AJ8: =AI8/O8 -> 0.034813197 | AK8: 568 | AL8: 577 | AM8: Dryied | AN8: Scaled | AO8: BIN | AW8: BIN-007 | AX8: 320974.2 | AY8: 315527.7
A9: 7 | B9: 46115 | C9: ANAGROCI-01 | D9: BIN-002 | E9: 64 | F9: 82496 | G9: OK | H9: Supplier | I9: ANA-03-DRY | J9: ANA-03-DRY | K9: 43880 | L9: 0 | M9: =K9-L9 -> 43880 | N9: 500 | O9: =M9-N9 -> 43380 | P9: 44295 | Q9: 2470 | R9: =P9-Q9 -> 41825 | S9: 550 | T9: =R9-S9 -> 41275 | U9: 11.8 | V9: 177 | W9: 44.44 | X9: 9.2 | Y9: 176 | Z9: 45.2 | AH9: =(U9-X9)/100 -> 0.026 | AI9: =O9-T9 -> 2105 | AJ9: =AI9/O9 -> 0.048524666 | AK9: 509 | AL9: 550 | AM9: Dryied | AN9: Scaled | AO9: BIN | AW9: BIN-008 | AX9: 51232 | AY9: 48944.808
A10: 8 | B10: 46120 | C10: ANAGROCI-01 | D10: BIN-07A | E10: 67 | F10: 87134 | G10: OK | H10: Supplier | I10: ANA-07-DRY | J10: ANA-07-DRY | K10: 37160 | L10: 0 | M10: =K10-L10 -> 37160 | N10: 454 | O10: =M10-N10 -> 36706 | P10: 37911 | Q10: 2050 | R10: =P10-Q10 -> 35861 | S10: 477 | T10: =R10-S10 -> 35384 | U10: 11 | V10: 170 | W10: 45.15 | X10: 8.3 | Y10: 173 | Z10: 45.85 | AH10: =(U10-X10)/100 -> 0.027 | AI10: =O10-T10 -> 1322 | AJ10: =AI10/O10 -> 0.03601591 | AK10: 463 | AL10: 477 | AM10: Dryied | AN10: Scaled | AO10: BIN | AW10: BIN-013 | AX10: 667561 | AY10: 646363
A11: 9 | B11: 46123 | C11: ANAGROCI-01 | D11: BIN-001 | E11: 72 | F11: 87139 | G11: OK | H11: Supplier | I11: ANA-02-DRY | J11: ANA-02-DRY | K11: 54260 | L11: 0 | M11: =K11-L11 -> 54260 | N11: 706 | O11: =M11-N11 -> 53554 | P11: 55007 | Q11: 2945 | R11: =P11-Q11 -> 52062 | S11: 712 | T11: =R11-S11 -> 51350 | U11: 10.1 | V11: 183 | W11: 44.09 | X11: 8 | Y11: 181 | Z11: 44.26 | AH11: =(U11-X11)/100 -> 0.021 | AI11: =O11-T11 -> 2204 | AJ11: =AI11/O11 -> 0.041154722 | AK11: 721 | AL11: 712 | AM11: Dryied | AN11: Scaled | AO11: BIN | AT11: PROCESSING | AW11: BIN-015 | AX11: 55476 | AY11: 54448
A12: 10 | B12: 46124 | C12: ANAGROCI-01 | D12: BIN-001 | E12: 76 | F12: 78911 | G12: OK | H12: Supplier | I12: ANA-02-DRY | J12: ANA-02-DRY | K12: 47640 | L12: 0 | M12: =K12-L12 -> 47640 | N12: 658 | O12: =M12-N12 -> 46982 | P12: 48274 | Q12: 2660 | R12: =P12-Q12 -> 45614 | S12: 648 | T12: =R12-S12 -> 44966 | U12: 10.1 | V12: 185 | W12: 44.26 | X12: 8.3 | Y12: 179 | Z12: 44.53 | AH12: =(U12-X12)/100 -> 0.018 | AI12: =O12-T12 -> 2016 | AJ12: =AI12/O12 -> 0.042910051 | AK12: 658 | AL12: 648 | AM12: Dryied | AN12: Scaled | AO12: BIN | AT12: PROCESSING | AW12: BIN-016 | AX12: 37217 | AY12: 36341
A13: 11 | B13: 46125 | C13: ANAGROCI-01 | D13: BIN-001 | E13: 79 | F13: 37970 | G13: OK | H13: Supplier | I13: ANA-02-DRY | J13: ANA-02-DRY | K13: 42110 | L13: 0 | M13: =K13-L13 -> 42110 | N13: 488 | O13: =M13-N13 -> 41622 | P13: 42671 | Q13: 2280 | R13: =P13-Q13 -> 40391 | S13: 542 | T13: =R13-S13 -> 39849 | U13: 13.7 | V13: 160 | W13: 43.56 | X13: 9.7 | Y13: 163 | Z13: 44 | AH13: =(U13-X13)/100 -> 0.04 | AI13: =O13-T13 -> 1773 | AJ13: =AI13/O13 -> 0.042597665 | AK13: 488 | AL13: 542 | AM13: Dryied | AN13: Scaled | AO13: BIN | AT13: PROCESSING | AW13: BIN-03B | AX13: 1271107.6 | AY13: 1245576
A14: 12 | B14: 46128 | C14: ANAGROCI-01 | D14: BIN-001 | E14: 102 | F14: 78869 | G14: OK | H14: Supplier | I14: ANA-02-DRY | J14: ANA-02-DRY | K14: 49690 | L14: 0 | M14: =K14-L14 -> 49690 | N14: 684 | O14: =M14-N14 -> 49006 | P14: 50005 | Q14: 2575 | R14: =P14-Q14 -> 47430 | S14: 674 | T14: =R14-S14 -> 46756 | U14: 11.2 | V14: 181 | W14: 43.56 | X14: 9.4 | Y14: 182 | Z14: 44 | AH14: =(U14-X14)/100 -> 0.018 | AI14: =O14-T14 -> 2250 | AJ14: =AI14/O14 -> 0.045912745 | AK14: 691 | AL14: 674 | AM14: Dryied | AN14: Scaled | AO14: BIN | AT14: PROCESSING | AW14: BIN-06A | AX14: 128866 | AY14: 124407
A15: 13 | B15: 46129 | C15: ANAGROCI-01 | D15: BIN-013 | E15: 96 | F15: 89770 | G15: OK | H15: Supplier | I15: ANA-01-DRY | J15: ANA-01-DRY | K15: 50530 | L15: 0 | M15: =K15-L15 -> 50530 | N15: 598 | O15: =M15-N15 -> 49932 | P15: 51035 | Q15: 2660 | R15: =P15-Q15 -> 48375 | S15: 644 | T15: =R15-S15 -> 47731 | U15: 11.1 | V15: 168 | W15: 42.58 | X15: 8.9 | Y15: 172 | Z15: 43.12 | AH15: =(U15-X15)/100 -> 0.022 | AI15: =O15-T15 -> 2201 | AJ15: =AI15/O15 -> 0.044079949 | AK15: 612 | AL15: 644 | AM15: Dryied | AN15: Scaled | AO15: Issued to Production | AS15: Issued to Production | AT15: PROCESSED | AW15: BIN-07A | AX15: 36706 | AY15: 35384
A16: 14 | B16: 46130 | C16: ANAGROCI-01 | D16: BIN-013 | E16: 95 | F16: 89781 | G16: OK | H16: Supplier | I16: ANA-01-DRY | J16: ANA-01-DRY | K16: 50350 | L16: 0 | M16: =K16-L16 -> 50350 | N16: 604 | O16: =M16-N16 -> 49746 | P16: 51004 | Q16: 2660 | R16: =P16-Q16 -> 48344 | S16: 667 | T16: =R16-S16 -> 47677 | U16: 12.3 | V16: 169 | W16: 42.41 | X16: 9.8 | Y16: 170 | Z16: 42.85 | AH16: =(U16-X16)/100 -> 0.025 | AI16: =O16-T16 -> 2069 | AJ16: =AI16/O16 -> 0.041591284 | AK16: 629 | AL16: 667 | AM16: Dryied | AN16: Scaled | AO16: Issued to Production | AS16: Issued to Production | AT16: PROCESSED | AW16: BIN-09A | AX16: 37843 | AY16: 36253.396
A17: 15 | B17: 46131 | C17: ANAGROCI-01 | D17: BIN-001 | E17: 116 | F17: 31888 | G17: OK | H17: Supplier | I17: ANA-02-DRY | J17: ANA-02-DRY | K17: 40690 | L17: 0 | M17: =K17-L17 -> 40690 | N17: 489 | O17: =M17-N17 -> 40201 | P17: 40311 | Q17: 1386 | R17: =P17-Q17 -> 38925 | S17: 524 | T17: =R17-S17 -> 38401 | U17: 14.2 | V17: 158 | W17: 44.18 | X17: 10.1 | Y17: 160 | Z17: 44.26 | AH17: =(U17-X17)/100 -> 0.041 | AI17: =O17-T17 -> 1800 | AJ17: =AI17/O17 -> 0.044775006 | AK17: 489 | AL17: 524 | AM17: Dryied | AN17: Scaled | AO17: BIN | AT17: PROCESSING | AW17: Grand Total | AX17: 4044378.4 | AY17: 3939483
A18: 16 | B18: 46133 | C18: ANAGROCI-01 | D18: BIN-013 | E18: 122 | F18: 29107 | G18: OK | H18: Supplier | I18: ANA-01-DRY | J18: ANA-01-DRY | K18: 45980 | L18: 0 | M18: =K18-L18 -> 45980 | N18: 604 | O18: =M18-N18 -> 45376 | P18: 46755 | Q18: 2375 | R18: =P18-Q18 -> 44380 | S18: 600 | T18: =R18-S18 -> 43780 | U18: 10.3 | V18: 183 | W18: 41.79 | X18: 8.6 | Y18: 180 | Z18: 43.38 | AH18: =(U18-X18)/100 -> 0.017 | AI18: =O18-T18 -> 1596 | AJ18: =AI18/O18 -> 0.035172779 | AK18: 609 | AL18: 600 | AM18: Dryied | AN18: Scaled | AO18: Issued to Production | AS18: Issued to Production | AT18: PROCESSED
A19: 17 | B19: 46133 | C19: ANAGROCI-01 | D19: BIN-013 | E19: 125 | F19: 37582 | G19: OK | H19: Supplier | I19: ANA-01-DRY | J19: ANA-01-DRY | K19: 45520 | L19: 0 | M19: =K19-L19 -> 45520 | N19: 444 | O19: =M19-N19 -> 45076 | P19: 46698 | Q19: 2660 | R19: =P19-Q19 -> 44038 | S19: 585 | T19: =R19-S19 -> 43453 | U19: 11.4 | V19: 162 | W19: 43.12 | X19: 9.5 | Y19: 161 | Z19: 43.38 | AH19: =(U19-X19)/100 -> 0.019 | AI19: =O19-T19 -> 1623 | AJ19: =AI19/O19 -> 0.036005857 | AK19: 475 | AL19: 585 | AM19: Dryied | AN19: Scaled | AO19: Issued to Production | AS19: Issued to Production | AT19: PROCESSED
A20: 18 | B20: 46134 | C20: ANAGROCI-01 | D20: BIN-06A | E20: 135 | F20: 87109 | G20: OK | H20: Supplier | I20: ANA-06-DRY | J20: ANA-06-DRY | K20: 47060 | L20: 0 | M20: =K20-L20 -> 47060 | N20: 587 | O20: =M20-N20 -> 46473 | P20: 47318 | Q20: 2125 | R20: =P20-Q20 -> 45193 | S20: 606 | T20: =R20-S20 -> 44587 | U20: 10.7 | V20: 182 | W20: 42.15 | X20: 9.1 | Y20: 176 | Z20: 44.7 | AH20: =(U20-X20)/100 -> 0.016 | AI20: =O20-T20 -> 1886 | AJ20: =AI20/O20 -> 0.040582704 | AK20: 594 | AL20: 606 | AM20: Dryied | AN20: Scaled | AO20: BIN
A21: 19 | B21: 46134 | C21: ANAGROCI-01 | D21: BIN-013 | E21: 139 | F21: 35967 | G21: OK | H21: Supplier | I21: ANA-01-DRY | J21: ANA-01-DRY | K21: 42400 | L21: 0 | M21: =K21-L21 -> 42400 | N21: 523 | O21: =M21-N21 -> 41877 | P21: 43491 | Q21: 2125 | R21: =P21-Q21 -> 41366 | S21: 564 | T21: =R21-S21 -> 40802 | U21: 11.4 | V21: 178 | W21: 41.97 | X21: 9.3 | Y21: 179 | Z21: 42.68 | AH21: =(U21-X21)/100 -> 0.021 | AI21: =O21-T21 -> 1075 | AJ21: =AI21/O21 -> 0.025670416 | AK21: 542 | AL21: 564 | AM21: Dryied | AN21: Scaled | AO21: Issued to Production | AS21: Issued to Production | AT21: PROCESSED
A22: 20 | B22: 46135 | C22: ANAGROCI-01 | D22: BIN-013 | E22: 113 | F22: 87146 | G22: OK | H22: Supplier | I22: ANA-01-DRY | J22: ANA-01-DRY | K22: 34010 | L22: 0 | M22: =K22-L22 -> 34010 | N22: 430 | O22: =M22-N22 -> 33580 | P22: 34791 | Q22: 1785 | R22: =P22-Q22 -> 33006 | S22: 457 | T22: =R22-S22 -> 32549 | U22: 9.8 | V22: 172 | W22: 42.59 | X22: 8.8 | Y22: 171 | Z22: 43.65 | AH22: =(U22-X22)/100 -> 0.01 | AI22: =O22-T22 -> 1031 | AJ22: =AI22/O22 -> 0.030702799 | AK22: 449 | AL22: 457 | AM22: Dryied | AN22: Scaled | AO22: Issued to Production | AS22: Issued to Production | AT22: PROCESSED
A23: 21 | B23: 46136 | C23: ANAGROCI-01 | D23: BIN-013 | E23: 107 | F23: 37581 | G23: OK | H23: Supplier | I23: ANA-01-DRY | J23: ANA-01-DRY | K23: 45490 | L23: 0 | M23: =K23-L23 -> 45490 | N23: 531 | O23: =M23-N23 -> 44959 | P23: 47169 | Q23: 2295 | R23: =P23-Q23 -> 44874 | S23: 603 | T23: =R23-S23 -> 44271 | U23: 10.1 | V23: 159 | W23: 42.15 | X23: 8.7 | Y23: 164 | Z23: 42.59 | AH23: =(U23-X23)/100 -> 0.014 | AI23: =O23-T23 -> 688 | AJ23: =AI23/O23 -> 0.015302831 | AK23: 558 | AL23: 603 | AM23: Dryied | AN23: Scaled | AO23: Issued to Production | AS23: Issued to Production | AT23: PROCESSED
A24: 22 | B24: 46136 | C24: ANAGROCI-01 | D24: BIN-001 | E24: 110 | F24: 3198 | G24: OK | H24: Supplier | I24: ANA-02-DRY | J24: ANA-02-DRY | K24: 37970 | L24: 0 | M24: =K24-L24 -> 37970 | N24: 426 | O24: =M24-N24 -> 37544 | P24: 38637 | Q24: 1700 | R24: =P24-Q24 -> 36937 | S24: 506 | T24: =R24-S24 -> 36431 | U24: 12.9 | V24: 158 | W24: 43.21 | X24: 9.8 | Y24: 166 | Z24: 44.26 | AH24: =(U24-X24)/100 -> 0.031 | AI24: =O24-T24 -> 1113 | AJ24: =AI24/O24 -> 0.029645216 | AK24: 450 | AL24: 506 | AM24: Dryied | AN24: Scaled | AO24: BIN | AT24: PROCESSING
A25: 23 | B25: 46137 | C25: ANAGROCI-01 | D25: BIN-06A | E25: 162 | F25: 89784 | G25: OK | H25: Supplier | I25: ANA-06-DRY | J25: ANA-06-DRY | K25: 39460 | L25: 0 | M25: =K25-L25 -> 39460 | N25: 477 | O25: =M25-N25 -> 38983 | P25: 40251 | Q25: 1870 | R25: =P25-Q25 -> 38381 | S25: 518 | T25: =R25-S25 -> 37863 | U25: 12.8 | V25: 170 | W25: 44.09 | X25: 10.1 | Y25: 169 | Z25: 44.97 | AH25: =(U25-X25)/100 -> 0.027 | AI25: =O25-T25 -> 1120 | AJ25: =AI25/O25 -> 0.028730472 | AK25: 486 | AL25: 518 | AM25: Dryied | AN25: Scaled | AO25: BIN
A26: 24 | B26: 46137 | C26: ANAGROCI-01 | D26: BIN-06A | E26: 160 | F26: 65511 | G26: OK | H26: Supplier | I26: ANA-06-DRY | J26: ANA-06-DRY | K26: 43950 | L26: 0 | M26: =K26-L26 -> 43950 | N26: 540 | O26: =M26-N26 -> 43410 | P26: 44482 | Q26: 1955 | R26: =P26-Q26 -> 42527 | S26: 570 | T26: =R26-S26 -> 41957 | U26: 14.3 | V26: 165 | W26: 43.73 | X26: 10.9 | Y26: 169 | Z26: 45.06 | AH26: =(U26-X26)/100 -> 0.034 | AI26: =O26-T26 -> 1453 | AJ26: =AI26/O26 -> 0.03347155 | AK26: 566 | AL26: 570 | AM26: Dryied | AN26: Scaled | AO26: BIN
A27: 25 | B27: 46138 | C27: ANAGROCI-01 | D27: BIN-001 | E27: 173 | F27: 32358 | G27: OK | H27: Supplier | I27: ANA-02-DRY | J27: ANA-02-DRY | K27: 46090 | L27: 0 | M27: =K27-L27 -> 46090 | N27: 533 | O27: =M27-N27 -> 45557 | P27: 46658 | Q27: 2210 | R27: =P27-Q27 -> 44448 | S27: 594 | T27: =R27-S27 -> 43854 | U27: 13.6 | V27: 172 | W27: 44.2 | X27: 9.8 | Y27: 169 | Z27: 44.53 | AH27: =(U27-X27)/100 -> 0.038 | AI27: =O27-T27 -> 1703 | AJ27: =AI27/O27 -> 0.037381742 | AK27: 533 | AL27: 594 | AM27: Dryied | AN27: Scaled | AO27: BIN | AT27: PROCESSING
A28: 26 | B28: 46138 | C28: ANAGROCI-01 | D28: BIN-013 | E28: 172 | F28: 87093 | G28: OK | H28: Supplier | I28: ANA-01-DRY | J28: ANA-01-DRY | K28: 40130 | L28: 0 | M28: =K28-L28 -> 40130 | N28: 496 | O28: =M28-N28 -> 39634 | P28: 40789 | Q28: 1870 | R28: =P28-Q28 -> 38919 | S28: 528 | T28: =R28-S28 -> 38391 | U28: 11.1 | V28: 183 | W28: 41.97 | X28: 10.5 | Y28: 176 | Z28: 42.68 | AH28: =(U28-X28)/100 -> 0.006 | AI28: =O28-T28 -> 1243 | AJ28: =AI28/O28 -> 0.031361962 | AK28: 496 | AL28: 528 | AM28: Dryied | AN28: Scaled | AO28: Issued to Production | AS28: Issued to Production | AT28: PROCESSED
A29: 27 | B29: 46139 | C29: ANAGROCI-01 | D29: BIN-001 | E29: 139 | F29: 68652 | G29: OK | H29: BOUAKE | I29: ANA-02-DRY | J29: ANA-02-DRY | K29: 51380 | L29: 0 | M29: =K29-L29 -> 51380 | N29: 656 | O29: =M29-N29 -> 50724 | P29: 51652 | Q29: 2295 | R29: =P29-Q29 -> 49357 | S29: 660 | T29: =R29-S29 -> 48697 | U29: 10.8 | V29: 174 | W29: 42.06 | X29: 8.4 | Y29: 180 | Z29: 43.73 | AH29: =(U29-X29)/100 -> 0.024 | AI29: =O29-T29 -> 2027 | AJ29: =AI29/O29 -> 0.03996136 | AK29: 673 | AL29: 660 | AM29: Dryied | AN29: Scaled | AO29: BIN | AT29: PROCESSING
A30: 28 | B30: 46140 | C30: ANAGROCI-01 | D30: BIN-013 | E30: 184 | F30: 35051 | G30: OK | H30: Supplier | I30: ANA-01-DRY | J30: ANA-01-DRY | K30: 48740 | L30: 0 | M30: =K30-L30 -> 48740 | N30: 564 | O30: =M30-N30 -> 48176 | P30: 50339 | Q30: 2380 | R30: =P30-Q30 -> 47959 | S30: 643 | T30: =R30-S30 -> 47316 | U30: 11.2 | V30: 189 | W30: 42.32 | X30: 9.7 | Y30: 199 | Z30: 42.32 | AH30: =(U30-X30)/100 -> 0.015 | AI30: =O30-T30 -> 860 | AJ30: =AI30/O30 -> 0.017851212 | AK30: 567 | AL30: 643 | AM30: Dryied | AN30: Scaled | AO30: Empilage in Production Area | AS30: Issued to Production | AT30: PROCESSED
A31: 29 | B31: 46142 | C31: ANAGROCI-01 | D31: BIN-013 | E31: 193 | F31: 773 | G31: OK | H31: Supplier | I31: ANA-01-DRY | J31: ANA-01-DRY | K31: 43680 | L31: 0 | M31: =K31-L31 -> 43680 | N31: 531 | O31: =M31-N31 -> 43149 | P31: 44299 | Q31: 1955 | R31: =P31-Q31 -> 42344 | S31: 572 | T31: =R31-S31 -> 41772 | U31: 11.8 | V31: 185 | W31: 43.03 | X31: 9.6 | Y31: 183 | Z31: 43.32 | AA31: 0 | AB31: 49 | AC31: 227 | AD31: 10 | AE31: 16 | AF31: 675 | AG31: 17 | AH31: =(U31-X31)/100 -> 0.022 | AI31: =O31-T31 -> 1377 | AJ31: =AI31/O31 -> 0.031912675 | AK31: 540 | AL31: 572 | AM31: Dryied | AN31: Scaled | AO31: Empilage in Production Area | AS31: Issued to Production | AT31: PROCESSED
A32: 30 | B32: 46142 | C32: ANAGROCI-01 | D32: BIN-013 | E32: 197 | F32: 14643 | G32: Direct offload for dry | H32: Supplier | I32: ANA-01-DRY | J32: ANA-01-DRY | K32: 40480 | L32: 0 | M32: =K32-L32 -> 40480 | N32: 453 | O32: =M32-N32 -> 40027 | P32: 40602 | Q32: 1650 | R32: =P32-Q32 -> 38952 | S32: 536 | T32: =R32-S32 -> 38416 | U32: 11.8 | V32: 160 | W32: 43.12 | X32: 10.4 | Y32: 164 | Z32: 43.21 | AA32: 4 | AB32: 20 | AC32: 230 | AD32: 12 | AE32: 18 | AF32: 675 | AG32: 36 | AH32: =(U32-X32)/100 -> 0.014 | AI32: =O32-T32 -> 1611 | AJ32: =AI32/O32 -> 0.040247833 | AK32: 465 | AL32: 536 | AM32: Dryied | AN32: Scaled | AO32: Empilage in Production Area | AS32: Issued to Production | AT32: PROCESSED
A33: 31 | B33: 46145 | C33: ANAGROCI-01 | D33: BIN-013 | E33: 178 | F33: 82154 | H33: BOUAKE | I33: ANA-01-DRY | J33: ANA-01-DRY | K33: 46700 | L33: 0 | M33: =K33-L33 -> 46700 | N33: 576 | O33: =M33-N33 -> 46124 | P33: 46125 | Q33: 1680 | R33: =P33-Q33 -> 44445 | S33: 584 | T33: =R33-S33 -> 43861 | U33: 12.1 | V33: 171 | W33: 42.32 | X33: 8.9 | Y33: 174 | Z33: 42.5 | AH33: =(U33-X33)/100 -> 0.032 | AI33: =O33-T33 -> 2263 | AJ33: =AI33/O33 -> 0.049063394 | AK33: 530 | AL33: 584 | AM33: Dryied | AN33: Scaled | AO33: Issued to Production | AP33: 46239 | AQ33: 10.1 | AR33: 8.9 | AS33: Issued to Production | AT33: PROCESSED
A34: 32 | B34: 46145 | C34: ANAGROCI-01 | D34: BIN-001 | E34: 160 | F34: 82124 | G34: OK | H34: BOUAKE | I34: ANA-02-DRY | J34: ANA-02-DRY | K34: 54180 | L34: 0 | M34: =K34-L34 -> 54180 | N34: 646 | O34: =M34-N34 -> 53534 | P34: 55082 | Q34: 2044 | R34: =P34-Q34 -> 53038 | S34: 701 | T34: =R34-S34 -> 52337 | U34: 15.4 | V34: 158 | W34: 43.56 | X34: 10.5 | Y34: 170 | Z34: 44.26 | AA34: 0 | AB34: 27 | AC34: 244 | AD34: 10 | AE34: 4 | AF34: 674 | AG34: 37 | AH34: =(U34-X34)/100 -> 0.049 | AI34: =O34-T34 -> 1197 | AJ34: =AI34/O34 -> 0.022359622 | AK34: 631 | AL34: 701 | AM34: Dryied | AN34: Scaled | AO34: BIN | AT34: PROCESSING
A35: 33 | B35: 46145 | C35: ANAGROCI-01 | D35: BIN-001 | E35: 177 | F35: 82914 | G35: OK | H35: BOUAKE | I35: ANA-02-DRY | J35: ANA-02-DRY | K35: 40980 | L35: 0 | M35: =K35-L35 -> 40980 | N35: 507 | O35: =M35-N35 -> 40473 | P35: 39521 | Q35: 1470 | R35: =P35-Q35 -> 38051 | S35: 491 | T35: =R35-S35 -> 37560 | U35: 13.9 | V35: 166 | W35: 42.41 | X35: 10.6 | Y35: 176 | Z35: 44.35 | AH35: =(U35-X35)/100 -> 0.033 | AI35: =O35-T35 -> 2913 | AJ35: =AI35/O35 -> 0.071973909 | AK35: 521 | AL35: 491 | AM35: Dryied | AN35: Scaled | AO35: BIN | AP35: 46300 | AQ35: 10.6 | AR35: 9 | AS35: Need re drying -Calibrator rejected to accept the caro due to high moisture | AT35: PROCESSING
A36: 34 | B36: 46146 | C36: ANAGROCI-01 | D36: BIN-013 | E36: 179 | F36: 66919 | H36: BOUAKE | I36: ANA-01-DRY | J36: ANA-01-DRY | K36: 42480 | L36: 0 | M36: =K36-L36 -> 42480 | N36: 577 | O36: =M36-N36 -> 41903 | P36: 42599 | Q36: 1633 | R36: =P36-Q36 -> 40966 | S36: 547 | T36: =R36-S36 -> 40419 | U36: 10.5 | V36: 184 | W36: 42.41 | X36: 8.5 | Y36: 188 | Z36: 43.03 | AA36: 2 | AB36: 22 | AC36: 234 | AD36: 12 | AE36: 10 | AF36: 681 | AG36: 34 | AH36: =(U36-X36)/100 -> 0.02 | AI36: =O36-T36 -> 1484 | AJ36: =AI36/O36 -> 0.035415125 | AK36: 599 | AL36: 547 | AM36: Dryied | AN36: Scaled | AO36: Empilage in Production Area | AS36: Issued to Production | AT36: PROCESSED
A37: 35 | B37: 46147 | C37: ANAGROCI-01 | D37: BIN-001 | E37: 222 | F37: 36093 | G37: OK | H37: Supplier | I37: ANA-02-DRY | J37: ANA-02-DRY | K37: 50440 | L37: 0 | M37: =K37-L37 -> 50440 | N37: 579 | O37: =M37-N37 -> 49861 | P37: 49632 | Q37: 1950 | R37: =P37-Q37 -> 47682 | S37: 611 | T37: =R37-S37 -> 47071 | U37: 14.7 | V37: 173 | W37: 43.65 | X37: 9.6 | Y37: 167 | Z37: 44.44 | AH37: =(U37-X37)/100 -> 0.051 | AI37: =O37-T37 -> 2790 | AJ37: =AI37/O37 -> 0.055955556 | AK37: 597 | AL37: 611 | AM37: Dryied | AN37: Scaled | AO37: BIN | AT37: PROCESSING
A38: 36 | B38: 46154 | C38: ANAGROCI-01 | D38: BIN-03B | E38: BIN-03B | F38: 82484 | G38: OK | H38: BIN-03B | I38: ANA-01-DRY | J38: ANA-01-DRY | K38: 48780 | L38: 1460 | M38: =K38-L38 -> 47320 | N38: 597 | O38: =M38-N38 -> 46723 | P38: 47936 | Q38: 1800 | R38: =P38-Q38 -> 46136 | S38: 605 | T38: =R38-S38 -> 45531 | U38: 11 | X38: 9 | Y38: 168 | Z38: 42.76 | AH38: =(U38-X38)/100 -> 0.02 | AI38: =O38-T38 -> 1192 | AJ38: =AI38/O38 -> 0.02551206 | AK38: 597 | AL38: 605 | AM38: Dryied | AN38: Scaled | AO38: Issued to Production | AS38: Issued to Production | AT38: PROCESSED
A39: 37 | B39: 46155 | C39: ANAGROCI-01 | D39: BIN-03B | E39: BIN-03B | F39: 64970 | G39: OK | H39: BIN-03B | I39: ANA-01-DRY | J39: ANA-01-DRY | K39: 46287 | L39: 1391 | M39: =K39-L39 -> 44896 | N39: 572 | O39: =M39-N39 -> 44324 | P39: 45644 | Q39: 1771 | R39: =P39-Q39 -> 43873 | S39: 575 | T39: =R39-S39 -> 43298 | U39: 11 | X39: 9 | Y39: 168 | Z39: 42.76 | AH39: =(U39-X39)/100 -> 0.02 | AI39: =O39-T39 -> 1026 | AJ39: =AI39/O39 -> 0.02314773 | AK39: 572 | AL39: 575 | AM39: Dryied | AN39: Scaled | AO39: Issued to Production | AS39: Issued to Production | AT39: PROCESSED
A40: 38 | B40: 46157 | C40: ANAGROCI-01 | D40: BIN-03B | E40: BIN-03B | F40: 77650 | G40: OK | H40: BIN-03B | I40: ANA-01-DRY | J40: ANA-01-DRY | K40: 51884 | L40: 1584 | M40: =K40-L40 -> 50300 | N40: 660 | O40: =M40-N40 -> 49640 | P40: 50879 | Q40: 1971 | R40: =P40-Q40 -> 48908 | S40: 638 | T40: =R40-S40 -> 48270 | U40: 12 | X40: 8.5 | Y40: 172 | Z40: 42.15 | AH40: =(U40-X40)/100 -> 0.035 | AI40: =O40-T40 -> 1370 | AJ40: =AI40/O40 -> 0.027598711 | AK40: 660 | AL40: 638 | AM40: Dryied | AN40: Scaled | AO40: Issued to Production | AS40: Issued to Production | AT40: PROCESSED
A41: 39 | B41: 46160 | C41: ANAGROCI-01 | D41: BIN-013 | E41: 243 | F41: 31510 | H41: Supplier | I41: ANA-01-DRY | J41: ANA-01-DRY | K41: 43350 | L41: 0 | M41: =K41-L41 -> 43350 | N41: 518 | O41: =M41-N41 -> 42832 | P41: 44309 | Q41: 1728 | R41: =P41-Q41 -> 42581 | S41: 566 | T41: =R41-S41 -> 42015 | U41: 9.8 | V41: 168 | W41: 43.12 | X41: 8.5 | Y41: 173 | Z41: 43.47 | AH41: =(U41-X41)/100 -> 0.013 | AI41: =O41-T41 -> 817 | AJ41: =AI41/O41 -> 0.019074524 | AK41: 544 | AL41: 566 | AM41: Dryied | AN41: Scaled | AO41: Issued to Production | AS41: Issued to Production | AT41: PROCESSED
A42: 40 | B42: 46161 | C42: ANAGROCI-01 | D42: BIN-03B | E42: BIN-03B | F42: 82488/82155 | G42: OK | H42: BIN-03B | I42: ANA-01-DRY | J42: ANA-01-DRY | K42: 105079 | L42: 3330 | M42: =K42-L42 -> 101749 | N42: 1322 | O42: =M42-N42 -> 100427 | P42: 103479.6 | Q42: 3985.2 | R42: =P42-Q42 -> 99494.4 | S42: 1323 | T42: =R42-S42 -> 98171.4 | U42: 11.1 | X42: 8.5 | Y42: 172 | Z42: 42.06 | AH42: =(U42-X42)/100 -> 0.026 | AI42: =O42-T42 -> 2255.6 | AJ42: =AI42/O42 -> 0.022460095 | AK42: 1322 | AL42: 1323 | AM42: Dryied | AN42: Scaled | AO42: Issued to Production | AS42: Issued to Production | AT42: PROCESSED
A43: 41 | B43: 46163 | C43: ANAGROCI-01 | D43: BIN-004 | E43: 244 | F43: 31512 | G43: OK | H43: Supplier | I43: ANA-04-DRY | J43: ANA-04-DRY | K43: 39750 | L43: 0 | M43: =K43-L43 -> 39750 | N43: 526 | O43: =M43-N43 -> 39224 | P43: 40479 | Q43: 1568 | R43: =P43-Q43 -> 38911 | S43: 506 | T43: =R43-S43 -> 38405 | U43: 10.5 | V43: 179 | W43: 42.24 | X43: 8.7 | Y43: 185 | Z43: 42.24 | AH43: =(U43-X43)/100 -> 0.018 | AI43: =O43-T43 -> 819 | AJ43: =AI43/O43 -> 0.020880073 | AK43: 560 | AL43: 506 | AM43: Dryied | AN43: Scaled | AO43: BIN
A44: 42 | B44: 46163 | C44: ANAGROCI-01 | D44: BIN-004 | E44: 245 | F44: 31511 | G44: OK | H44: Supplier | I44: ANA-04-DRY | J44: ANA-04-DRY | K44: 37920 | L44: 0 | M44: =K44-L44 -> 37920 | N44: 417 | O44: =M44-N44 -> 37503 | P44: 38661 | Q44: 1440 | R44: =P44-Q44 -> 37221 | S44: 504 | T44: =R44-S44 -> 36717 | U44: 11 | V44: 166 | W44: 41.53 | X44: 8.4 | Y44: 170 | Z44: 42.41 | AH44: =(U44-X44)/100 -> 0.026 | AI44: =O44-T44 -> 786 | AJ44: =AI44/O44 -> 0.020958323 | AK44: 471 | AL44: 504 | AM44: Dryied | AN44: Scaled | AO44: BIN
A45: 43 | B45: 46164 | C45: ANAGROCI-01 | D45: BIN-004 | E45: 246 | F45: 35056 | G45: OK | H45: Supplier | I45: ANA-04-DRY | J45: ANA-04-DRY | K45: 45840 | L45: 0 | M45: =K45-L45 -> 45840 | N45: 476 | O45: =M45-N45 -> 45364 | P45: 46869 | Q45: 1805 | R45: =P45-Q45 -> 45064 | S45: 584 | T45: =R45-S45 -> 44480 | U45: 10.8 | V45: 180 | W45: 42.15 | X45: 8.7 | Y45: 187 | Z45: 42.41 | AH45: =(U45-X45)/100 -> 0.021 | AI45: =O45-T45 -> 884 | AJ45: =AI45/O45 -> 0.019486818 | AK45: 521 | AL45: 584 | AM45: Dryied | AN45: Scaled | AO45: BIN
A46: 44 | B46: 46164 | C46: ANAGROCI-01 | D46: BIN-03B | E46: BIN-03B | F46: 51237 | G46: OK | H46: BIN-03B | I46: ANA-01-DRY | J46: ANA-01-DRY | K46: 46553 | L46: 5930 | M46: =K46-L46 -> 40623 | N46: 540 | O46: =M46-N46 -> 40083 | P46: 41509 | Q46: 1590 | R46: =P46-Q46 -> 39919 | S46: 535 | T46: =R46-S46 -> 39384 | U46: 10.8 | V46: 178 | W46: 42.24 | X46: 8.8 | Y46: 172 | Z46: 42.76 | AA46: 0 | AB46: 40 | AC46: 230 | AD46: 11 | AE46: 14 | AF46: 687 | AG46: 13 | AH46: =(U46-X46)/100 -> 0.02 | AI46: =O46-T46 -> 699 | AJ46: =AI46/O46 -> 0.017438814 | AK46: 540 | AL46: 535 | AM46: Dryied | AN46: Scaled | AO46: Issued to Production | AS46: Issued to Production | AT46: PROCESSED
A47: 45 | B47: 46167 | C47: ANAGROCI-01 | D47: BIN-03B | E47: BIN-03B | F47: 82120 | G47: OK | H47: BIN-03B | I47: ANA-01-DRY | J47: ANA-01-DRY | K47: 78459 | L47: 2490 | M47: =K47-L47 -> 75969 | N47: 1001 | O47: =M47-N47 -> 74968 | P47: 77183 | Q47: 2902 | R47: =P47-Q47 -> 74281 | S47: 998 | T47: =R47-S47 -> 73283 | U47: 10.5 | V47: 174 | W47: 42.24 | X47: 8.8 | Y47: 171 | Z47: 42.59 | AA47: 3 | AB47: 30 | AC47: 227 | AD47: 19 | AE47: 10 | AF47: 670 | AG47: 36 | AH47: =(U47-X47)/100 -> 0.017 | AI47: =O47-T47 -> 1685 | AJ47: =AI47/O47 -> 0.022476257 | AK47: 1001 | AL47: 998 | AM47: Dryied | AN47: Scaled | AO47: Issued To Production | AS47: Issued to Production | AT47: PROCESSED
A48: 46 | B48: 46168 | C48: ANAGROCI-01 | D48: BIN-03B | E48: BIN-03B | F48: 82869 | G48: OK | H48: BIN-03B | I48: ANA-01-DRY | J48: ANA-01-DRY | K48: 32489 | L48: 1016 | M48: =K48-L48 -> 31473 | N48: 414 | O48: =M48-N48 -> 31059 | P48: 32297 | Q48: 1394 | R48: =P48-Q48 -> 30903 | S48: 414 | T48: =R48-S48 -> 30489 | U48: 10.1 | V48: 174 | W48: 42.15 | X48: 8.7 | Y48: 175 | Z48: 42.5 | AA48: 0 | AB48: 36 | AC48: 223 | AD48: 17 | AE48: 19 | AF48: 659 | AG48: 41 | AH48: =(U48-X48)/100 -> 0.014 | AI48: =O48-T48 -> 570 | AJ48: =AI48/O48 -> 0.018352168 | AK48: 414 | AL48: 414 | AM48: Dryied | AN48: Scaled | AO48: Issued To Production | AS48: Issued to Production | AT48: PROCESSED
A49: 47 | B49: 46169 | C49: ANAGROCI-01 | D49: BIN-03B | E49: BIN-03B | F49: 82153 | G49: OK | H49: BIN-03B | I49: ANA-01-DRY | J49: ANA-01-DRY | K49: 50394 | L49: 1523.9 | M49: =K49-L49 -> 48870.1 | N49: 638 | O49: =M49-N49 -> 48232.1 | P49: 49948 | Q49: 1966 | R49: =P49-Q49 -> 47982 | S49: 645 | T49: =R49-S49 -> 47337 | U49: 10.5 | V49: 177 | W49: 42.24 | X49: 8.8 | Y49: 174 | Z49: 42.41 | AA49: 0 | AB49: 37 | AC49: 226 | AD49: 14 | AE49: 15 | AF49: 671 | AG49: 32 | AH49: =(U49-X49)/100 -> 0.017 | AI49: =O49-T49 -> 895.1 | AJ49: =AI49/O49 -> 0.01855818 | AK49: 638 | AL49: 645 | AM49: Dryied | AN49: Scaled | AO49: Issued To Production | AS49: Issued to Production | AT49: PROCESSED
A50: 48 | B50: 46170 | C50: ANAGROCI-01 | D50: BIN-013 | E50: 247 | F50: 87036 | G50: OK | H50: Supplier | I50: ANA-03B-DRY | J50: ANA-03B-DRY | K50: 55860 | L50: 0 | M50: =K50-L50 -> 55860 | N50: 690 | O50: =M50-N50 -> 55170 | P50: 56876 | Q50: 2215 | R50: =P50-Q50 -> 54661 | S50: 751 | T50: =R50-S50 -> 53910 | U50: 10.4 | V50: 175 | W50: 41.88 | X50: 8.9 | Y50: 183 | Z50: 41.09 | AA50: 0 | AB50: 49 | AC50: 220 | AD50: 12 | AE50: 14 | AF50: 682 | AG50: 17 | AH50: =(U50-X50)/100 -> 0.015 | AI50: =O50-T50 -> 1260 | AJ50: =AI50/O50 -> 0.022838499 | AK50: 734 | AL50: 751 | AM50: Dried | AN50: Scaled | AO50: BIN IN CALIBRATION AREA | AS50: BIN IN CALIBRATION AREA | AT50: Issued to calibration dated 02/06/2026. Returned by Calibration 03/06/2026.
A51: 49 | B51: 46171 | C51: ANAGROCI-01 | D51: BIN-03B | E51: BIN-03B | F51: BIN-03B | G51: OK | H51: BIN-03B | I51: ANA-03B-DRY | J51: ANA-03B-DRY | K51: 69877 | L51: 2206 | M51: =K51-L51 -> 67671 | N51: 893 | O51: =M51-N51 -> 66778 | P51: 68376 | Q51: 2668 | R51: =P51-Q51 -> 65708 | S51: 912 | T51: =R51-S51 -> 64796 | U51: 10.2 | V51: 174 | W51: 42.65 | X51: 8.6 | Y51: 170 | Z51: 43.03 | AA51: 2 | AB51: 28 | AC51: 230 | AD51: 18 | AE51: 10 | AF51: 678 | AG51: 26 | AH51: =(U51-X51)/100 -> 0.016 | AI51: =O51-T51 -> 1982 | AJ51: =AI51/O51 -> 0.029680434 | AK51: 893 | AL51: 912 | AM51: Dried | AN51: Scaled | AO51: BIN IN CALIBRATION AREA
A52: 50 | B52: 46172 | C52: ANAGROCI-01 | D52: BIN-03B | E52: BIN-03B | F52: BIN-03B | G52: OK | H52: BIN-03B | I52: ANA-01-DRY | J52: ANA-01-DRY | K52: 69809 | L52: 2206 | M52: =K52-L52 -> 67603 | N52: 898 | O52: =M52-N52 -> 66705 | P52: 69008 | Q52: 2666 | R52: =P52-Q52 -> 66342 | S52: 890 | T52: =R52-S52 -> 65452 | U52: 10.7 | V52: 175 | W52: 42.06 | X52: 8.3 | Y52: 177 | Z52: 41.53 | AA52: 2 | AB52: 40 | AC52: 217 | AD52: 17 | AE52: 20 | AF52: 665 | AG52: 35 | AH52: =(U52-X52)/100 -> 0.024 | AI52: =O52-T52 -> 1253 | AJ52: =AI52/O52 -> 0.018784199 | AK52: 898 | AL52: 890 | AM52: Dried | AN52: Scaled | AO52: Issued To Production | AS52: Issued to Production | AT52: PROCESSED
A53: 51 | B53: 46174 | C53: ANAGROCI-01 | D53: BIN-03B | E53: BIN-03B | F53: BIN-03B | G53: OK | H53: BIN-03B | I53: ANA-03B-DRY | J53: ANA-03B-DRY | K53: 52187 | L53: 1671 | M53: =K53-L53 -> 50516 | N53: 660 | O53: =M53-N53 -> 49856 | P53: 50641.7 | Q53: 1969 | R53: =P53-Q53 -> 48672.7 | S53: 740 | T53: =R53-S53 -> 47932.7 | U53: 11.2 | V53: 170 | W53: 41.27 | X53: 8.7 | Y53: 170 | Z53: 41.27 | AA53: 0 | AB53: 48 | AC53: 222 | AD53: 10 | AE53: 14 | AF53: 678 | AG53: 23 | AH53: =(U53-X53)/100 -> 0.025 | AI53: =O53-T53 -> 1923.3 | AJ53: =AI53/O53 -> 0.038577102 | AK53: 660 | AL53: 740 | AM53: Dried | AN53: Scaled | AO53: BIN IN CALIBRATION AREA | AS53: BIN IN CALIBRATION AREA
A54: 52 | B54: 46175 | C54: ANAGROCI-01 | D54: BIN-015 | E54: BIN-015 | F54: 87130 | G54: Direct offload for dry | H54: Supplier | I54: ANA-03B-DRY | J54: ANA-03B-DRY | K54: 56200 | L54: 0 | M54: =K54-L54 -> 56200 | N54: 724 | O54: =M54-N54 -> 55476 | P54: 57460 | Q54: 2240 | R54: =P54-Q54 -> 55220 | S54: 772 | T54: =R54-S54 -> 54448 | U54: 10.4 | V54: 164 | W54: 41.88 | X54: 8.9 | Y54: 174 | Z54: 41.97 | AA54: 0 | AB54: 39 | AC54: 219 | AD54: 21 | AE54: 17 | AF54: 688 | AG54: 15 | AH54: =(U54-X54)/100 -> 0.015 | AI54: =O54-T54 -> 1028 | AJ54: =AI54/O54 -> 0.018530536 | AK54: 740 | AL54: 772 | AM54: Dried | AN54: Scaled | AO54: BIN IN CALIBRATION AREA | AS54: BIN IN CALIBRATION AREA
A55: 53 | B55: 46176 | C55: ANAGROCI-01 | D55: BIN-03B | E55: BIN-03B | F55: BIN-03B | G55: OK | H55: BIN-03B | I55: ANA-03B-DRY | J55: ANA-03B-DRY | K55: =57551 -> 57551 | L55: =530+671+600 -> 1801 | M55: =K55-L55 -> 55750 | N55: 750 | O55: =M55-N55 -> 55000 | P55: 57075 | Q55: 2285 | R55: =P55-Q55 -> 54790 | S55: 749 | T55: =R55-S55 -> 54041 | U55: 10.2 | V55: 175 | W55: 40.65 | X55: 8.8 | Y55: 180 | Z55: 40.82 | AA55: 0 | AB55: 42 | AC55: 214 | AD55: 19 | AE55: 16 | AF55: 686 | AG55: 18 | AH55: =(U55-X55)/100 -> 0.014 | AI55: =O55-T55 -> 959 | AJ55: =AI55/O55 -> 0.017436364 | AK55: 750 | AL55: 749 | AM55: Dried | AN55: Scaled | AO55: BIN IN CALIBRATION AREA
A56: 54 | B56: 46178 | C56: ANAGROCI-01 | D56: BIN-005 | E56: BIN-005 | F56: BIN-005 | H56: BIN-005 | I56: ANA-05A-DRY | J56: ANA-05A-DRY | K56: 61767 | L56: 2475 | M56: =K56-L56 -> 59292 | N56: 780 | O56: =M56-N56 -> 58512 | P56: 60785.2 | Q56: 2349.2 | R56: =P56-Q56 -> 58436 | S56: 785 | T56: =R56-S56 -> 57651 | U56: 9.8 | V56: 180 | W56: 42.24 | X56: 8.5 | Y56: 187 | Z56: 42.76 | AA56: 2 | AB56: 36 | AC56: 226 | AD56: 14 | AE56: 19 | AF56: 677 | AG56: 20 | AH56: =(U56-X56)/100 -> 0.013 | AI56: =O56-T56 -> 861 | AJ56: =AI56/O56 -> 0.01471493 | AK56: =750+30 -> 780 | AL56: 785 | AM56: Dried | AN56: Scaled | AO56: BIN IN CALIBRATION AREA
A57: 55 | B57: 46179 | C57: ANAGROCI-01 | D57: BIN-005 | E57: BIN-005 | F57: BIN-005 | H57: BIN-005 | I57: ANA-05A-DRY | J57: ANA-05A-DRY | K57: 51163 | L57: 1651 | M57: =K57-L57 -> 49512 | N57: 660 | O57: =M57-N57 -> 48852 | P57: 50909.8 | Q57: 2032.6 | R57: =P57-Q57 -> 48877.2 | S57: 656 | T57: =R57-S57 -> 48221.2 | U57: 9.8 | V57: 181 | W57: 43.47 | X57: 7.9 | Y57: 177 | Z57: 43.73 | AA57: 0 | AB57: 34 | AC57: 233 | AD57: 13 | AE57: 17 | AF57: 689 | AG57: 9 | AH57: =(U57-X57)/100 -> 0.019 | AI57: =O57-T57 -> 630.8 | AJ57: =AI57/O57 -> 0.01291247 | AK57: 660 | AL57: 656 | AM57: Dried | AN57: Scaled | AO57: BIN IN CALIBRATION AREA
A58: 56 | B58: 46181 | C58: ANAGROCI-01 | D58: BIN-005 | E58: BIN-005 | F58: BIN-005 | H58: BIN-005 | I58: ANA-05A-DRY | J58: ANA-05A-DRY | K58: 56895 | L58: 1876 | M58: =K58-L58 -> 55019 | N58: 750 | O58: =M58-N58 -> 54269 | P58: 54217 | Q58: 0 | R58: =P58-Q58 -> 54217 | S58: 641 | T58: =R58-S58 -> 53576 | U58: 8.9 | V58: 186 | W58: 42.32 | X58: 8.2 | Y58: 184 | Z58: 42.59 | AA58: 2 | AB58: 30 | AC58: 227 | AD58: 16 | AE58: 13 | AF58: 675 | AG58: 32 | AH58: =(U58-X58)/100 -> 0.007 | AI58: =O58-T58 -> 693 | AJ58: =AI58/O58 -> 0.012769721 | AK58: 750 | AL58: 641 | AM58: Dried | AN58: Scaled | AO58: ISSUE TO CALIBRATION | AT58: Issued 43436.5 Kg/ 10779kg Staked (10/06/2026)
A59: 57 | B59: 46182 | C59: ANAGROCI-01 | D59: BIN-005 | E59: BIN-005 | F59: BIN-005 | H59: BIN-005 | I59: ANA-05A-DRY | J59: ANA-05A-DRY | K59: 67330.3 | L59: 2267 | M59: =K59-L59 -> 65063.3 | N59: 930 | O59: =M59-N59 -> 64133.3 | P59: 66705 | Q59: 2568 | R59: =P59-Q59 -> 64137 | S59: 943 | T59: =R59-S59 -> 63194 | U59: 8.5 | V59: 188 | W59: 42.68 | X59: 7.8 | Y59: 182 | Z59: 43.65 | AA59: 2 | AB59: 36 | AC59: 237 | AD59: 9 | AE59: 12 | AF59: 686 | AG59: 13 | AH59: 0.019 | AI59: =O59-T59 -> 939.3 | AJ59: =AI59/O59 -> 0.014646058 | AK59: 930 | AL59: 395 | AM59: Dried | AN59: Scaled | AO59: ISSUE TO CALIBRATION
A60: 58 | B60: 46183 | C60: ANAGROCI-01 | D60: BIN-005 | E60: BIN-005 | F60: BIN-005 | H60: BIN-005 | I60: ANA-05A-DRY | J60: ANA-05A-DRY | K60: 28436.4 | L60: 935 | M60: =K60-L60 -> 27501.4 | N60: 390 | O60: =M60-N60 -> 27111.4 | P60: 27973 | Q60: 1077 | R60: =P60-Q60 -> 26896 | S60: 395 | T60: =R60-S60 -> 26501 | U60: 8.5 | V60: 188 | W60: 42.68 | X60: 7.8 | Y60: 182 | Z60: 43.65 | AA60: 2 | AB60: 36 | AC60: 237 | AD60: 9 | AE60: 12 | AF60: 686 | AG60: 13 | AH60: 0.019 | AI60: =O60-T60 -> 610.4 | AJ60: =AI60/O60 -> 0.022514514 | AK60: 390 | AL60: 943 | AM60: Dried | AN60: Scaled
A61: 59 | B61: 46184 | C61: ANAGROCI-01 | D61: BIN-005 | E61: BIN-005 | F61: BIN-005 | H61: BIN-005 | I61: ANA-05A-DRY | J61: ANA-05A-DRY | K61: =34656.8+32919.7 -> 67576.5 | L61: =1019+1028 -> 2047 | M61: =K61-L61 -> 65529.5 | N61: 870 | O61: =M61-N61 -> 64659.5 | P61: 68016 | Q61: 2648 | R61: =P61-Q61 -> 65368 | S61: 884 | T61: =R61-S61 -> 64484 | U61: 9.8 | V61: 187 | W61: 43.56 | X61: 7.9 | Y61: 190 | Z61: 43.21 | AA61: 2 | AB61: 34 | AC61: 230 | AD61: 15 | AE61: 15 | AF61: 660 | AG61: 34 | AH61: =(U61-X61)/100 -> 0.019 | AI61: =O61-T61 -> 175.5 | AJ61: =AI61/O61 -> 0.0027142183 | AK61: 870 | AL61: 884 | AM61: Dried | AN61: Scaled | AO61: Issued to Production
A62: 60 | B62: 46185 | C62: ANAGROCI-01 | D62: BIN-005 | E62: BIN-005 | F62: BIN-005 | H62: BIN-005 | I62: ANA-05A-DRY | J62: ANA-05A-DRY | K62: 74750 | L62: 2353 | M62: =K62-L62 -> 72397 | N62: 990 | O62: =M62-N62 -> 71407 | P62: 73569 | Q62: 2853 | R62: =P62-Q62 -> 70716 | S62: 966 | T62: =R62-S62 -> 69750 | U62: 9.6 | V62: 173 | W62: 43.47 | X62: 7.3 | Y62: 179 | Z62: 44 | AA62: 0 | AB62: 30 | AC62: 235 | AD62: 15 | AE62: 14 | AF62: 658 | AG62: 38 | AH62: =(U62-X62)/100 -> 0.023 | AI62: =O62-T62 -> 1657 | AJ62: =AI62/O62 -> 0.023205008 | AK62: 990 | AL62: 966 | AM62: Dried | AN62: scaled
A63: 61 | B63: 46186 | C63: ANAGROCI-01 | D63: BIN-005 | E63: BIN-005 | F63: BIN-005 | H63: BIN-005 | I63: ANA-05A-DRY | J63: ANA-05A-DRY | K63: =101655 -> 101655 | L63: =3208 -> 3208 | M63: =K63-L63 -> 98447 | N63: 1322 | O63: =M63-N63 -> 97125 | P63: 101548 | Q63: 3740 | R63: =P63-Q63 -> 97808 | S63: 1325 | T63: =R63-S63 -> 96483 | U63: 9 | V63: 175 | W63: 43.21 | X63: 8.1 | Y63: 182 | Z63: 44.35 | AA63: 3 | AB63: 20 | AC63: 238 | AD63: 17 | AE63: 10 | AF63: 673 | AG63: 24 | AH63: =(U63-X63)/100 -> 0.009 | AI63: =O63-T63 -> 642 | AJ63: =AI63/O63 -> 0.0066100386 | AK63: 1322 | AL63: 1325 | AM63: Dried | AN63: Scaled
A64: 62 | B64: 46187 | C64: ANAGROCI-01 | D64: BIN-016 | E64: BIN-016 | F64: 30581 | G64: Direct offload for dry | H64: BIN-016 | I64: ANA-016-DRY | J64: ANA-016-DRY | K64: 37730 | L64: 0 | M64: =K64-L64 -> 37730 | N64: 513 | O64: =M64-N64 -> 37217 | P64: 38195 | Q64: 1323 | R64: =P64-Q64 -> 36872 | S64: 531 | T64: =R64-S64 -> 36341 | U64: 10 | V64: 183 | W64: 39.85 | X64: 9 | Y64: 185 | Z64: 39.85 | AA64: 0 | AB64: 46 | AC64: 210 | AD64: 15 | AE64: 17 | AF64: 675 | AG64: 29 | AH64: =(U64-X64)/100 -> 0.01 | AI64: =O64-T64 -> 876 | AJ64: =AI64/O64 -> 0.023537631 | AK64: 531 | AL64: 531 | AM64: Dried | AN64: Scaled
A65: 63 | B65: 46188 | C65: ANAGROCI-01 | D65: BIN-005 | E65: BIN-005 | F65: BIN-005 | H65: BIN-005 | I65: ANA-05A-DRY | J65: ANA-05A-DRY | K65: =59725.8+46751.6 -> 106477.4 | L65: =1425+1809 -> 3234 | M65: =K65-L65 -> 103243.4 | N65: 1353 | O65: =M65-N65 -> 101890.4 | P65: 105951 | Q65: 4281 | R65: =P65-Q65 -> 101670 | S65: 1428 | T65: =R65-S65 -> 100242 | U65: 9.5 | V65: 180 | W65: 43.47 | X65: 7.8 | Y65: 177 | Z65: 43.29 | AA65: 4 | AB65: 31 | AC65: 231 | AD65: 16 | AE65: 13 | AF65: 688 | AG65: 12 | AH65: =(U65-X65)/100 -> 0.017 | AI65: =O65-T65 -> 1648.4 | AJ65: =AI65/O65 -> 0.016178168 | AK65: 1353 | AL65: 1428 | AM65: Dried | AN65: Scaled
A66: 65 | B66: 46192 | C66: ANAGROCI-01 | D66: BIN-007 | E66: BIN-007 | F66: BIN-007 | H66: BIN-007 | I66: ANA-07A-DRY | J66: ANA-07A-DRY | K66: 25319.2 | L66: 698 | M66: =K66-L66 -> 24621.2 | N66: 300 | O66: =M66-N66 -> 24321.2 | P66: 24929.2 | Q66: 988.4 | R66: =P66-Q66 -> 23940.8 | S66: 331 | T66: =R66-S66 -> 23609.8 | U66: 10.7 | V66: 175 | W66: 39.68 | X66: 9.4 | Y66: 176 | Z66: 40.56 | AA66: 2 | AB66: 41 | AC66: 216 | AD66: 16 | AE66: 12 | AF66: 674 | AG66: 33 | AH66: =(U66-X66)/100 -> 0.013 | AI66: =O66-T66 -> 711.4 | AJ66: =AI66/O66 -> 0.029250201 | AK66: 300 | AL66: 331 | AM66: Dried | AN66: scaled
A67: 66 | B67: 46193 | C67: ANAGROCI-01 | D67: BIN-007 | E67: BIN-007 | F67: BIN-007 | H67: BIN-007 | I67: ANA-07A-DRY | J67: ANA-07A-DRY | K67: 24780 | L67: 737.8 | M67: =K67-L67 -> 24042.2 | N67: 300 | O67: =M67-N67 -> 23742.2 | P67: 24704.4 | Q67: 1002.6 | R67: =P67-Q67 -> 23701.8 | S67: 308 | T67: =R67-S67 -> 23393.8 | U67: 10.7 | V67: 175 | W67: 39.68 | X67: 9.4 | Y67: 176 | Z67: 40.56 | AA67: 2 | AB67: 41 | AC67: 216 | AD67: 16 | AE67: 12 | AF67: 674 | AG67: 33 | AH67: =(U67-X67)/100 -> 0.013 | AI67: =O67-T67 -> 348.4 | AJ67: =AI67/O67 -> 0.014674293 | AK67: 300 | AL67: 308 | AM67: Dried | AN67: scaled
A68: 67 | B68: 46197 | C68: ANAGROCI-01 | D68: BIN-007 | E68: BIN-007 | F68: BIN-007 | H68: BIN-007 | I68: ANA-07A-DRY | J68: ANA-07A-DRY | K68: 35380.4 | L68: 1537.2 | M68: =K68-L68 -> 33843.2 | N68: 471 | O68: =M68-N68 -> 33372.2 | P68: 34799.6 | Q68: 1442.4 | R68: =P68-Q68 -> 33357.2 | S68: 449 | T68: =R68-S68 -> 32908.2 | U68: 10 | V68: 176 | W68: 43.38 | X68: 8.4 | Y68: 177 | Z68: 43.12 | AA68: 0 | AB68: 27 | AC68: 226 | AD68: 15 | AE68: 22 | AF68: 685 | AG68: 17 | AH68: =(U68-X68)/100 -> 0.016 | AI68: =O68-T68 -> 464 | AJ68: =AI68/O68 -> 0.013903788 | AK68: =471 -> 471 | AL68: 449 | AM68: Dried | AN68: scaled | AT68: Rain water touched Qty issued -68.086 Mt net/ 23/06/2026.(Not scaled after rain touch)
A69: 68 | B69: 46198 | C69: ANAGROCI-01 | D69: BIN-007 | E69: BIN-007 | F69: BIN-007 | H69: BIN-007 | I69: ANA-07A-DRY | J69: ANA-07A-DRY | K69: =35909.2+34291.6 -> 70200.8 | L69: =1048.6+1405 -> 2453.6 | M69: =K69-L69 -> 67747.2 | N69: 897 | O69: =M69-N69 -> 66850.2 | P69: =35265.7+33629 -> 68894.7 | Q69: =1238.4+1505 -> 2743.4 | R69: =P69-Q69 -> 66151.3 | S69: 898 | T69: =R69-S69 -> 65253.3 | U69: 11.2 | V69: 173 | W69: 41.97 | X69: 9.4 | Y69: 176 | Z69: 42.32 | AA69: 2 | AB69: 35 | AC69: 226 | AD69: 16 | AE69: 12 | AF69: 686 | AG69: 27 | AH69: =(U69-X69)/100 -> 0.018 | AI69: =O69-T69 -> 1596.9 | AJ69: =AI69/O69 -> 0.023887737 | AK69: 897 | AL69: 872 | AM69: Dried | AN69: scaled
A70: 69 | B70: 46199 | C70: ANAGROCI-01 | D70: BIN-007 | E70: BIN-007 | F70: BIN-007 | H70: BIN-007 | I70: ANA-07A-DRY | J70: ANA-07A-DRY | K70: 35604 | L70: 1090.6 | M70: =K70-L70 -> 34513.4 | N70: 450 | O70: =M70-N70 -> 34063.4 | P70: =35340 -> 35340 | Q70: =693.6+562.8 -> 1256.4 | R70: =P70-Q70 -> 34083.6 | S70: 459 | T70: =R70-S70 -> 33624.6 | U70: 10.4 | V70: 179 | W70: 42.94 | X70: 8.1 | Y70: 180 | Z70: 42.95 | AA70: 0 | AB70: 33 | AC70: 230 | AD70: 15 | AE70: 12 | AF70: 676 | AG70: 29 | AH70: =(U70-X70)/100 -> 0.023 | AI70: =O70-T70 -> 438.8 | AJ70: =AI70/O70 -> 0.012881861 | AK70: 450 | AL70: 459 | AM70: Dried | AN70: scaled
A71: 70 | B71: 46200 | C71: ANAGROCI-01 | D71: BIN-007 | E71: BIN-007 | F71: BIN-007 | H71: BIN-007 | I71: ANA-07A-DRY | J71: ANA-07A-DRY | K71: 61590 | L71: =977+862.4 -> 1839.4 | M71: =K71-L71 -> 59750.6 | N71: 750 | O71: =M71-N71 -> 59000.6 | P71: =43704.6+17420.6 -> 61125.2 | Q71: =1298.6+1249.8 -> 2548.4 | R71: =P71-Q71 -> 58576.8 | S71: 787 | T71: =R71-S71 -> 57789.8 | U71: 9.8 | V71: 179 | W71: 42.86 | X71: 8 | Y71: 176 | Z71: 42.85 | AA71: 0 | AB71: 33 | AC71: 226 | AD71: 18 | AE71: 16 | AF71: 679 | AG71: 22 | AH71: =(U71-X71)/100 -> 0.018 | AI71: =O71-T71 -> 1210.8 | AJ71: =AI71/O71 -> 0.020521825 | AK71: 750 | AL71: 787 | AM71: Dried | AN71: scaled
A72: 71 | B72: 46202 | C72: ANAGROCI-01 | D72: BIN-007 | E72: BIN-007 | F72: BIN-007 | H72: BIN-007 | I72: ANA-07A-DRY | J72: ANA-07A-DRY | K72: =61724.2+21537 -> 83261.2 | L72: =284.4+318.2+399.4+220.2+560.4+758.6+72.6 -> 2613.8 | M72: =K72-L72 -> 80647.4 | N72: 1023 | O72: =M72-N72 -> 79624.4 | P72: =50072.6+33091 -> 83163.6 | Q72: 3134.4 | R72: =P72-Q72 -> 80029.2 | S72: 1081 | T72: =R72-S72 -> 78948.2 | U72: 9.9 | V72: 175 | W72: 39.85 | X72: 8.8 | Y72: 180 | Z72: 40.38 | AA72: 0 | AB72: 45 | AC72: 214 | AD72: 15 | AE72: 15 | AF72: 674 | AG72: 28 | AH72: =(U72-X72)/100 -> 0.011 | AI72: =O72-T72 -> 676.2 | AJ72: =AI72/O72 -> 0.0084923717 | AK72: =Table1[[#This Row],[Issued Bags for Drying]] -> 1023 | AL72: =Table1[[#This Row],[Received Bags from Drying]] -> 1081 | AM72: Dried | AN72: Scaled
A73: 72 | B73: 46204 | C73: ANAGROCI-01 | D73: BIN-03B | E73: BIN-03B | F73: BIN-03B | G73: BIN-03B | H73: BIN-03B | I73: ANA-03B-DRY | J73: ANA-03B-DRY | K73: 41652.5 | L73: 1318.5 | M73: =K73-L73 -> 40334 | N73: 540 | O73: =M73-N73 -> 39794 | P73: =39713.6 -> 39713.6 | Q73: =1554.6 -> 1554.6 | R73: =P73-Q73 -> 38159 | S73: 535 | T73: =R73-S73 -> 37624 | U73: 9.6 | V73: 178 | W73: 42.32 | X73: 8.4 | Y73: 174 | Z73: 42.76 | AA73: 0 | AB73: 28 | AC73: 230 | AD73: 12 | AE73: 13 | AF73: 687 | AG73: 20 | AH73: =(U73-X73)/100 -> 0.012 | AI73: =O73-T73 -> 2170 | AJ73: =AI73/O73 -> 0.054530834 | AK73: =Table1[[#This Row],[Issued Bags for Drying]] -> 540 | AL73: =Table1[[#This Row],[Received Bags from Drying]] -> 535 | AM73: Dried | AN73: Scaled
A74: 73 | B74: 46205 | C74: ANAGROCI-01 | D74: BIN-03B | E74: BIN-03B | F74: BIN-03B | G74: BIN-03B | H74: BIN-03B | I74: ANA-03B-DRY | J74: ANA-03B-DRY | K74: =41025.8 -> 41025.8 | L74: 1312 | M74: =Table1[[#This Row],[Issued for Drying GW RCN+BAGS+PALLETS]]-Table1[[#This Row],[Pallets WT]] -> 39713.8 | N74: 511 | O74: =M74-N74 -> 39202.8 | P74: =40715.6 -> 40715.6 | Q74: 1638.8 | R74: =P74-Q74 -> 39076.8 | S74: 548 | T74: =R74-S74 -> 38528.8 | U74: 9.8 | V74: 178 | W74: 42.14 | X74: 8.9 | Y74: 175 | Z74: 42.15 | AA74: 0 | AB74: 40 | AC74: 227 | AD74: 9 | AE74: 15 | AF74: 674 | AG74: 21 | AH74: =(U74-X74)/100 -> 0.009 | AI74: =O74-T74 -> 674 | AJ74: =AI74/O74 -> 0.01719265 | AK74: =Table1[[#This Row],[Issued Bags for Drying]] -> 511 | AL74: =Table1[[#This Row],[Received Bags from Drying]] -> 548 | AM74: Dried | AN74: Scaled
A75: 74 | B75: 46206 | C75: ANAGROCI-01 | D75: BIN-03B | E75: BIN-03B | F75: BIN-03B | G75: BIN-03B | H75: BIN-03B | I75: ANA-03B-DRY | J75: ANA-03B-DRY | K75: =76577.8 -> 76577.8 | L75: =2431.6 -> 2431.6 | M75: =Table1[[#This Row],[Issued for Drying GW RCN+BAGS+PALLETS]]-Table1[[#This Row],[Pallets WT]] -> 74146.2 | N75: =992 -> 992 | O75: =M75-N75 -> 73154.2 | P75: 75172.2 | Q75: 3054.2 | R75: =P75-Q75 -> 72118 | S75: 998 | T75: =R75-S75 -> 71120 | U75: 10.3 | V75: 169 | W75: 42.15 | X75: 8.6 | Y75: 170 | Z75: 43.12 | AA75: 2 | AB75: 30 | AC75: 230 | AD75: 15 | AE75: 14 | AF75: 672 | AG75: 27 | AH75: =(U75-X75)/100 -> 0.017 | AI75: =O75-T75 -> 2034.2 | AJ75: =AI75/O75 -> 0.027807016 | AK75: =Table1[[#This Row],[Issued Bags for Drying]] -> 992 | AL75: =Table1[[#This Row],[Received Bags from Drying]] -> 998 | AM75: Dried | AN75: Scaled
A76: 75 | B76: 46208 | C76: ANAGROCI-01 | D76: BIN-03B | E76: BIN-03B | F76: BIN-03B | G76: BIN-03B | H76: BIN-03B | I76: ANA-03B-DRY | J76: ANA-03B-DRY | K76: =46047.8 -> 46047.8 | L76: 1416.8 | M76: =Table1[[#This Row],[Issued for Drying GW RCN+BAGS+PALLETS]]-Table1[[#This Row],[Pallets WT]] -> 44631 | N76: 600 | O76: =M76-N76 -> 44031 | P76: =45871.2 -> 45871.2 | Q76: 1866 | R76: =P76-Q76 -> 44005.2 | S76: =622 -> 622 | T76: =R76-S76 -> 43383.2 | U76: 10.1 | V76: 173 | W76: 41.98 | X76: 8.7 | Y76: 175 | Z76: 42.85 | AA76: 2 | AB76: 28 | AC76: 228 | AD76: 12 | AE76: 18 | AF76: 688 | AG76: 20 | AH76: =(U76-X76)/100 -> 0.014 | AI76: =O76-T76 -> 647.8 | AJ76: =AI76/O76 -> 0.014712362 | AK76: =Table1[[#This Row],[Issued Bags for Drying]] -> 600 | AL76: =Table1[[#This Row],[Received Bags from Drying]] -> 622 | AM76: Dried | AN76: Scaled
A77: 76 | B77: 46209 | C77: ANAGROCI-01 | D77: BIN-03B | E77: BIN-03B | F77: BIN-03B | G77: BIN-03B | H77: BIN-03B | I77: ANA-03B-DRY | J77: ANA-03B-DRY | K77: =49738.3 -> 49738.3 | L77: =1113.2+433.8 -> 1547 | M77: =Table1[[#This Row],[Issued for Drying GW RCN+BAGS+PALLETS]]-Table1[[#This Row],[Pallets WT]] -> 48191.3 | N77: =631 -> 631 | O77: =M77-N77 -> 47560.3 | P77: =49625 -> 49625 | Q77: 2284 | R77: =P77-Q77 -> 47341 | S77: =520+150 -> 670 | T77: =R77-S77 -> 46671 | U77: 10.3 | V77: 170 | W77: 42.24 | X77: 8.9 | Y77: 172 | Z77: 42.68 | AA77: 0 | AB77: 31 | AC77: 231 | AD77: 8 | AE77: 14 | AF77: 684 | AG77: 19 | AH77: =(U77-X77)/100 -> 0.014 | AI77: =O77-T77 -> 889.3 | AJ77: =AI77/O77 -> 0.018698368 | AK77: =Table1[[#This Row],[Issued Bags for Drying]] -> 631 | AL77: =Table1[[#This Row],[Received Bags from Drying]] -> 670 | AM77: Dried | AN77: Scaled
A78: 77 | B78: 46210 | C78: ANAGROCI-01 | D78: BIN-03B | E78: BIN-03B | F78: BIN-03B | G78: BIN-03B | H78: BIN-03B | I78: ANA-03B-DRY | J78: ANA-03B-DRY | K78: =62409.8 -> 62409.8 | L78: 2276.6 | M78: =Table1[[#This Row],[Issued for Drying GW RCN+BAGS+PALLETS]]-Table1[[#This Row],[Pallets WT]] -> 60133.2 | N78: 906 | O78: =M78-N78 -> 59227.2 | P78: =62293.8 -> 62293.8 | Q78: 2482.4 | R78: =P78-Q78 -> 59811.4 | S78: 841 | T78: =R78-S78 -> 58970.4 | U78: 10.3 | V78: 178 | W78: 43.12 | X78: 8.8 | Y78: 176 | Z78: 43.29 | AA78: 0 | AB78: 32 | AC78: 232 | AD78: 13 | AE78: 14 | AF78: 671 | AG78: 28 | AH78: =(U78-X78)/100 -> 0.015 | AI78: =O78-T78 -> 256.8 | AJ78: =AI78/O78 -> 0.0043358457 | AK78: =Table1[[#This Row],[Issued Bags for Drying]] -> 906 | AL78: =Table1[[#This Row],[Received Bags from Drying]] -> 841 | AM78: Dried | AN78: Scaled
A79: 78 | B79: 46211 | C79: ANAGROCI-01 | D79: BIN-03B | E79: BIN-03B | F79: BIN-03B | G79: BIN-03B | H79: BIN-03B | I79: ANA-03B-DRY | J79: ANA-03B-DRY | K79: =57793.6 -> 57793.6 | L79: =742+1051 -> 1793 | M79: =Table1[[#This Row],[Issued for Drying GW RCN+BAGS+PALLETS]]-Table1[[#This Row],[Pallets WT]] -> 56000.6 | N79: =732 -> 732 | O79: =M79-N79 -> 55268.6 | P79: =57877 -> 57877 | Q79: =2380.8 -> 2380.8 | R79: =P79-Q79 -> 55496.2 | S79: 775 | T79: =R79-S79 -> 54721.2 | U79: 10.4 | V79: 176 | W79: 42.32 | X79: 8.9 | Y79: 174 | Z79: 42.95 | AA79: 0 | AB79: 30 | AC79: 232 | AD79: 11 | AE79: 12 | AF79: 689 | AG79: 17 | AH79: =(U79-X79)/100 -> 0.015 | AI79: =O79-T79 -> 547.4 | AJ79: =AI79/O79 -> 0.009904358 | AK79: =Table1[[#This Row],[Issued Bags for Drying]] -> 732 | AL79: =Table1[[#This Row],[Received Bags from Drying]] -> 775 | AM79: Dried | AN79: Scaled
A80: 79 | B80: 46213 | C80: ANAGROCI-01 | D80: BIN-03B | E80: BIN-03B | F80: BIN-03B | G80: BIN-03B | H80: BIN-03B | I80: ANA-03B-DRY | J80: ANA-03B-DRY | K80: =69724 -> 69724 | L80: 2259.8 | M80: =Table1[[#This Row],[Issued for Drying GW RCN+BAGS+PALLETS]]-Table1[[#This Row],[Pallets WT]] -> 67464.2 | N80: 901 | O80: =M80-N80 -> 66563.2 | P80: 69586 | Q80: 2817.5 | R80: =P80-Q80 -> 66768.5 | S80: 940 | T80: =R80-S80 -> 65828.5 | U80: 10.4 | V80: 167 | W80: 42.15 | X80: 9 | Y80: 170 | Z80: 42.5 | AA80: 3 | AB80: 31 | AC80: 230 | AD80: 10 | AE80: 14 | AF80: 689 | AG80: 18 | AH80: =(U80-X80)/100 -> 0.014 | AI80: =O80-T80 -> 734.7 | AJ80: =AI80/O80 -> 0.01103763 | AK80: =Table1[[#This Row],[Issued Bags for Drying]] -> 901 | AL80: =Table1[[#This Row],[Received Bags from Drying]] -> 940 | AM80: Dried | AN80: Scaled
A81: 80 | B81: 46214 | C81: ANAGROCI-01 | D81: BIN-03B | E81: BIN-03B | F81: BIN-03B | G81: BIN-03B | H81: BIN-03B | I81: ANA-03B-DRY | J81: ANA-03B-DRY | K81: 49397.6 | L81: 1409.4 | M81: =Table1[[#This Row],[Issued for Drying GW RCN+BAGS+PALLETS]]-Table1[[#This Row],[Pallets WT]] -> 47988.2 | N81: 630 | O81: =M81-N81 -> 47358.2 | P81: 49287 | Q81: 2084.2 | R81: =P81-Q81 -> 47202.8 | S81: 665 | T81: =R81-S81 -> 46537.8 | U81: 10 | V81: 174 | W81: 42.32 | X81: 8.4 | Y81: 172 | Z81: 42.68 | AA81: 3 | AB81: 33 | AC81: 231 | AD81: 10 | AE81: 12 | AF81: 685 | AG81: 21 | AH81: =(U81-X81)/100 -> 0.016 | AI81: =O81-T81 -> 820.4 | AJ81: =AI81/O81 -> 0.017323294 | AK81: =Table1[[#This Row],[Issued Bags for Drying]] -> 630 | AL81: =Table1[[#This Row],[Received Bags from Drying]] -> 665 | AM81: Dried | AN81: Scaled
A82: 81 | B82: 46215 | C82: ANAGROCI-01 | D82: BIN-03B | E82: BIN-03B | F82: BIN-03B | G82: BIN-03B | H82: BIN-03B | I82: ANA-03B-DRY | J82: ANA-03B-DRY | K82: 58566.4 | L82: 1724.9 | M82: =Table1[[#This Row],[Issued for Drying GW RCN+BAGS+PALLETS]]-Table1[[#This Row],[Pallets WT]] -> 56841.5 | N82: 750 | O82: =M82-N82 -> 56091.5 | P82: 58905.4 | Q82: 2398.8 | R82: =P82-Q82 -> 56506.6 | S82: 802 | T82: =R82-S82 -> 55704.6 | U82: 10 | V82: 179 | W82: 42.85 | X82: 8.4 | Y82: 182 | Z82: 41.62 | AA82: 0 | AB82: 51 | AC82: 225 | AD82: 12 | AE82: 10 | AF82: 675 | AG82: 21 | AH82: =(U82-X82)/100 -> 0.016 | AI82: =O82-T82 -> 386.9 | AJ82: =AI82/O82 -> 0.0068976583 | AK82: =Table1[[#This Row],[Issued Bags for Drying]] -> 750 | AL82: =Table1[[#This Row],[Received Bags from Drying]] -> 802 | AM82: Dried | AN82: Scaled
A83: 82 | B83: 46216 | C83: ANAGROCI-01 | D83: BIN-03B | E83: BIN-03B | F83: BIN-03B | G83: BIN-03B | H83: BIN-03B | I83: ANA-03B-DRY | J83: ANA-03B-DRY | K83: =72199.3 -> 72199.3 | L83: 2234.8 | M83: =Table1[[#This Row],[Issued for Drying GW RCN+BAGS+PALLETS]]-Table1[[#This Row],[Pallets WT]] -> 69964.5 | N83: 903 | O83: =M83-N83 -> 69061.5 | P83: 72206.8 | Q83: 2759.4 | R83: =P83-Q83 -> 69447.4 | S83: 946 | T83: =R83-S83 -> 68501.4 | U83: 10 | V83: 178 | W83: 43.03 | X83: 8.7 | Y83: 181 | Z83: 42.5 | AA83: 2 | AB83: 42 | AC83: 228 | AD83: 12 | AE83: 14 | AF83: 677 | AG83: 21 | AH83: =(U83-X83)/100 -> 0.013 | AI83: =O83-T83 -> 560.1 | AJ83: =AI83/O83 -> 0.0081101627 | AK83: =Table1[[#This Row],[Issued Bags for Drying]] -> 903 | AL83: =Table1[[#This Row],[Received Bags from Drying]] -> 946 | AM83: Dried | AN83: Scaled

Sheet No Dryied Issued RCN
L1: =SUBTOTAL(9,L3:L12)/1000 -> 1158.1538 | O1: =SUBTOTAL(9,O3:O76)/1000 -> 8759.6946
A2: S.No. | B2: DATE | C2: BIN | D2: Lot No | E2: STATUS | F2: Dry Type | G2: Destintion | H2: Dry Bin No | I2: Issued Wt (Pallet + Jute Bag +Cashew) | J2: Pallet Wt | K2: Issued Gwt -Bag +Cashew | L2: Net Wt-WH | M2: No of Bag Issued | N2: Bag Wt | O2: Nwt Issued
A3: 1 | B3: 17-06-2026 | C3: BIN-05 | D3: BIN-05 | E3: Issued Direct from BIN | F3: BIN-Low Moisture | G3: ANA-05-DRY | H3: ANA-05-DRY | K3: 112235 | L3: =K3-M3 -> 110750 | M3: 1485 | N3: =M3*0.65 -> 965.25 | O3: =K3-N3 -> 111269.75
A4: 2 | B4: 18-06-2026 | C4: BIN-05 | D4: BIN-05 | E4: Issued Direct from BIN | F4: BIN-Low Moisture | G4: ANA-05-DRY | H4: ANA-05-DRY | K4: 155376 | L4: =K4-M4 -> 153337 | M4: 2039 | N4: =M4*0.65 -> 1325.35 | O4: =K4-N4 -> 154050.65
A5: 3 | B5: 23-06-2026 | C5: BIN-02A | D5: BIN-02A | E5: Issued Direct from BIN | F5: BIN-Low Moisture | G5: ANA-02A-DRY | H5: ANA-02A-DRY | K5: 109097.8 | L5: =K5-M5 -> 107657.8 | M5: =1440 -> 1440 | N5: =M5*0.65 -> 936 | O5: =K5-N5 -> 108161.8
A6: 4 | B6: 25-06-2026 | C6: BIN-02A | D6: BIN-02A | E6: Issued Direct from BIN | F6: BIN-Low Moisture | G6: ANA-02A-DRY | H6: ANA-02A-DRY | K6: 99598 | L6: =K6-M6 -> 98277 | M6: 1321 | N6: =M6*0.65 -> 858.65 | O6: =K6-N6 -> 98739.35
A7: 5 | B7: 26-06-2026 | C7: BIN-02A | D7: BIN-02A | E7: Issued Direct from BIN | F7: BIN-Low Moisture | G7: ANA-02A-DRY | H7: ANA-02A-DRY | K7: =116651.4 -> 116651.4 | L7: =K7-M7 -> 115151.4 | M7: 1500 | N7: =M7*0.65 -> 975 | O7: =K7-N7 -> 115676.4
A8: 6 | B8: 27-06-2026 | C8: BIN-02A | D8: BIN-02A | E8: Issued Direct from BIN | F8: BIN-Low Moisture | G8: ANA-02A-DRY | H8: ANA-02A-DRY | K8: 110815.8 | L8: =K8-M8 -> 109313.8 | M8: =751+751 -> 1502 | N8: =M8*0.65 -> 976.3 | O8: =K8-N8 -> 109839.5
A9: 7 | B9: 28-06-2026 | C9: BIN-02A | D9: BIN-02A | E9: Issued Direct from BIN | F9: BIN-Low Moisture | G9: ANA-02A-DRY | H9: ANA-02A-DRY | K9: =87594.5-2913.2 -> 84681.3 | L9: =K9-M9 -> 83511.3 | M9: 1170 | N9: =M9*0.65 -> 760.5 | O9: =K9-N9 -> 83920.8
A10: 8 | B10: 29-06-2026 | C10: BIN-02A | D10: BIN-02A | E10: Issued Direct from BIN | F10: BIN-Low Moisture | G10: ANA-02A-DRY | H10: ANA-02A-DRY | I10: =107540.1 -> 107540.1 | J10: 3615.7 | K10: =I10-J10 -> 103924.4 | L10: =K10-M10 -> 102420.4 | M10: =1504 -> 1504 | N10: =M10*0.65 -> 977.6 | O10: =K10-N10 -> 102946.8
A11: 9 | B11: 30-06-2026 | C11: BIN-02A | D11: BIN-02A | E11: Issued Direct from BIN | F11: BIN-Low Moisture | G11: ANA-02A-DRY | H11: ANA-02A-DRY | I11: =230579.4 -> 230579.4 | J11: =7052.3 -> 7052.3 | K11: =I11-J11 -> 223527.1 | L11: =K11-M11 -> 220520.1 | M11: =3007 -> 3007 | N11: =M11*0.65 -> 1954.55 | O11: =K11-N11 -> 221572.55
A12: 10 | B12: 46029 | C12: BIN-02A | D12: BIN-02A | E12: Issued Direct from BIN | F12: BIN-Low Moisture | G12: ANA-02A-DRY | H12: ANA-02A-DRY | I12: =59664+100 -> 59764 | J12: 1798 | K12: =I12-J12 -> 57966 | L12: =K12-M12 -> 57215 | M12: 751 | N12: =M12*0.65 -> 488.15 | O12: =K12-N12 -> 57477.85
A13: 11 | B13: 46060 | C13: BIN-02A | D13: BIN-02A | E13: Issued Direct from BIN | F13: BIN-Low Moisture | G13: ANA-02A-DRY | H13: ANA-02A-DRY | I13: =56632.6+13181.3+59078.6+56226.1-347.6 -> 184771 | J13: =260.5+216.9+223.9+215.3+245.6+753.3+1207.3+204.1+211.4+430.1+205.9+191+233.1+360+749.3+201 -> 5908.7 | K13: =I13-J13 -> 178862.3 | L13: =K13-M13 -> 176455.3 | M13: =734+180+748+750-5 -> 2407 | N13: =M13*0.65 -> 1564.55 | O13: =K13-N13 -> 177297.75
A14: 12 | B14: 46119 | C14: BIN-02B | D14: BIN-02B | E14: Issued Direct from BIN | F14: BIN-Low Moisture | G14: ANA-02B-DRY | H14: ANA-02B-DRY | I14: =226161.9 -> 226161.9 | J14: 7388.4 | K14: =I14-J14 -> 218773.5 | L14: =K14-M14 -> 215766.5 | M14: 3007 | N14: =M14*0.65 -> 1954.55 | O14: =K14-N14 -> 216818.95
A15: 13 | B15: 46210 | C15: BIN-02B | D15: BIN-02B | E15: Issued Direct from BIN | F15: BIN-Low Moisture | G15: ANA-02B-DRY | H15: ANA-02B-DRY | I15: 160177.5 | J15: 5170.5 | K15: =I15-J15 -> 155007 | L15: =K15-M15 -> 152882 | M15: =2125 -> 2125 | N15: =M15*0.65 -> 1381.25 | O15: =K15-N15 -> 153625.75
A16: 14 | B16: 46302 | C16: BIN-02B | D16: BIN-02B | E16: Issued Direct from BIN | F16: BIN-Low Moisture | G16: ANA-02B-DRY | H16: ANA-02B-DRY | I16: =224785.1 -> 224785.1 | J16: =7410 -> 7410 | K16: =I16-J16 -> 217375.1 | L16: =K16-M16 -> 214380.1 | M16: 2995 | N16: =M16*0.65 -> 1946.75 | O16: =K16-N16 -> 215428.35
A17: 15 | B17: 46333 | C17: BIN-02B | D17: BIN-02B | E17: Issued Direct from BIN | F17: BIN-Low Moisture | G17: ANA-02B-DRY | H17: ANA-02B-DRY | I17: 111500.7 | J17: 3710.7 | K17: =I17-J17 -> 107790 | L17: =K17-M17 -> 106261 | M17: 1529 | N17: =M17*0.65 -> 993.85 | O17: =K17-N17 -> 106796.15
A18: 16 | B18: 46363 | C18: BIN-02B | D18: BIN-02B | E18: Issued Direct from BIN | F18: BIN-Low Moisture | G18: ANA-02B-DRY | H18: ANA-02B-DRY | I18: =41877.5+54336.6 -> 96214.1 | J18: =3158.3 -> 3158.3 | K18: =I18-J18 -> 93055.8 | L18: =K18-M18 -> 91741.8 | M18: =574+740 -> 1314 | N18: =M18*0.65 -> 854.1 | O18: =K18-N18 -> 92201.7
A19: 17 | B19: 13/07/2026 | C19: BIN-02B | D19: BIN-02B | E19: Issued Direct from BIN | F19: BIN-Low Moisture | G19: ANA-02B-DRY | H19: ANA-02B-DRY | I19: 93027.9 | J19: 3101.3 | K19: =I19-J19 -> 89926.6 | L19: =K19-M19 -> 88642.6 | M19: =750+534 -> 1284 | N19: =M19*0.65 -> 834.6 | O19: =K19-N19 -> 89092
A20: 18 | B20: 14/07/2026 | C20: BIN-08A | D20: BIN-08A | E20: Issued Direct from BIN | F20: BIN-Low Moisture | G20: BIN-08A | H20: ANA-08A-DRY | I20: =100356.6 -> 100356.6 | J20: =3180.2 -> 3180.2 | K20: =I20-J20 -> 97176.4 | L20: =K20-M20 -> 95887.4 | M20: =718+571 -> 1289 | N20: =M20*0.65 -> 837.85 | O20: =K20-N20 -> 96338.55
A21: 19 | B21: 15/07/2026 | C21: BIN-08A | D21: BIN-08A | E21: Issued Direct from BIN | F21: BIN-Low Moisture | G21: BIN-08A | H21: ANA-08A-DRY | I21: 102254.3 | J21: 3340.3 | K21: =I21-J21 -> 98914 | L21: =K21-M21 -> 97581 | M21: =752+581 -> 1333 | N21: =M21*0.65 -> 866.45 | O21: =K21-N21 -> 98047.55
A22: 20 | B22: 16/07/2026 | C22: BIN-08A | D22: BIN-08A | E22: Issued Direct from BIN | F22: BIN-Low Moisture | G22: BIN-08A | H22: ANA-08A-DRY | I22: =185021.6 -> 185021.6 | J22: 5904.3 | K22: =I22-J22 -> 179117.3 | L22: =K22-M22 -> 176672.3 | M22: 2445 | N22: =M22*0.65 -> 1589.25 | O22: =K22-N22 -> 177528.05
A23: 21 | B23: 17/07/2026 | C23: BIN-08A | D23: BIN-08A | E23: Issued Direct from BIN | F23: BIN-Low Moisture | G23: BIN-08A | H23: ANA-08A-DRY | I23: =55817.5 -> 55817.5 | J23: 1859.9 | K23: =I23-J23 -> 53957.6 | L23: =K23-M23 -> 53222.6 | M23: 735 | N23: =M23*0.65 -> 477.75 | O23: =K23-N23 -> 53479.85
A24: 22 | B24: 18/07/2026 | C24: BIN-03B | D24: BIN-03B | E24: Issued Direct from BIN | F24: BIN-Low Moisture | G24: BIN-03B | H24: ANA-03B-DRY | I24: 93913.7 | J24: 3010.8 | K24: =I24-J24 -> 90902.9 | L24: =K24-M24 -> 89701.9 | M24: 1201 | N24: =M24*0.65 -> 780.65 | O24: =K24-N24 -> 90122.25
A25: 23 | B25: 20/07/2026 | C25: BIN-03B | D25: BIN-03B | E25: Issued Direct from BIN | F25: BIN-Low Moisture | G25: BIN-03B | H25: ANA-03B-DRY | I25: 86128.9 | J25: 2641.2 | K25: =I25-J25 -> 83487.7 | L25: =K25-M25 -> 82405.7 | M25: 1082 | N25: =M25*0.65 -> 703.3 | O25: =K25-N25 -> 82784.4
A26: 24 | B26: 21/07/2026 | C26: BIN-03B | D26: BIN-03B | E26: Issued Direct from BIN | F26: BIN-Low Moisture | G26: BIN-03B | H26: ANA-03B-DRY | I26: 174333.3 | J26: 5305.6 | K26: =I26-J26 -> 169027.7 | L26: =K26-M26 -> 166808.7 | M26: 2219 | N26: =M26*0.65 -> 1442.35 | O26: =K26-N26 -> 167585.35
A27: 25 | B27: 22/07/2026 | C27: BIN-03B | D27: BIN-03B | E27: Issued Direct from BIN | F27: BIN-Low Moisture | G27: BIN-03B | H27: ANA-03B-DRY | I27: 186066.7 | J27: 5928.4 | K27: =I27-J27 -> 180138.3 | L27: =K27-M27 -> 177749.3 | M27: 2389 | N27: =M27*0.65 -> 1552.85 | O27: =K27-N27 -> 178585.45
A28: 26 | B28: 23/07/2026 | C28: BIN-03B | D28: BIN-03B | E28: Issued Direct from BIN | F28: BIN-Low Moisture | G28: BIN-03B | H28: ANA-03B-DRY | I28: 233839.9 | J28: 7357.4 | K28: =I28-J28 -> 226482.5 | L28: =K28-M28 -> 223477.5 | M28: 3005 | N28: =M28*0.65 -> 1953.25 | O28: =K28-N28 -> 224529.25
A29: 27 | B29: 24/07/2026 | C29: BIN-03B | D29: BIN-03B | E29: Issued Direct from BIN | F29: BIN-Low Moisture | G29: BIN-03B | H29: ANA-03B-DRY | I29: 214697.1 | J29: 6634 | K29: =I29-J29 -> 208063.1 | L29: =K29-M29 -> 205349.1 | M29: 2714 | N29: =M29*0.65 -> 1764.1 | O29: =K29-N29 -> 206299
A30: 28 | B30: 25/07/2026 | C30: BIN-03B | D30: BIN-03B | E30: Issued Direct from BIN | F30: BIN-Low Moisture | G30: BIN-03B | H30: ANA-03B-DRY | I30: 143519.6 | J30: 4494.9 | K30: =I30-J30 -> 139024.7 | L30: =K30-M30 -> 137189.7 | M30: 1835 | N30: =M30*0.65 -> 1192.75 | O30: =K30-N30 -> 137831.95
A31: 29 | B31: 27/07/2026 | C31: BIN-03B | D31: BIN-03B | E31: Issued Direct from BIN | F31: BIN-Low Moisture | G31: BIN-03B | H31: ANA-03B-DRY | I31: 127712.3 | J31: 3990.6 | K31: =I31-J31 -> 123721.7 | L31: =K31-M31 -> 122068.7 | M31: 1653 | N31: =M31*0.65 -> 1074.45 | O31: =K31-N31 -> 122647.25
A32: 30 | B32: 28/07/2026 | C32: BIN-03B | D32: BIN-03B | E32: Issued Direct from BIN | F32: BIN-Low Moisture | G32: BIN-03B | H32: ANA-03B-DRY | I32: 140595.8 | J32: 4345.1 | K32: =I32-J32 -> 136250.7 | L32: =K32-M32 -> 134455.7 | M32: 1795 | N32: =M32*0.65 -> 1166.75 | O32: =K32-N32 -> 135083.95
A33: 31 | B33: 29/07/2026 | C33: BIN-03B | D33: BIN-03B | E33: Issued Direct from BIN | F33: BIN-Low Moisture | G33: BIN-03B | H33: ANA-03B-DRY | I33: 141338.6 | J33: 4300.9 | K33: =I33-J33 -> 137037.7 | L33: =K33-M33 -> 135226.7 | M33: 1811 | N33: =M33*0.65 -> 1177.15 | O33: =K33-N33 -> 135860.55
A34: 32 | B34: 30/07/2026 | C34: BIN-03B | D34: BIN-03B | E34: Issued Direct from BIN | F34: BIN-Low Moisture | G34: BIN-03B | H34: ANA-03B-DRY | I34: 140767.3 | J34: 4317.5 | K34: =I34-J34 -> 136449.8 | L34: =K34-M34 -> 134652.8 | M34: 1797 | N34: =M34*0.65 -> 1168.05 | O34: =K34-N34 -> 135281.75
A35: 33 | B35: 31/07/2026 | C35: BIN-03B | D35: BIN-03B | E35: Issued Direct from BIN | F35: BIN-Low Moisture | G35: BIN-03B | H35: ANA-03B-DRY | I35: 133980.2 | J35: 4120 | K35: =I35-J35 -> 129860.2 | L35: =K35-M35 -> 128144.2 | M35: 1716 | N35: =M35*0.65 -> 1115.4 | O35: =K35-N35 -> 128744.8
A36: 34 | B36: 46061 | C36: BIN-03B | D36: BIN-03B | E36: Issued Direct from BIN | F36: BIN-Low Moisture | G36: BIN-03B | H36: ANA-03B-DRY | I36: 122379.2 | J36: =3904.9 -> 3904.9 | K36: =I36-J36 -> 118474.3 | L36: =K36-M36 -> 116891.3 | M36: 1583 | N36: =M36*0.65 -> 1028.95 | O36: =K36-N36 -> 117445.35
A37: 35 | B37: 46089 | C37: BIN-03B | D37: BIN-03B | E37: Issued Direct from BIN | F37: BIN-Low Moisture | G37: BIN-03B | H37: ANA-03B-DRY | I37: 117259.4 | J37: 3627.3 | K37: =I37-J37 -> 113632.1 | L37: =K37-M37 -> 112126.1 | M37: 1506 | N37: =M37*0.65 -> 978.9 | O37: =K37-N37 -> 112653.2
A38: 36 | B38: 46089 | C38: BIN-016 | D38: BIN-016 | E38: Issued Direct from BIN | F38: BIN-Low Moisture | G38: BIN-016 | H38: ANA-016-DRY | I38: 22122.2 | J38: 716 | K38: =I38-J38 -> 21406.2 | L38: =K38-M38 -> 21106.2 | M38: 300 | N38: =M38*0.65 -> 195 | O38: =K38-N38 -> 21211.2
A39: 37 | B39: 46120 | C39: BIN-03B | D39: BIN-03B | E39: Issued Direct from BIN | F39: BIN-Low Moisture | G39: BIN-03B | H39: ANA-03B-DRY | I39: 129133.5 | J39: 4013.1 | K39: =I39-J39 -> 125120.4 | L39: =K39-M39 -> 123464.4 | M39: 1656 | N39: =M39*0.65 -> 1076.4 | O39: =K39-N39 -> 124044
A40: 38 | B40: 46120 | C40: BIN-016 | D40: BIN-016 | E40: Issued Direct from BIN | F40: BIN-Low Moisture | G40: BIN-016 | H40: ANA-016-DRY | I40: 33387.7 | J40: 1153 | K40: =I40-J40 -> 32234.7 | L40: =K40-M40 -> 31784.7 | M40: 450 | N40: =M40*0.65 -> 292.5 | O40: =K40-N40 -> 31942.2
A41: 39 | B41: 46150 | C41: BIN-03B | D41: BIN-03B | E41: Issued Direct from BIN | F41: BIN-Low Moisture | G41: BIN-03B | H41: ANA-03B-DRY | I41: 65889.1 | J41: 2095.5 | K41: =I41-J41 -> 63793.6 | L41: =K41-M41 -> 62947.6 | M41: 846 | N41: =M41*0.65 -> 549.9 | O41: =K41-N41 -> 63243.7
A42: 40 | B42: 46150 | C42: BIN-016 | D42: BIN-016 | E42: Issued Direct from BIN | F42: BIN-Low Moisture | G42: BIN-016 | H42: ANA-016-DRY | I42: 33059.8 | J42: 1107.3 | K42: =I42-J42 -> 31952.5 | L42: =K42-M42 -> 31502.5 | M42: 450 | N42: =M42*0.65 -> 292.5 | O42: =K42-N42 -> 31660
A43: 41 | B43: 46150 | C43: BIN-010 | D43: BIN-010 | E43: Issued Direct from BIN | F43: BIN-Low Moisture | G43: BIN-010 | H43: ANA -010-DRY | I43: 23278.9 | J43: 655.8 | K43: =I43-J43 -> 22623.1 | L43: =K43-M43 -> 22323.1 | M43: 300 | N43: =M43*0.65 -> 195 | O43: =K43-N43 -> 22428.1
A44: 42 | B44: 46181 | C44: BIN-03B | D44: BIN-03B | E44: Issued Direct from BIN | F44: BIN-Low Moisture | G44: BIN-03B | H44: ANA-03B-DRY | I44: 32628.8 | J44: 1077.4 | K44: =I44-J44 -> 31551.4 | L44: =K44-M44 -> 31139.4 | M44: 412 | N44: =M44*0.65 -> 267.8 | O44: =K44-N44 -> 31283.6
A45: 43 | B45: 46181 | C45: BIN-016 | D45: BIN-016 | E45: Issued Direct from BIN | F45: BIN-Low Moisture | G45: BIN-016 | H45: ANA-016-DRY | I45: 34329.8 | J45: 1164 | K45: =I45-J45 -> 33165.8 | L45: =K45-M45 -> 32715.8 | M45: 450 | N45: =M45*0.65 -> 292.5 | O45: =K45-N45 -> 32873.3
A46: 44 | B46: 46181 | C46: BIN-010 | D46: BIN-010 | E46: Issued Direct from BIN | F46: BIN-Low Moisture | G46: BIN-010 | H46: ANA -010-DRY | I46: 23271.9 | J46: 780 | K46: =I46-J46 -> 22491.9 | L46: =K46-M46 -> 22191.9 | M46: 300 | N46: =M46*0.65 -> 195 | O46: =K46-N46 -> 22296.9
A47: 46 | B47: 46273 | C47: BIN-016 | D47: BIN-016 | E47: Issued Direct from BIN | F47: BIN-Low Moisture | G47: BIN-016 | H47: ANA-016-DRY | I47: 51241 | J47: 1570.7 | K47: =I47-J47 -> 49670.3 | L47: =K47-M47 -> 49034.3 | M47: 636 | N47: =M47*0.65 -> 413.4 | O47: =K47-N47 -> 49256.9
A48: 47 | B48: 46273 | C48: BIN-016 | D48: BIN-016 | E48: Issued Direct from BIN | F48: BIN-Low Moisture | G48: BIN-016 | H48: ANA-016-DRY | I48: =56927.9+53639.1 -> 110567 | J48: 3599.9 | K48: =I48-J48 -> 106967.1 | L48: =K48-M48 -> 105516.1 | M48: 1451 | N48: =M48*0.65 -> 943.15 | O48: =K48-N48-'FINAL DRY RCN-YAKRO-2026'!T64 -> 69682.95
A49: 48 | B49: 46303 | C49: BIN-010 | D49: BIN-010 | E49: Issued Direct from BIN | F49: BIN-Low Moisture | G49: BIN-010 | H49: ANA -010-DRY | I49: 96509.1 | J49: 2940 | K49: =I49-J49 -> 93569.1 | L49: =K49-M49 -> 92355.1 | M49: 1214 | N49: =M49*0.65 -> 789.1 | O49: =K49-N49 -> 92780
A50: 49 | B50: 46334 | C50: BIN-010 | D50: BIN-010 | E50: Issued Direct from BIN | F50: BIN-Low Moisture | G50: BIN-010 | H50: ANA -010-DRY | I50: 143492.5 | J50: 4318.8 | K50: =I50-J50 -> 139173.7 | L50: =K50-M50 -> 137357.7 | M50: 1816 | N50: =M50*0.65 -> 1180.4 | O50: =K50-N50 -> 137993.3
A51: 50 | B51: 46364 | C51: BIN-010 | D51: BIN-010 | E51: Issued Direct from BIN | F51: BIN-Low Moisture | G51: BIN-010 | H51: ANA -010-DRY | I51: 145618.6 | J51: 4396.3 | K51: =I51-J51 -> 141222.3 | L51: =K51-M51 -> 139382.3 | M51: 1840 | N51: =M51*0.65 -> 1196 | O51: =K51-N51 -> 140026.3
A52: 51 | B52: 13/8/2026 | C52: BIN-010 | D52: BIN-010 | E52: Issued Direct from BIN | F52: BIN-Low Moisture | G52: BIN-010 | H52: ANA -010-DRY | I52: 151735.2 | J52: 4765.2 | K52: =I52-J52 -> 146970 | L52: =K52-M52 -> 144995 | M52: 1975 | N52: =M52*0.65 -> 1283.75 | O52: =K52-N52 -> 145686.25
A53: 52 | B53: 14/08/2026 | C53: BIN-010 | D53: BIN-010 | E53: Issued Direct from BIN | F53: BIN-Low Moisture | G53: BIN-010 | H53: ANA -010-DRY | I53: 174428.8 | J53: 5497.8 | K53: =I53-J53 -> 168931 | L53: =K53-M53 -> 166664 | M53: 2267 | N53: =M53*0.65 -> 1473.55 | O53: =K53-N53 -> 167457.45
A54: 53 | B54: 17/08/2026 | C54: BIN-010 | D54: BIN-010 | E54: Issued Direct from BIN | F54: BIN-Low Moisture | G54: BIN-010 | H54: ANA -010-DRY | I54: 102017.8 | J54: 3159.2 | K54: =I54-J54 -> 98858.6 | L54: =K54-M54 -> 97551.6 | M54: 1307 | N54: =M54*0.65 -> 849.55 | O54: =K54-N54 -> 98009.05
A55: 54 | B55: 18/08/2026 | C55: BIN-010 | D55: BIN-010 | E55: Issued Direct from BIN | F55: BIN-Low Moisture | G55: BIN-010 | H55: ANA -010-DRY | I55: 53637.3 | J55: 1618.8 | K55: =I55-J55 -> 52018.5 | L55: =K55-M55 -> 51315.5 | M55: 703 | N55: =M55*0.65 -> 456.95 | O55: =K55-N55 -> 51561.55
A56: 55 | B56: 19/08/2026 | C56: BIN-03B | D56: BIN-03B | E56: Issued Direct from BIN | F56: Dried bin issu | G56: BIN-03B | H56: ANA-03B-DRY | I56: 160837.2 | J56: 5382.4 | K56: =I56-J56 -> 155454.8 | L56: =K56-M56 -> 153192.8 | M56: 2262 | N56: =M56*0.65 -> 1470.3 | O56: =K56-N56 -> 153984.5
A57: 56 | B57: 19/08/2026 | C57: BIN-03B | D57: BIN-03B | E57: Issued Direct from BIN | F57: Dried bin issu | G57: BIN-03B | H57: ANA-03B-DRY | I57: 119917.1 | J57: 4131.5 | K57: =I57-J57 -> 115785.6 | L57: =K57-M57 -> 114117.6 | M57: 1668 | N57: =M57*0.65 -> 1084.2 | O57: =K57-N57 -> 114701.4
A58: 57 | B58: 20/08/2026 | C58: BIN-03B | D58: BIN-03B | E58: Issued Direct from BIN | F58: Dried bin issu | G58: BIN-03B | H58: ANA-03B-DRY | I58: 161817.1 | J58: 5303 | K58: =I58-J58 -> 156514.1 | L58: =K58-M58 -> 154253.1 | M58: 2261 | N58: =M58*0.65 -> 1469.65 | O58: =K58-N58 -> 155044.45
A59: 58 | B59: 21/08/2026 | C59: BIN-03B | D59: BIN-03B | E59: Issued Direct from BIN | F59: Dried bin issu | G59: BIN-03B | H59: ANA-03B-DRY | I59: 150129.9 | J59: 5010.1 | K59: =I59-J59 -> 145119.8 | L59: =K59-M59 -> 143050.8 | M59: 2069 | N59: =M59*0.65 -> 1344.85 | O59: =K59-N59 -> 143774.95
A60: 59 | B60: 22/08/2026 | C60: BIN-03B | D60: BIN-03B | E60: Issued Direct from BIN | F60: Dried bin issu | G60: BIN-03B | H60: ANA-03B-DRY | I60: 31939.6 | J60: 1031 | K60: =I60-J60 -> 30908.6 | L60: =K60-M60 -> 30474.6 | M60: 434 | N60: =M60*0.65 -> 282.1 | O60: =K60-N60 -> 30626.5
A61: 60 | B61: 22/08/2026 | C61: BIN-015 | D61: BIN-015 | E61: Issued Direct from BIN | F61: BIN-Low Moisture | G61: BIN-015 | H61: ANA-015-DRY | I61: 43308.5 | J61: 1444.3 | K61: =I61-J61 -> 41864.2 | L61: =K61-M61 -> 41344.2 | M61: 520 | N61: =M61*0.65 -> 338 | O61: =K61-N61 -> 41526.2
A62: 61 | B62: 22/08/2026 | C62: BIN-015 | D62: BIN-015 | E62: Issued Direct from BIN | F62: Dried bin issu | G62: BIN-015 | H62: ANA-015-DRY | I62: 53068.4 | J62: 1654 | K62: =I62-J62 -> 51414.4 | L62: =K62-M62 -> 50690.4 | M62: 724 | N62: =M62*0.65 -> 470.6 | O62: =K62-N62 -> 50943.8
A63: 62 | B63: 24/08/2026 | C63: BIN-03B | D63: BIN-03B | E63: Issued Direct from BIN | F63: Dried bin issu | G63: BIN-03B | H63: ANA-03B-DRY | I63: 232839.2 | J63: 7710.3 | K63: =I63-J63 -> 225128.9 | L63: =K63-M63 -> 221958.9 | M63: 3170 | N63: =M63*0.65 -> 2060.5 | O63: =K63-N63 -> 223068.4
A64: 63 | B64: 27/08/2026 | C64: BIN-03B | D64: BIN-03B | E64: Issued Direct from BIN | F64: Dried bin issu | G64: BIN-03B | H64: ANA-03B-DRY | K64: =I64-J64 -> 0 | L64: =K64-M64 -> 0 | N64: =M64*0.65 -> 0 | O64: 4078.7
A65: 64 | B65: 27/08/2026 | C65: BIN-04 | D65: BIN-04 | E65: Issued Direct from BIN | F65: Dried bin issu | G65: BIN-04 | H65: ANA-04-DRY | I65: 125236 | J65: 3988.4 | K65: =I65-J65 -> 121247.6 | L65: =K65-M65 -> 119604.6 | M65: 1643 | N65: =M65*0.65 -> 1067.95 | O65: =K65-N65 -> 120179.65
A66: 65 | B66: 28/08/2026 | C66: BIN-08B | D66: BIN-08B | E66: Issued Direct from BIN | F66: BIN-Low Moisture | G66: BIN-08B | H66: ANA-08B-DRY | I66: 210460.5 | J66: 6631.9 | K66: =I66-J66 -> 203828.6 | L66: =K66-M66 -> 201078.6 | M66: 2750 | N66: =M66*0.65 -> 1787.5 | O66: =K66-N66 -> 202041.1
A67: 66 | B67: 29/08/2026 | C67: BIN-08B | D67: BIN-08B | E67: Issued Direct from BIN | F67: BIN-Low Moisture | G67: BIN-08B | H67: ANA-08B-DRY | I67: 280045.1 | J67: 8917.9 | K67: =I67-J67 -> 271127.2 | L67: =K67-M67 -> 267472.2 | M67: 3655 | N67: =M67*0.65 -> 2375.75 | O67: =K67-N67 -> 268751.45
A68: 67 | B68: 31/08/2026 | C68: BIN-011 | D68: BIN-011 | E68: Issued Direct from BIN | F68: BIN-Low Moisture | G68: BIN-011 | H68: ANA-011-DRY | I68: 257887.8 | J68: 8141 | K68: =I68-J68 -> 249746.8 | L68: =K68-M68 -> 246418.8 | M68: 3328 | N68: =M68*0.65 -> 2163.2 | O68: =K68-N68 -> 247583.6
A69: 68 | B69: 46031 | C69: BIN-011 | D69: BIN-011 | E69: Issued Direct from BIN | F69: BIN-Low Moisture | G69: BIN-011 | H69: ANA-011-DRY | I69: 187423.3 | J69: 5828 | K69: =I69-J69 -> 181595.3 | L69: =K69-M69 -> 179186.3 | M69: 2409 | N69: =M69*0.65 -> 1565.85 | O69: =K69-N69 -> 180029.45
A70: 69 | B70: 46062 | C70: BIN-011 | D70: BIN-011 | E70: Issued Direct from BIN | F70: BIN-Low Moisture | G70: BIN-011 | H70: ANA-011-DRY | I70: 115047.8 | J70: 3766 | K70: =I70-J70 -> 111281.8 | L70: =K70-M70 -> 109772.8 | M70: 1509 | N70: =M70*0.65 -> 980.85 | O70: =K70-N70 -> 110300.95
A71: 70 | B71: 46090 | C71: BIN-011 | D71: BIN-011 | E71: Issued Direct from BIN | F71: BIN-Low Moisture | G71: BIN-011 | H71: ANA-011-DRY | I71: 142375 | J71: 4633.2 | K71: =I71-J71 -> 137741.8 | L71: =K71-M71 -> 135863.8 | M71: 1878 | N71: =M71*0.65 -> 1220.7 | O71: =K71-N71 -> 136521.1
A72: 71 | B72: 46121 | C72: BIN-011 | D72: BIN-011 | E72: Issued Direct from BIN | F72: BIN-Low Moisture | G72: BIN-011 | H72: ANA-011-DRY | I72: 162690.4 | J72: 5196.3 | K72: =I72-J72 -> 157494.1 | L72: =K72-M72 -> 155393.1 | M72: 2101 | N72: =M72*0.65 -> 1365.65 | O72: =K72-N72 -> 156128.45
A73: 72 | B73: 46151 | C73: BIN-011 | D73: BIN-011 | E73: Issued Direct from BIN | F73: BIN-Low Moisture | G73: BIN-011 | H73: ANA-011-DRY | I73: 167808.7 | J73: 5170.7 | K73: =I73-J73 -> 162638 | L73: =K73-M73 -> 160493 | M73: 2145 | N73: =M73*0.65 -> 1394.25 | O73: =K73-N73 -> 161243.75
A74: 73 | B74: 46212 | C74: BIN-011 | D74: BIN-011 | E74: Issued Direct from BIN | F74: BIN-Low Moisture | G74: BIN-011 | H74: ANA-011-DRY | I74: 195057.7 | J74: 5889.3 | K74: =I74-J74 -> 189168.4 | L74: =K74-M74 -> 186655.4 | M74: 2513 | N74: =M74*0.65 -> 1633.45 | O74: =K74-N74 -> 187534.95
A75: 74 | B75: 46243 | C75: BIN-03C | D75: BIN-03C | E75: Issued Direct from BIN | F75: BIN-Low Moisture | G75: BIN-03C | H75: ANA-03C-DRY | I75: 127408.9 | J75: 3866.2 | K75: =I75-J75 -> 123542.7 | L75: =K75-M75 -> 121830.7 | M75: 1712 | N75: =M75*0.65 -> 1112.8 | O75: =K75-N75 -> 122429.9
A76: 75 | B76: 46274 | C76: BIN-03C | D76: BIN-03C | E76: Issued Direct from BIN | F76: BIN-Low Moisture | G76: BIN-03C | H76: ANA-03C-DRY | K76: =I76-J76 -> 0 | L76: =K76-M76 -> 0 | N76: =M76*0.65 -> 0 | O76: =K76-N76 -> 0

Sheet Bouake Dring RCN
A3: 36 | B3: 46331 | F3: 207 | G3: 82770 | J3: BOUAKE | P3: 49741 | Q3: 49355 | R3: =P3-Q3 -> 386 | S3: 8.9 | T3: 176 | U3: 42.76 | V3: 8.9 | W3: 176 | X3: 42.76 | AF3: =(S3-V3)/100 -> 0 | AG3: =P3-Q3 -> 386 | AH3: =IFERROR(AG3/P3,"0") -> 0.0077601978 | AI3: 639 | AJ3: 666 | AK3: 666 | AL3: Dryied | AM3: Scaled | AN3: Empilage in Production Area | AO3: Issued to Production | AT3: Issued to Production | AU3: Dried from Bouake Issued to Calibrator

Sheet Issued to Production Section
B4: DRY RCN GIVEN TO PRODUCTION SECTION
A5: SI NO | B5: Date | C5: RCN | D5: Source Bin | E5: DRY BIN | F5: Bin Status | G5: BTM | H5: KOR-Issued | I5: Nut Count | J5: GK | K5: Moisture | L5: Immature | M5: Spottd | N5: Rejection | O5: OIL (Gram) | P5: Void (Gram) | Q5: Shell (Gram) | R5: Fiche No | S5: Bag inStock afetr Dry | T5: No of Bag(Issued to Production) | U5: Avg Bag Wt (Empty Bag) | V5: Bag Wt(Empty Bag) | W5: No of Pallet | X5: Avg Pallet Wt | Y5: Pallet Weight (Kg) | Z5: Gross Wt (Before Dry) | AA5: Gross Wt (After Drying Wt with Jute Bag) | AB5: Net Wt (Without Jute Bag) | AC5: Date of Issue to Calibration | AD5: Received By Production(Net Wt) | AE5: Issued from | AF5: Diff in Issue | AG5: Remarks | AH5: Check | AK5: Row Labels | AL5: Sum of Net Wt (Without Jute Bag)
A6: 1 | B6: 46134 | C6: Dry Rcn | D6: BIN-013 | E6: ANA-01 | F6: Running | G6: 1001 | H6: 43.12 | I6: 172 | J6: 230 | K6: 8.9 | L6: 16 | M6: 13 | N6: 20 | O6: 0 | P6: 25 | Q6: 690 | R6: ='FINAL DRY RCN-YAKRO-2026'!F15 -> 89770 | S6: 644 | T6: ='FINAL DRY RCN-YAKRO-2026'!AL15 -> 644 | U6: =0.69 -> 0.69 | V6: =0.69*T6 -> 444.36 | W6: 25 | X6: 71.32 | Y6: =71.32*25 -> 1783 | AA6: =48375 -> 48375 | AB6: =AA6-V6 -> 47930.64 | AC6: 46135 | AD6: =97398 -> 97398 | AE6: BIN | AF6: =AD6-AB6-AB7 -> 1583.59 | AH6: =AF6+AB6+AB7 -> 97398 | AK6: 0 | AL6: 0
A7: 2 | B7: 46134 | C7: Dry Rcn | D7: BIN-013 | E7: ANA-01 | F7: Running | G7: 1001 | H7: 42.85 | I7: 170 | J7: 230 | K7: 9.8 | L7: 10 | M7: 16 | N7: 28 | O7: 8 | P7: 30 | Q7: 689 | R7: ='FINAL DRY RCN-YAKRO-2026'!F16 -> 89781 | S7: 667 | T7: ='FINAL DRY RCN-YAKRO-2026'!AL16 -> 667 | U7: =0.69 -> 0.69 | V7: =0.69*T7 -> 460.23 | W7: 31 | X7: =71.32 -> 71.32 | Y7: =71.32*31 -> 2210.92 | AA7: 48344 | AB7: =AA7-V7 -> 47883.77 | AC7: 46135 | AE7: BIN | AK7: BIN-001 | AL7: 539147.95
A8: 3 | B8: 46135 | C8: Dry Rcn | D8: BIN-013 | E8: ANA-01 | F8: Running | G8: 1004 | H8: 43.38 | I8: 180 | J8: 228 | K8: 8.6 | L8: 10 | M8: 11 | N8: 31 | O8: 0 | P8: 20 | Q8: 693 | R8: 29107 | S8: 600 | T8: 614 | U8: =0.617 -> 0.617 | V8: =T8*U8 -> 378.838 | W8: 26 | X8: =Y8/W8 -> 74.230769 | Y8: 1930 | AA8: 44380 | AB8: =AA8-V8 -> 44001.162 | AC8: 46137 | AD8: =44066 -> 44066 | AF8: =AD8-AB8 -> 64.838 | AH8: =AF8+AB8 -> 44066 | AK8: BIN-008A | AL8: 425394
A9: 4 | B9: 46137 | C9: Dry Rcn | D9: BIN-013 | E9: ANA-01 | F9: Running | G9: 1004 | H9: 43.65 | I9: 171 | J9: 238 | K9: 8.8 | L9: 11 | M9: 8 | N9: 30 | O9: 2 | P9: 20 | Q9: 685 | R9: 87146 | S9: 457 | T9: 458 | U9: =289/458 -> 0.63100437 | V9: =T9*U9 -> 289 | W9: 21 | X9: =Y9/W9 -> 74.747619 | Y9: 1569.7 | AA9: 33006 | AB9: =AA9-V9 -> 32717 | AC9: 46137 | AD9: =32913.9 -> 32913.9 | AF9: =AD9-AB9 -> 196.9 | AH9: =AF9+AB9 -> 32913.9 | AK9: BIN-010 | AL9: 878238.9
A10: 5 | B10: 46137 | C10: Dry Rcn | D10: BIN-013 | E10: ANA-01 | F10: Running | G10: 1002 | H10: 42.68 | I10: 176 | J10: 226 | K10: 10.5 | L10: 19 | M10: 13 | N10: 33 | O10: 2 | P10: 17 | Q10: 687 | R10: 87093 | S10: 528 | T10: 527 | U10: =289/458 -> 0.63100437 | V10: =T10*U10 -> 332.5393 | W10: 23 | X10: =Y10/W10 -> 76.847826 | Y10: =1767.5 -> 1767.5 | AA10: 38919 | AB10: =AA10-V10 -> 38586.461 | AC10: 46140 | AD10: 38461.6 | AF10: =AB10-AD10 -> 124.8607 | AH10: =AF10+AD10 -> 38586.461 | AK10: BIN-013 | AL10: 595207.81
A11: 6 | B11: 46140 | C11: Dry Rcn | D11: BIN-013 | E11: ANA-01 | F11: Running | G11: 1005 | H11: 42.59 | I11: 164 | J11: 227 | K11: 8.7 | L11: 19 | M11: 10 | N11: 16 | O11: 5 | P11: 21 | Q11: 696 | R11: 37581 | S11: 603 | T11: 609 | U11: =439.1/609 -> 0.72101806 | V11: =439.1 -> 439.1 | W11: 26 | X11: =Y11/W11 -> 75.542308 | Y11: 1964.1 | AA11: 44874 | AB11: =AA11-V11 -> 44434.9 | AC11: 46140 | AD11: =44720 -> 44720 | AF11: =AD11-AB11 -> 285.1 | AH11: =AF11+AB11 -> 44720 | AK11: BIN-016 | AL11: 272967.55
A12: 7 | B12: 46142 | C12: Dry Rcn | D12: BIN-013 | E12: ANA-01 | F12: Running | G12: 1010 | H12: 42.68 | I12: 179 | J12: 232 | K12: 9.3 | L12: 12 | M12: 8 | N12: 28 | O12: 0 | P12: 21 | Q12: 692 | R12: 35967 | S12: 564 | T12: 559 | U12: =289/458 -> 0.63100437 | V12: 352.17 | W12: 20 | X12: =Y12/W12 -> 70.425 | Y12: =1408.5 -> 1408.5 | AA12: 41366 | AB12: =AA12-V12 -> 41013.83 | AC12: 46142 | AD12: =42450.8-Y12-V12 -> 40690.13 | AF12: =AB12-AD12 -> 323.7 | AH12: =AF12+AD12 -> 41013.83 | AK12: BIN-02A | AL12: 1075633
A13: 8 | B13: 46142 | C13: Dry Rcn | D13: BIN-013 | E13: ANA-01 | F13: Running | G13: 1013 | H13: 43.38 | I13: 161 | J13: 232 | K13: 9.5 | L13: 10 | M13: 18 | N13: 28 | O13: 2 | P13: 18 | Q13: 687 | R13: 37582 | S13: 585 | T13: 618 | U13: =289/458 -> 0.63100437 | V13: 401.7 | W13: 27 | X13: =Y13/W13 -> 73.69 | Y13: =27*73.69 -> 1989.63 | AA13: 44038 | AB13: =AA13-V13 -> 43636.3 | AC13: 46142 | AD13: =44024.5 -> 44024.5 | AF13: =AD13-AB13 -> 388.2 | AH13: =AF13+AB13 -> 44024.5 | AK13: BIN-02B | AL13: 873962.9
A14: 9 | B14: 46147 | C14: Dry Rcn | D14: BIN-013 | E14: ANA-01 | F14: Running | G14: 1006 | H14: 43.03 | I14: 188 | J14: 227 | K14: 8.5 | L14: 17 | M14: 17 | N14: 28 | O14: 0 | P14: 21 | Q14: 684 | R14: 66919 | S14: 547 | T14: 547 | U14: =0.65 -> 0.65 | V14: =T14*U14 -> 355.55 | W14: 22 | X14: =Y14/W14 -> 72.940909 | Y14: 1604.7 | AA14: 40966 | AB14: =AA14-V14 -> 40610.45 | AC14: 46147 | AD14: =42570.3-1604.7-355.55 -> 40610.05 | AF14: =AB14-AD14 -> 0.4 | AH14: =AF14+AD14 -> 40610.45 | AK14: BIN-03B | AL14: 2687555.6
A15: 10 | B15: 46147 | C15: Dry Rcn | D15: BIN-013 | E15: ANA-01 | F15: Running | G15: 1007 | H15: 42.32 | I15: 199 | J15: 228 | K15: 9.7 | L15: 12 | M15: 12 | N15: 46 | O15: 4 | P15: 26 | Q15: 667 | R15: 35051 | S15: 643 | T15: 644 | U15: 0.65 | V15: =T15*U15 -> 418.6 | W15: 28 | X15: =Y15/W15 -> 75.421429 | Y15: =2111.8 -> 2111.8 | AA15: 47959 | AB15: =AA15-V15 -> 47540.4 | AC15: 46147 | AD15: =47464 -> 47464 | AF15: =AB15-AD15 -> 76.4 | AH15: =AF15+AD15 -> 47540.4 | AK15: BIN-05 | AL15: 847581.45
A16: 11 | B16: 46148 | C16: Dry Rcn | D16: BIN-013 | E16: ANA-01 | F16: Running | G16: 1008 | H16: 43.21 | I16: 164 | J16: 230 | K16: 10.4 | L16: 12 | M16: 18 | N16: 20 | O16: 4 | P16: 36 | Q16: 675 | R16: 14643 | S16: 537 | T16: 537 | U16: 0.65 | V16: =T16*U16 -> 349.05 | W16: 22 | X16: =Y16/W16 -> 71.640909 | Y16: 1576.1 | AA16: 38952 | AB16: =AA16-V16 -> 38602.95 | AC16: 46148 | AD16: =40137.1-Y16-V16 -> 38211.95 | AF16: =AB16-AD16 -> 391 | AH16: =AF16+AD16 -> 38602.95 | AK16: BKE-001-DRY | AL16: 49307.45
A17: 12 | B17: 46148 | C17: Dry Rcn | D17: BIN-013 | E17: ANA-01 | F17: Running | G17: 1009 | H17: 42.32 | I17: 183 | J17: 227 | K17: 9.6 | L17: 10 | M17: 16 | N17: 49 | O17: 0 | P17: 17 | Q17: 675 | R17: 773 | S17: 572 | T17: 572 | U17: 0.65 | V17: =T17*U17 -> 371.8 | W17: 23 | X17: =Y17/W17 -> 73.095652 | Y17: 1681.2 | AA17: 42344 | AB17: =AA17-V17 -> 41972.2 | AC17: 46148 | AD17: =41541 -> 41541 | AF17: =AB17-AD17 -> 431.2 | AH17: =AF17+AD17 -> 41972.2 | AK17: Grand Total | AL17: 8244996.6
A18: 13 | B18: 46151 | C18: Dry Rcn | D18: BIN-013 | E18: ANA-01 | F18: Running | G18: 1011 | H18: 42.5 | I18: 174 | J18: 225 | K18: 8.9 | L18: 14 | M18: 18 | N18: 41 | O18: 0 | P18: 13 | Q18: 684 | R18: 82154 | S18: 584 | T18: 585 | U18: 0.65 | V18: =0.65*T18 -> 380.25 | W18: 25 | X18: =Y18/W18 -> 67.2 | Y18: 1680 | AA18: =44445 -> 44445 | AB18: =AA18-V18 -> 44064.75 | AC18: 46151 | AD18: =43454 -> 43454 | AF18: =AB18-AD18 -> 610.75 | AH18: =AF18+AD18 -> 44064.75
A19: 14 | B19: 46153 | C19: Dry Rcn | D19: BKE-001-DRY | E19: ANA-01 | F19: Closed | G19: 1012 | H19: 42.76 | I19: 176 | J19: 228 | K19: 8.9 | L19: 16 | M19: 13 | N19: 22 | O19: 2 | P19: 30 | Q19: 684 | R19: 82770 | S19: 667 | T19: 667 | U19: 0.65 | V19: =0.65*667 -> 433.55 | W19: 25 | X19: =Y19/W19 -> 71.316 | Y19: 1782.9 | AA19: =49741 -> 49741 | AB19: =49741-V19 -> 49307.45 | AC19: 46153 | AD19: =49355 -> 49355 | AF19: =AD19-AB19 -> 47.55 | AH19: =AF19+AB19 -> 49355
A20: 15 | B20: 46154 | C20: Dry Rcn | D20: BIN-03B | E20: ANA-01 | F20: Running | G20: 1015 | H20: 43.47 | I20: 172 | J20: 230 | K20: 8.7 | L20: 12 | M20: 21 | N20: 32 | O20: 4 | P20: 9 | Q20: 688 | R20: BIN-03B | S20: 605 | T20: 605 | U20: 0.65 | V20: =U20*S20 -> 393.25 | W20: 25 | X20: =Y20/W20 -> 72 | Y20: 1800 | AA20: 46136 | AB20: =46136-V20 -> 45742.75 | AC20: 46154 | AD20: =45333 -> 45333 | AF20: =AB20-AD20 -> 409.75 | AH20: =AF20+AD20 -> 45742.75
A21: 16 | B21: 46155 | C21: Dry Rcn | D21: BIN-03B | E21: ANA-01 | F21: Running | G21: 1014 | H21: 42.15 | I21: 177 | J21: 223 | K21: 8.5 | L21: 11 | M21: 21 | N21: 40 | O21: 0 | P21: 30 | Q21: 671 | R21: BIN-03B | S21: 575 | T21: 575 | U21: 0.65 | V21: =U21*S21 -> 373.75 | W21: 24 | X21: =Y21/W21 -> 73.791667 | Y21: 1771 | AA21: 43873 | AB21: =AA21-V21 -> 43499.25 | AC21: 46157 | AD21: 43110 | AF21: =AB21-AD21 -> 389.25 | AH21: =AF21+AD21 -> 43499.25
A22: 17 | B22: 46157 | C22: Dry Rcn | D22: BIN-03B | E22: ANA-01 | F22: Running | G22: 1016 | H22: 43.47 | I22: 172 | J22: 230 | K22: 8.7 | L22: 12 | M22: 21 | N22: 32 | O22: 4 | P22: 9 | Q22: 688 | R22: BIN-03B | S22: 638 | T22: 638 | U22: 0.65 | V22: =U22*S22 -> 414.7 | W22: 27 | X22: =Y22/W22 -> 73 | Y22: 1971 | AA22: 48908 | AB22: =AA22-V22 -> 48493.3 | AC22: 46160 | AD22: 48024 | AF22: =AB22-AD22 -> 469.3 | AH22: =AF22+AD22 -> 48493.3
A23: 18 | B23: 46160 | C23: Dry Rcn | D23: BIN-013 | E23: ANA-01 | F23: Running | G23: 1018 | H23: 43.47 | I23: 173 | J23: 233 | K23: 8.5 | L23: 16 | M23: 11 | N23: 35 | O23: 0 | P23: 22 | Q23: 678 | R23: 31510 | S23: 566 | T23: 566 | U23: =V23/T23 -> 0.65017668 | V23: 368 | W23: 24 | X23: =Y23/W23 -> 72 | Y23: 1728 | AA23: 42581 | AB23: =AA23-V23 -> 42213 | AC23: 46162 | AD23: 41773 | AF23: =AB23-AD23 -> 440 | AH23: =AF23+AD23 -> 42213
A24: 19 | B24: 46161 | C24: Dry Rcn | D24: BIN-03B | E24: ANA-01 | F24: Running | G24: 1019 | H24: 42.06 | I24: 172 | J24: 225 | K24: 8.5 | L24: 14 | M24: 13 | N24: 41 | O24: 0 | P24: 26 | Q24: 676 | R24: BIN-03B | S24: 1322 | T24: 1323 | U24: =V24/T24 -> 0.65003779 | V24: 860 | W24: 55 | X24: =Y24/W24 -> 72.454545 | Y24: 3985 | AA24: 99494 | AB24: =AA24-V24 -> 98634 | AC24: 46164 | AD24: =97586 -> 97586 | AF24: =AB24-AD24 -> 1048 | AH24: =AF24+AD24 -> 98634
A25: 20 | B25: 46168 | C25: Dry Rcn | D25: BIN-03B | E25: ANA-01 | F25: Running | G25: 1020 | H25: 42.76 | I25: 172 | J25: 230 | K25: 8.8 | L25: 11 | M25: 14 | N25: 40 | O25: 0 | P25: 13 | Q25: 687 | R25: BIN-03B | S25: 535 | T25: 535 | U25: 0.65 | V25: =U25*S25 -> 347.75 | W25: 22 | X25: =Y25/W25 -> 72.272727 | Y25: 1590 | AA25: 39919 | AB25: =AA25-V25 -> 39571.25 | AC25: 46168 | AD25: =39269 -> 39269 | AF25: =AB25-AD25 -> 302.25 | AH25: =AF25+AD25 -> 39571.25
A26: 21 | B26: 46170 | C26: Dry Rcn | D26: BIN-03B | E26: ANA-01 | F26: Running | G26: 1022 | H26: 42.5 | I26: 175 | J26: 223 | K26: 8.7 | L26: 17 | M26: 19 | N26: 36 | O26: 0 | P26: 41 | Q26: 659 | R26: BIN-03B | S26: 414 | T26: 414 | U26: =0.65 -> 0.65 | V26: =U26*S26 -> 269.1 | W26: 19 | X26: =Y26/W26 -> 73.368421 | Y26: 1394 | AA26: 30903 | AB26: =AA26-V26 -> 30633.9 | AC26: 46170 | AD26: 30377 | AF26: =AB26-AD26 -> 256.9 | AH26: =AF26+AD26 -> 30633.9
A27: 22 | B27: 46170 | C27: Dry Rcn | D27: BIN-03B | E27: ANA-01 | F27: Running | G27: 1021 | H27: 42.59 | I27: 171 | J27: 227 | K27: 8.8 | L27: 19 | M27: 10 | N27: 30 | O27: 0 | P27: 36 | Q27: 670 | R27: BIN-03B | S27: 998 | T27: 1001 | U27: 0.65 | V27: =U27*S27 -> 648.7 | W27: 40 | X27: =2902/40 -> 72.55 | Y27: 2902 | AA27: 74281 | AB27: =AA27-V27 -> 73632.3 | AC27: 46170 | AD27: =73630 -> 73630 | AF27: =AB27-AD27 -> 2.3 | AH27: =AF27+AD27 -> 73632.3
A28: 23 | B28: 46171 | C28: Dry Rcn | D28: BIN-03B | E28: ANA-01 | F28: Running | G28: 1023 | H28: 42.41 | I28: 174 | J28: 226 | K28: 8.8 | L28: 14 | M28: 15 | N28: 37 | O28: 0 | P28: 32 | Q28: 671 | R28: BIN-03B | S28: 645 | T28: 649 | U28: 0.65 | V28: =U28*T28 -> 421.85 | W28: 27 | X28: =Y28/W28 -> 72.814815 | Y28: 1966 | AA28: 47982 | AB28: =AA28-V28 -> 47560.15 | AC28: 46171 | AD28: 47061.6 | AF28: =AB28-AD28 -> 498.55 | AH28: =AF28+AD28 -> 47560.15
A29: 24 | B29: 46175 | C29: Dry Rcn | D29: BIN-03B | E29: ANA-01 | F29: Running | G29: 1026 | H29: 42.53 | I29: 177 | J29: 217 | K29: 8.3 | L29: 17 | M29: 20 | N29: 40 | O29: 2 | P29: 35 | Q29: 665 | R29: BIN-03B | S29: 890 | T29: 890 | U29: 0.65 | V29: =T29*U29 -> 578.5 | W29: 37 | X29: =Y29/W29 -> 72.054054 | Y29: 2666 | AA29: 66342 | AB29: =AA29-V29 -> 65763.5 | AC29: 46175 | AD29: 65116 | AF29: =AB29-AD29 -> 647.5 | AH29: =AF29+AD29 -> 65763.5
A30: 0 | B30: 46175 | C30: Dry Rcn | D30: 0 | G30: 1024 | H30: 41.09 | I30: 183 | J30: 220 | K30: 8.9 | L30: 12 | M30: 14 | N30: 49 | O30: 0 | P30: 17 | Q30: 682 | R30: 87036 | S30: 0 | T30: 0 | U30: 0.65 | V30: =T30*U30 -> 0 | W30: 31 | X30: =Y30/W30 -> 71.451613 | Y30: 2215 | AA30: 0 | AB30: 0 | AC30: 46175 | AD30: 0 | AF30: 0 | AG30: Lot returned due to start higer KOR calibration/Staked in Calibration Area/Date of retur of CARGO-3/06/2026. (54.663)
A31: 25 | B31: 46178 | C31: Dry Rcn | D31: BIN-001 | E31: ANA-02-DRY | F31: Closed | G31: 1027 | H31: 44.09 | I31: 176 | J31: 232 | K31: 8.8 | L31: 16 | M31: 20 | N31: 21 | O31: 0 | P31: 20 | Q31: 684 | R31: ANA-02-DRY | S31: 810 | T31: 805 | U31: 0.65 | V31: 526 | W31: 27 | X31: =Y31/W31 -> 70.111111 | Y31: 1893 | AA31: 60031 | AB31: =AA31-V31 -> 59505 | AC31: 46178 | AD31: 58913.9 | AF31: =AB31-AD31 -> 591.1 | AH31: =AF31+AD31 -> 59505
A32: 26 | B32: 46179 | C32: Dry Rcn | D32: BIN-001 | E32: ANA-02-DRY | F32: Closed | G32: 1028 | H32: 45.41 | I32: 187 | J32: 240 | K32: 7.6 | L32: 18 | M32: 17 | N32: 15 | O32: 3 | P32: 32 | Q32: 669 | R32: ANA-02-DRY | S32: 1201 | T32: 1201 | U32: =780/1201 -> 0.64945878 | V32: 780 | W32: 40 | X32: =Y32/40 -> 69.275 | Y32: 2771 | AA32: 89375 | AB32: =AA32-V32 -> 88595 | AC32: 46179 | AD32: 88081 | AF32: =AB32-AD32 -> 514 | AH32: =AF32+AD32 -> 88595
A33: 27 | B33: 46179 | C33: Dry Rcn | D33: BIN-001 | E33: ANA-02-DRY | F33: Closed | G33: 1029 | H33: 45.41 | I33: 187 | J33: 241 | K33: 8.8 | L33: 13 | M33: 20 | N33: 23 | O33: 0 | P33: 11 | Q33: 685 | R33: ANA-02-DRY | S33: 746 | T33: 745 | U33: =V33/T33 -> 0.64966443 | V33: 484 | W33: 25 | X33: =Y33/25 -> 72.64 | Y33: 1816 | AA33: 55159 | AB33: =AA33-V33 -> 54675 | AC33: 46179 | AD33: 54456 | AF33: =AB33-AD33 -> 219 | AH33: =AF33+AD33 -> 54675
A34: 28 | B34: 46180 | C34: Dry Rcn | D34: BIN-001 | E34: ANA-02-DRY | F34: Closed | G34: 1030 | H34: 43.82 | I34: 184 | J34: 231 | K34: 91 | L34: 15 | M34: 20 | N34: 27 | O34: 0 | P34: 33 | Q34: 675 | R34: ANA-02-DRY | S34: 1230 | T34: 1234 | U34: 0.65 | V34: 800 | W34: 41 | X34: =Y34/W34 -> 70.487805 | Y34: 2890 | AA34: 89158.5 | AB34: 88358.5 | AC34: 46180 | AD34: 87867.85 | AF34: =AB34-AD34 -> 490.65 | AH34: =AF34+AD34 -> 88358.5
A35: 29 | B35: 46182 | C35: Dry Rcn | D35: BIN-001 | E35: ANA-02-DRY | F35: Closed | G35: 1031 | H35: 44.44 | I35: 188 | J35: 241 | K35: 8.5 | L35: 13 | M35: 9 | N35: 28 | O35: 2 | P35: 23 | Q35: 677 | R35: ANA-02-DRY | S35: 1318 | T35: 1318 | U35: 0.65 | V35: =T35*U35 -> 856.7 | W35: 44 | X35: =Y35/44 -> 71.613636 | Y35: 3151 | AA35: 94315 | AB35: =AA35-V35 -> 93458.3 | AC35: 46182 | AD35: 92903 | AF35: =AB35-AD35 -> 555.3 | AH35: =AF35+AD35 -> 93458.3
A36: 30 | B36: 46182 | C36: Dry Rcn | D36: BIN-001 | E36: ANA-02-DRY | F36: Closed | G36: 1032 | H36: 43.65 | I36: 184 | J36: 235 | K36: 8.1 | L36: 10 | M36: 15 | N36: 27 | O36: 0 | P36: 27 | Q36: 679 | R36: ANA-02-DRY | S36: 1104 | T36: =721+360 -> 1081 | U36: 0.65 | V36: =T36*U36 -> 702.65 | W36: 36 | X36: =Y36/W36 -> 71.472222 | Y36: 2573 | AA36: 77198 | AB36: =AA36-V36 -> 76495.35 | AC36: 46182 | AD36: 75770.1 | AF36: =AB36-AD36 -> 725.25 | AH36: =AF36+AD36 -> 76495.35
A37: 31 | B37: 46183 | C37: Dry Rcn | D37: BIN-001 | E37: ANA-02-DRY | F37: Closed | G37: 1033 | H37: 45.06 | I37: 186 | J37: 238 | K37: 8.1 | L37: 20 | M37: 15 | N37: 18 | O37: 1 | P37: 28 | Q37: 675 | R37: ANA-02-DRY | S37: 1108 | T37: 1108 | U37: 0.65 | V37: =T37*0.65 -> 720.2 | W37: 37 | X37: =Y37/37 -> 72.264865 | Y37: 2673.8 | AA37: 78781 | AB37: =AA37-V37 -> 78060.8 | AC37: 46183 | AD37: =78060 -> 78060 | AG37: Net wt yet pending from Calibrataion | AH37: =AF37+AD37 -> 78060
A38: 32 | B38: 46184 | C38: Dry Rcn | D38: BIN-05 | E38: ANA-05A-DRY | F38: Closed | G38: 1034 | H38: 48.41 | I38: 185 | J38: 258 | K38: 7.4 | L38: 22 | M38: 11 | N38: 14 | O38: 0 | P38: 6 | Q38: 679 | R38: ANA-05A-DRY | S38: 591 | T38: 591 | U38: 0.65 | V38: =T38*U38 -> 384.15 | W38: 24 | X38: =Y38/W38 -> 73.666667 | Y38: 1768 | AA38: 43436 | AB38: =AA38-V38 -> 43051.85 | AC38: 46184 | AD38: 42945.65 | AF38: =AB38-AD38 -> 106.2 | AH38: =AF38+AD38 -> 43051.85
A39: 33 | B39: 46184 | C39: Dry Rcn | D39: BIN-05 | E39: ANA-05A-DRY | F39: Closed | G39: 1035 | H39: 45.06 | I39: 188 | J39: 240 | K39: 7.1 | L39: 23 | M39: 16 | N39: 21 | O39: 4 | P39: 15 | Q39: 665 | R39: ANA-05A-DRY | S39: 867 | T39: 867 | U39: =0.65 -> 0.65 | V39: =U39*T39 -> 563.55 | W39: 36 | X39: =Y39/W39 -> 72.927778 | Y39: 2625.4 | AA39: 61930 | AB39: 61366.55 | AC39: 46184 | AD39: 61179 | AF39: =AB39-AD39 -> 187.55 | AH39: =AF39+AD39 -> 61366.55
A40: 34 | B40: 46185 | C40: Dry Rcn | D40: BIN-05 | E40: ANA-05A-DRY | F40: Closed | G40: 1036 | H40: 44.88 | I40: 185 | J40: 236 | K40: 7.5 | L40: 18 | M40: 19 | N40: 27 | O40: 0 | P40: 16 | Q40: 671 | R40: ANA-05A-DRY | S40: 884 | T40: 884 | U40: 0.65 | V40: =T40*U40 -> 574.6 | W40: 38 | X40: =Y40/38 -> 69.692105 | Y40: 2648.3 | AA40: 65368 | AB40: =AA40-V40 -> 64793.4 | AC40: 46185 | AD40: =64571.4 -> 64571.4 | AF40: =AB40-AD40 -> 222 | AH40: =AF40+AD40 -> 64793.4
A41: 35 | B41: 46186 | C41: Dry Rcn | D41: BIN-05 | E41: ANA-05A-DRY | F41: Closed | G41: 1037 | H41: 44.62 | I41: 184 | J41: 234 | K41: 7.3 | L41: 18 | M41: 20 | N41: 23 | O41: 0 | P41: 33 | Q41: 663 | R41: ANA-05A-DRY | S41: 966 | T41: 966 | U41: 0.65 | V41: =T41*U41 -> 627.9 | Y41: 2853 | AA41: 70726 | AB41: =AA41-V41 -> 70098.1 | AC41: 46186 | AD41: 70098.1 | AG41: Net wt yet pending from Calibrataion | AH41: =AF41+AD41 -> 70098.1
A42: 36 | B42: 46188 | C42: Dry Rcn | D42: BIN-05 | E42: ANA-05A-DRY | F42: Closed | G42: 1038 | H42: 44 | I42: 186 | J42: 233 | K42: 7.6 | L42: 17 | M42: 16 | N42: 28 | O42: 2 | P42: 22 | Q42: 676 | R42: ANA-05A-DRY | S42: 1325 | T42: 1325 | U42: 0.65 | V42: =T42*U42 -> 861.25 | AA42: 97807 | AB42: =AA42-V42 -> 96945.75 | AC42: 46188 | AD42: 96945.75 | AH42: =AF42+AD42 -> 96945.75
A43: 37 | B43: 46189 | C43: Dry Rcn | D43: BIN-05 | E43: ANA-05A-DRY | F43: Closed | G43: 1039 | H43: 44.7 | I43: 186 | J43: 240 | K43: 7.1 | L43: 15 | M43: 12 | N43: 25 | O43: 3 | P43: 22 | Q43: 672 | R43: ANA-05A-DRY | S43: 1428 | T43: 1428 | U43: 0.65 | V43: =T43*U43 -> 928.2 | W43: 60 | Y43: 4281.8 | AA43: 101669 | AB43: =AA43-V43 -> 100740.8 | AC43: 46189 | AD43: =AB43 -> 100740.8 | AH43: =AF43+AD43 -> 100740.8
A44: 38 | B44: 46190 | C44: Dry Rcn | D44: BIN-05 | E44: ANA-05A-DRY | F44: Closed | G44: 1040 | H44: 44.07 | I44: 182 | J44: 234 | K44: 8.2 | L44: 9 | M44: 14 | N44: 33 | O44: 5 | P44: 22 | Q44: 672 | R44: ANA-05A-DRY | S44: =455+1030 -> 1485 | T44: 1485 | U44: =0.65 -> 0.65 | V44: =T44*U44 -> 965.25 | W44: =16+37 -> 53 | X44: =Y44/W44 -> 69.335849 | Y44: =1179.8+2495 -> 3674.8 | AA44: =35047.8+77188 -> 112235.8 | AB44: =AA44-V44 -> 111270.55 | AC44: 46190 | AD44: =AB44 -> 111270.55 | AG44: Direct Issue from Bin due to Low moisture | AH44: =AF44+AD44 -> 111270.55
A45: 39 | B45: 46191 | C45: Dry Rcn | D45: BIN-05 | E45: ANA-05A-DRY | F45: Closed | G45: 1041 | H45: 43.73 | I45: 187 | J45: 229 | K45: 8.1 | L45: 12 | M45: 15 | N45: 36 | O45: 5 | P45: 26 | Q45: 669 | R45: ANA-05A-DRY | S45: 2039 | T45: 2039 | U45: 0.65 | V45: =U45*T45 -> 1325.35 | AA45: 155376 | AB45: =AA45-V45 -> 154050.65 | AC45: 46191 | AD45: =AB45 -> 154050.65 | AG45: Direct Issue from Bin due to Low moisture | AH45: =AF45+AD45 -> 154050.65
A46: 40 | B46: 46192 | C46: Dry Rcn | D46: BIN-05 | E46: ANA-05A-DRY | F46: Closed | G46: 1042 | H46: 45.01 | I46: 188 | J46: 235 | K46: 7.4 | L46: 17 | M46: 13 | N46: 24 | O46: 0 | P46: 39 | Q46: 665 | R46: ANA-05A-DRY | S46: 719 | T46: 719 | U46: 0.65 | V46: =U46*T46 -> 467.35 | W46: 25 | X46: =Y46/W46 -> 73.536 | Y46: =890+457.2+491.2 -> 1838.4 | AA46: 51687.6 | AB46: =AA46-V46 -> 51220.25 | AC46: 46192 | AD46: =AB46 -> 51220.25 | AH46: =AF46+AD46 -> 51220.25
A47: 41 | B47: 46195 | C47: Dry Rcn | D47: BIN-05 | E47: ANA-05A-DRY | F47: Closed | G47: 1043 | H47: 44.62 | I47: 193 | J47: 231 | K47: 7.4 | L47: 17 | M47: 22 | N47: 25 | O47: 2 | P47: 27 | Q47: 666 | R47: ANA-05A-DRY | S47: 1309 | T47: 1309 | U47: 0.65 | V47: =T47*U47 -> 850.85 | W47: =25+19 -> 44 | X47: =3221.6/44 -> 73.218182 | Y47: 3221.6 | AA47: 94894.4 | AB47: =AA47-V47 -> 94043.55 | AC47: 46195 | AD47: =AB47 -> 94043.55 | AH47: =AF47+AD47 -> 94043.55
A48: 42 | B48: 46196 | C48: Dry Rcn | D48: BIN-02A | E48: ANA-02A-DRY | F48: Running | G48: 1044 | H48: 47.57 | I48: 186 | J48: 260 | K48: 7.8 | L48: 8 | M48: 10 | N48: 28 | O48: 0 | P48: 14 | Q48: 667 | R48: ANA-02A-DRY | S48: 1440 | T48: 1440 | U48: =0.65 -> 0.65 | V48: =T48*U48 -> 936 | W48: 48 | X48: =Y48/W48 -> 74.875 | Y48: 3594 | AA48: =109098 -> 109098 | AB48: =AA48-V48 -> 108162 | AC48: 46196 | AD48: =AB48 -> 108162 | AG48: Direct Issue from Bin due to Low moisture | AH48: =AF48+AD48 -> 108162
A49: 43 | B49: 46198 | C49: Dry Rcn | D49: BIN-02A | E49: ANA-02A-DRY | F49: Running | G49: 1045 | H49: 46.47 | I49: 184 | J49: 253 | K49: 8.1 | L49: 13 | M49: 9 | N49: 18 | O49: 0 | P49: 31 | Q49: 666 | R49: ANA-02A-DRY | S49: 1321 | T49: 1321 | U49: 0.65 | V49: =U49*T49 -> 858.65 | W49: 44 | X49: =Y49/W49 -> 73.931818 | Y49: 3253 | AA49: =102851-Y49 -> 99598 | AB49: =AA49-V49 -> 98739.35 | AC49: 46199 | AD49: =AB49 -> 98739.35 | AG49: Direct Issue from Bin due to Low moisture | AH49: =AF49+AD49 -> 98739.35
A50: 44 | B50: 46199 | C50: Dry Rcn | D50: BIN-02A | E50: ANA-02A-DRY | F50: Running | G50: 1046 | H50: 45.71 | I50: 190 | J50: 239 | K50: 8.5 | L50: 20 | M50: 20 | N50: 18 | O50: 3 | P50: 22 | Q50: 673 | R50: ANA-02A-DRY | S50: 1500 | T50: 1500 | U50: 0.65 | V50: =U50*T50 -> 975 | W50: =50 -> 50 | X50: =Y50/50 -> 72.014 | Y50: =3600.7 -> 3600.7 | AA50: 116651.4 | AB50: =AA50-V50 -> 115676.4 | AC50: 46200 | AD50: =AB50 -> 115676.4 | AG50: Direct Issue from Bin due to Low moisture | AH50: =AF50+AD50 -> 115676.4
A51: 45 | B51: 46200 | C51: Dry Rcn | D51: BIN-02A | E51: ANA-02A-DRY | F51: Running | G51: 1047 | H51: 45.81 | I51: 196 | J51: 240 | K51: 8 | L51: 21 | M51: 16 | N51: 24 | O51: 0 | P51: 24 | Q51: 663 | R51: ANA-02A-DRY | S51: 1502 | T51: 1502 | U51: 0.65 | V51: =T51*U51 -> 976.3 | W51: 50 | X51: =Y51/50 -> 70.828 | Y51: 3541.4 | AA51: 110815.8 | AB51: =AA51-V51 -> 109839.5 | AC51: 46200 | AD51: =AB51 -> 109839.5 | AG51: Direct Issue from Bin due to Low moisture | AH51: =AF51+AD51 -> 109839.5
A52: 46 | B52: 46201 | C52: Dry Rcn | D52: BIN-02A | E52: ANA-02A-DRY | F52: Running | G52: 1048 | H52: 46.42 | I52: 197 | J52: 248 | K52: 7.8 | L52: 16 | M52: 15 | N52: 26 | O52: 0 | P52: 27 | Q52: 657 | R52: ANA-02A-DRY | S52: 1170 | T52: 1170 | U52: 0.65 | V52: =T52*U52 -> 760.5 | W52: 39 | X52: =Y52/39 -> 74.697436 | Y52: =2913.2 -> 2913.2 | AA52: =87594.5-Y52 -> 84681.3 | AB52: =AA52-V52 -> 83920.8 | AC52: 46201 | AD52: =AB52 -> 83920.8 | AG52: Direct Issue from Bin due to Low moisture | AH52: =AF52+AD52 -> 83920.8
A53: 47 | B53: 46202 | C53: Dry Rcn | D53: BIN-02A | E53: ANA-02A-DRY | F53: Running | G53: 1049 | H53: 45.63 | I53: 188 | J53: 250 | K53: 7.7 | L53: 3 | M53: 8 | N53: 32 | O53: 4 | P53: 21 | Q53: 673 | R53: ANA-02A-DRY | S53: 1504 | T53: 1504 | U53: 0.65 | V53: =T53*U53 -> 977.6 | W53: 50 | X53: =Y53/W53 -> 72.314 | Y53: =3615.7 -> 3615.7 | AA53: =107540.1-Y53 -> 103924.4 | AB53: =AA53-V53 -> 102946.8 | AC53: 46202 | AD53: =AB53 -> 102946.8 | AG53: Direct Issue from Bin due to Low moisture | AH53: =AF53+AD53 -> 102946.8
A54: 48 | B54: 46203 | C54: Dry Rcn | D54: BIN-02A | E54: ANA-02A-DRY | F54: Running | G54: 1050 | H54: 46.07 | I54: 191 | J54: 246 | K54: 8.1 | L54: 14 | M54: 15 | N54: 26 | O54: 4 | P54: 14 | Q54: 672 | R54: ANA-02A-DRY | S54: 3007 | T54: 3007 | U54: =0.65 -> 0.65 | V54: =T54*U54 -> 1954.55 | W54: 100 | X54: =Y54/W54 -> 70.523 | Y54: =7052.3 -> 7052.3 | AA54: =223527.1 -> 223527.1 | AB54: =AA54-V54 -> 221572.55 | AC54: 46203 | AD54: =AB54 -> 221572.55 | AG54: Direct Issue from Bin due to Low moisture | AH54: =AF54+AD54 -> 221572.55
A55: 49 | B55: 46204 | C55: Dry Rcn | D55: BIN-02A | E55: ANA-02A-DRY | F55: Running | G55: 1051 | H55: 43.82 | I55: 178 | J55: 231 | K55: 8.3 | L55: 12 | M55: 15 | N55: 36 | O55: 4 | P55: 13 | Q55: 682 | R55: ANA-02A-DRY | S55: 751 | T55: 751 | U55: 0.65 | V55: =T55*U55 -> 488.15 | W55: 25 | X55: =Y55/W55 -> 71.92 | Y55: =1798 -> 1798 | AA55: =57966 -> 57966 | AB55: =AA55-V55 -> 57477.85 | AC55: 46204 | AD55: =AB55 -> 57477.85 | AG55: Direct Issue from Bin due to Low moisture | AH55: =AF55+AD55 -> 57477.85
A56: 50 | B56: 46205 | C56: Dry Rcn | D56: BIN-02A | E56: ANA-02A-DRY | F56: Closed | G56: 1051 | H56: 43.82 | I56: 178 | J56: 231 | K56: 8.3 | L56: 12 | M56: 15 | N56: 36 | O56: 4 | P56: 13 | Q56: 682 | R56: ANA-02A-DRY | S56: =2407 -> 2407 | T56: =2407 -> 2407 | U56: 0.65 | V56: =T56*U56 -> 1564.55 | W56: =81 -> 81 | X56: =Y56/W56 -> 72.946914 | Y56: =5908.7 -> 5908.7 | AA56: =178862.3 -> 178862.3 | AB56: =AA56-V56 -> 177297.75 | AC56: 46205 | AD56: =AB56 -> 177297.75 | AG56: Direct Issue from Bin due to Low moisture | AH56: =AF56+AD56 -> 177297.75
A57: 51 | B57: 46209 | C57: Dry Rcn | D57: BIN-02B | E57: ANA-02B-DRY | F57: Running | G57: 1052 | H57: 45.59 | I57: 184 | J57: 242 | K57: 8.1 | L57: 15 | M57: 18 | N57: 21 | O57: 0 | P57: 23 | Q57: 669 | R57: ANA-02B-DRY | S57: 3007 | T57: =3007 -> 3007 | U57: 0.65 | V57: =T57*U57 -> 1954.55 | W57: 101 | X57: =Y57/W57 -> 73.152475 | Y57: =7388.4 -> 7388.4 | AA57: =218773.5 -> 218773.5 | AB57: =AA57-V57 -> 216818.95 | AC57: 46209 | AD57: =AB57 -> 216818.95 | AG57: Direct Issue from Bin due to Low moisture | AH57: =AF57+AD57 -> 216818.95
A58: 52 | B58: 46210 | C58: Dry Rcn | D58: BIN-02B | E58: ANA-02B-DRY | F58: Running | G58: 1053 | H58: 45.76 | I58: 182 | J58: 248 | K58: 7.9 | L58: 10 | M58: 13 | N58: 23 | O58: 0 | P58: 23 | Q58: 675 | R58: ANA-02B-DRY | S58: 2125 | T58: 2125 | U58: 0.65 | V58: =T58*U58 -> 1381.25 | W58: 71 | X58: =Y58/W58 -> 72.823944 | Y58: =5170.5 -> 5170.5 | AA58: =155007 -> 155007 | AB58: =AA58-V58 -> 153625.75 | AC58: 46210 | AD58: =AB58 -> 153625.75 | AG58: Direct Issue from Bin due to Low moisture | AH58: =AF58+AD58 -> 153625.75
A59: 53 | B59: 46213 | C59: Dry Rcn | D59: BIN-02B | E59: ANA-02B-DRY | F59: Running | G59: 1054 | H59: 45.67 | I59: 182 | J59: 244 | K59: 8 | L59: 16 | M59: 14 | N59: 17 | O59: 3 | P59: 20 | Q59: 680 | R59: ANA-02B-DRY | S59: 2995 | T59: 2995 | U59: 0.65 | V59: =T59*U59 -> 1946.75 | W59: 100 | X59: =Y59/W59 -> 74.1 | Y59: =7410 -> 7410 | AA59: 217375.1 | AB59: =AA59-V59 -> 215428.35 | AC59: 46213 | AD59: =AB59 -> 215428.35 | AG59: Direct Issue from Bin due to Low moisture | AH59: =AF59+AD59 -> 215428.35
A60: 54 | B60: 46214 | C60: Dry Rcn | D60: BIN-02B | E60: ANA-02B-DRY | F60: Running | G60: 1055 | H60: 45.85 | I60: 178 | J60: 242 | K60: 8.1 | L60: 24 | M60: 12 | N60: 23 | O60: 0 | P60: 13 | Q60: 680 | R60: ANA-02B-DRY | S60: 1529 | T60: 1529 | U60: 0.65 | V60: =T60*U60 -> 993.85 | W60: 50 | X60: =Y60/W60 -> 74.214 | Y60: =3710.7 -> 3710.7 | AA60: 107790 | AB60: =AA60-V60 -> 106796.15 | AC60: 46333 | AD60: =AB60 -> 106796.15 | AG60: Direct Issue from Bin due to Low moisture | AH60: =AF60+AD60 -> 106796.15
A61: 55 | B61: 46215 | C61: Dry Rcn | D61: BIN-02B | E61: ANA-02B-DRY | F61: Running | G61: 101 | H61: 46.82 | I61: 181 | J61: 249 | K61: 8 | L61: 13 | M61: 20 | N61: 19 | O61: 0 | P61: 17 | Q61: 670 | R61: ANA-02B-DRY | S61: 1314 | T61: 1314 | U61: 0.65 | V61: =T61*U61 -> 854.1 | W61: =19+25 -> 44 | X61: =Y61/W61 -> 71.779545 | Y61: 3158.3 | AA61: 93055.8 | AB61: =AA61-V61 -> 92201.7 | AC61: 46363 | AD61: =AB61 -> 92201.7 | AG61: Direct Issue from Bin due to Low moisture | AH61: =AF61+AD61 -> 92201.7
A62: 56 | B62: 46216 | C62: Dry Rcn | D62: BIN-02B | E62: ANA-02B-DRY | F62: Closed | G62: 102 | H62: 46.29 | I62: 184 | J62: 250 | K62: 8.2 | L62: 11 | M62: 14 | N62: 23 | O62: 2 | P62: 17 | Q62: 677 | R62: ANA-02B-DRY | S62: 1284 | T62: 1284 | U62: 0.65 | V62: =T62*U62 -> 834.6 | W62: 43 | X62: =Y62/W62 -> 72.123256 | Y62: 3101.3 | AA62: 89926.6 | AB62: =AA62-V62 -> 89092 | AC62: 13/07/2026 | AD62: =AB62 -> 89092 | AG62: Direct Issue from Bin due to Low moisture | AH62: =AF62+AD62 -> 89092
A63: 57 | B63: 46217 | C63: Dry Rcn | D63: BIN-008A | E63: ANA-008A-DRY | F63: Running | G63: 103 | H63: 46.29 | I63: 168 | J63: 252 | K63: 7.6 | L63: 11 | M63: 10 | N63: 19 | O63: 0 | P63: 18 | Q63: 682 | R63: ANA-008A-DRY | S63: 1289 | T63: 1289 | U63: 0.65 | V63: =T63*U63 -> 837.85 | W63: =24+19 -> 43 | X63: =Y63/W63 -> 73.95814 | Y63: =3180.2 -> 3180.2 | AA63: 97176.4 | AB63: =AA63-V63 -> 96338.55 | AC63: 14/07/2026 | AD63: =AB63 -> 96338.55 | AG63: Direct Issue from Bin due to Low moisture | AH63: =AF63+AD63 -> 96338.55
A64: 58 | B64: 46218 | C64: Dry Rcn | D64: BIN-008A | E64: ANA-008A-DRY | F64: Running | G64: 104 | H64: 46.82 | I64: 178 | J64: 251 | K64: 7.3 | L64: 17 | M64: 12 | N64: 13 | O64: 0 | P64: 21 | Q64: 677 | R64: ANA-008A-DRY | S64: 1333 | T64: 1333 | U64: 0.65 | V64: =T64*U64 -> 866.45 | W64: =25+19 -> 44 | X64: =Y64/W64 -> 75.915909 | Y64: =3340.3 -> 3340.3 | AA64: =98914 -> 98914 | AB64: =AA64-V64 -> 98047.55 | AC64: 15/07/2026 | AD64: =AB64 -> 98047.55 | AG64: Direct Issue from Bin due to Low moisture | AH64: =AF64+AD64 -> 98047.55
A65: 59 | B65: 46219 | C65: Dry Rcn | D65: BIN-008A | E65: ANA-008A-DRY | F65: Running | G65: 105 | H65: 47.35 | I65: 173 | J65: 255 | K65: 7.4 | L65: 10 | M65: 17 | N65: 17 | O65: 3 | P65: 20 | Q65: 678 | R65: ANA-008A-DRY | S65: 2445 | T65: 2445 | U65: 0.65 | V65: =T65*U65 -> 1589.25 | W65: 81 | X65: =Y65/W65 -> 72.892593 | Y65: 5904.3 | AA65: =179117.3 -> 179117.3 | AB65: =AA65-V65 -> 177528.05 | AC65: 16/07/2026 | AD65: =AB65 -> 177528.05 | AG65: Direct Issue from Bin due to Low moisture | AH65: =AF65+AD65 -> 177528.05
A66: 60 | B66: 46220 | C66: Dry Rcn | D66: BIN-008A | E66: ANA-008A-DRY | F66: Closed | G66: 106 | H66: 46.42 | I66: 178 | J66: 250 | K66: 7.7 | L66: 9 | M66: 15 | N66: 20 | O66: 0 | P66: 24 | Q66: 670 | R66: ANA-008A-DRY | S66: 735 | T66: 735 | U66: 0.65 | V66: =T66*U66 -> 477.75 | W66: 25 | X66: =Y66/W66 -> 74.396 | Y66: 1859.9 | AA66: 53957.6 | AB66: =AA66-V66 -> 53479.85 | AC66: 17/07/2026 | AD66: =AB66 -> 53479.85 | AG66: Direct Issue from Bin due to Low moisture | AH66: =AF66+AD66 -> 53479.85
A67: 61 | B67: 46221 | C67: Dry Rcn | D67: BIN-03B | E67: ANA-03B-DRY | F67: Running | G67: 107 | H67: 43.51 | I67: 180 | J67: 237 | K67: 7.9 | L67: 11 | M67: 14 | N67: 30 | O67: 0 | P67: 19 | Q67: 680 | R67: ANA-03B-DRY | S67: 1201 | T67: 1201 | U67: 0.65 | V67: =T67*U67 -> 780.65 | W67: 40 | X67: =Y67/W67 -> 75.27 | Y67: 3010.8 | AA67: 90902.9 | AB67: =AA67-V67 -> 90122.25 | AC67: 18/07/2026 | AD67: =AB67 -> 90122.25 | AG67: Direct Issue from Bin due to Low moisture | AH67: =AF67+AD67 -> 90122.25
A68: 62 | B68: 46223 | C68: Dry Rcn | D68: BIN-03B | E68: ANA-03B-DRY | F68: Running | G68: 108 | H68: 42.9 | I68: 182 | J68: 236 | K68: 8.2 | L68: 8 | M68: 14 | N68: 20 | O68: 0 | P68: 19 | Q68: 693 | R68: ANA-03B-DRY | S68: 1082 | T68: 1082 | U68: 0.65 | V68: =T68*U68 -> 703.3 | W68: =25+1+11 -> 37 | X68: =Y68/W68 -> 71.383784 | Y68: 2641.2 | AA68: 83487.7 | AB68: =AA68-V68 -> 82784.4 | AC68: 20/07/2026 | AD68: =AB68 -> 82784.4 | AG68: Direct Issue from Bin due to Low moisture | AH68: =AF68+AD68 -> 82784.4
A69: 63 | B69: 46224 | C69: Dry Rcn | D69: BIN-03B | E69: ANA-03B-DRY | F69: Running | G69: 109 | H69: 44.75 | I69: 173 | J69: 242 | K69: 8.3 | L69: 6 | M69: 10 | N69: 28 | O69: 0 | P69: 23 | Q69: 684 | R69: ANA-03B-DRY | S69: 2219 | T69: 2219 | U69: 0.65 | V69: =T69*U69 -> 1442.35 | W69: 75 | X69: =Y69/W69 -> 70.741333 | Y69: 5305.6 | AA69: 169027.7 | AB69: =AA69-V69 -> 167585.35 | AC69: 21/07/2026 | AD69: =AB69 -> 167585.35 | AG69: Direct Issue from Bin due to Low moisture | AH69: =AF69+AD69 -> 167585.35
A70: 64 | B70: 46225 | C70: Dry Rcn | D70: BIN-03B | E70: ANA-03B-DRY | F70: Running | G70: 110 | H70: 41.71 | I70: 173 | J70: 225 | K70: 7.7 | L70: 6 | M70: 17 | N70: 38 | O70: 0 | P70: 12 | Q70: 694 | R70: ANA-03B-DRY | S70: 2389 | T70: 2389 | U70: 0.65 | V70: =T70*U70 -> 1552.85 | W70: 80 | X70: =Y70/W70 -> 74.105 | Y70: 5928.4 | AA70: 180138.3 | AB70: =AA70-V70 -> 178585.45 | AC70: 22/07/2026 | AD70: =AB70 -> 178585.45 | AG70: Direct Issue from Bin due to Low moisture | AH70: =AF70+AD70 -> 178585.45
A71: 65 | B71: 46226 | C71: Dry Rcn | D71: BIN-03B | E71: ANA-03B-DRY | F71: Running | G71: 111 | H71: 42.19 | I71: 176 | J71: 229 | K71: 8.4 | L71: 5 | M71: 15 | N71: 34 | O71: 2 | P71: 29 | Q71: 674 | R71: ANA-03B-DRY | S71: 3005 | T71: 3005 | U71: 0.65 | V71: =T71*U71 -> 1953.25 | W71: 100 | X71: =Y71/W71 -> 73.574 | Y71: 7357.4 | AA71: 226482.5 | AB71: =AA71-V71 -> 224529.25 | AC71: 23/07/2026 | AD71: =AB71 -> 224529.25 | AG71: Direct Issue from Bin due to Low moisture | AH71: =AF71+AD71 -> 224529.25
A72: 66 | B72: 46227 | C72: Dry Rcn | D72: BIN-03B | E72: ANA-03B-DRY | F72: Running | G72: 112 | H72: 42.1 | I72: 176 | J72: 226 | K72: 8.5 | L72: 6 | M72: 9 | N72: 33 | O72: 4 | P72: 38 | Q72: 675 | R72: ANA-03B-DRY | S72: 2714 | T72: 2714 | U72: 0.65 | V72: =T72*U72 -> 1764.1 | W72: 90 | X72: =Y72/W72 -> 73.717778 | Y72: 6634.6 | AA72: 208062.5 | AB72: =AA72-V72 -> 206298.4 | AC72: 24/07/2026 | AD72: =AB72 -> 206298.4 | AG72: Direct Issue from Bin due to Low moisture | AH72: =AF72+AD72 -> 206298.4
A73: 67 | B73: 46228 | C73: Dry Rcn | D73: BIN-03B | E73: ANA-03B-DRY | F73: Running | G73: 113 | H73: 42.28 | I73: 172 | J73: 232 | K73: 8.7 | L73: 7 | M73: 15 | N73: 25 | O73: 5 | P73: 24 | Q73: 681 | R73: ANA-03B-DRY | S73: 1835 | T73: 1835 | U73: 0.65 | V73: =T73*U73 -> 1192.75 | W73: 61 | X73: =Y73/W73 -> 73.686885 | Y73: 4494.9 | AA73: 139024.7 | AB73: =AA73-V73 -> 137831.95 | AC73: 25/7/2026 | AD73: =AB73 -> 137831.95 | AG73: Direct Issue from Bin due to Low moisture | AH73: =AF73+AD73 -> 137831.95
A74: 68 | B74: 46230 | C74: Dry Rcn | D74: BIN-03B | E74: ANA-03B-DRY | F74: Running | G74: 114 | H74: 43.33 | I74: 178 | J74: 239 | K74: 9 | L74: 8 | M74: 16 | N74: 26 | O74: 2 | P74: 16 | Q74: 684 | R74: ANA-03B-DRY | S74: 1653 | T74: 1653 | U74: 0.65 | V74: =T74*U74 -> 1074.45 | W74: 56 | X74: =Y74/W74 -> 71.260714 | Y74: 3990.6 | AA74: 123721.7 | AB74: =AA74-V74 -> 122647.25 | AC74: 27/7/2026 | AD74: =AB74 -> 122647.25 | AG74: Direct Issue from Bin due to Low moisture | AH74: =AF74+AD74 -> 122647.25
A75: 69 | B75: 46231 | C75: Dry Rcn | D75: BIN-03B | E75: ANA-03B-DRY | F75: Running | G75: 115 | H75: 44.26 | I75: 174 | J75: 239 | K75: 9 | L75: 5 | M75: 13 | N75: 31 | O75: 1 | P75: 23 | Q75: 680 | R75: ANA-03B-DRY | S75: 1795 | T75: 1795 | U75: 0.65 | V75: =T75*U75 -> 1166.75 | W75: 60 | X75: =Y75/W75 -> 72.418333 | Y75: 4345.1 | AA75: 136250.7 | AB75: =AA75-V75 -> 135083.95 | AC75: 28/07/2026 | AD75: =AB75 -> 135083.95 | AG75: Direct Issue from Bin due to Low moisture | AH75: =AF75+AD75 -> 135083.95
A76: 70 | B76: 46232 | C76: Dry Rcn | D76: BIN-03B | E76: ANA-03B-DRY | F76: Running | G76: 116 | H76: 43.07 | I76: 172 | J76: 241 | K76: 8.8 | L76: 5 | M76: 13 | N76: 27 | O76: 2 | P76: 26 | Q76: 679 | R76: ANA-03B-DRY | S76: 1811 | T76: 1811 | U76: 0.65 | V76: =T76*U76 -> 1177.15 | W76: 60 | X76: =Y76/W76 -> 71.681667 | Y76: 4300.9 | AA76: ='No Dryied Issued RCN'!K33 -> 137037.7 | AB76: =AA76-V76 -> 135860.55 | AC76: 29/07/2026 | AD76: =AB76 -> 135860.55 | AG76: Direct Issue from Bin due to Low moisture | AH76: =AF76+AD76 -> 135860.55
A77: 71 | B77: 46233 | C77: Dry Rcn | D77: BIN-03B | E77: ANA-03B-DRY | F77: Running | G77: 117 | H77: 41.97 | I77: 176 | J77: 228 | K77: 8.4 | L77: 5 | M77: 16 | N77: 28 | O77: 0 | P77: 35 | Q77: 680 | R77: ANA-03B-DRY | S77: 1797 | T77: 1797 | U77: 0.65 | V77: =T77*U77 -> 1168.05 | W77: 60 | X77: =Y77/W77 -> 71.958333 | Y77: 4317.5 | AA77: 136449.8 | AB77: =AA77-V77 -> 135281.75 | AC77: 30/07/2026 | AD77: =AB77 -> 135281.75 | AG77: Direct Issue from Bin due to Low moisture | AH77: =AF77+AD77 -> 135281.75
A78: 72 | B78: 46234 | C78: Dry Rcn | D78: BIN-03B | E78: ANA-03B-DRY | F78: Running | G78: 118 | H78: 43.47 | I78: 172 | J78: 232 | K78: 8.4 | L78: 5 | M78: 15 | N78: 29 | O78: 0 | P78: 37 | Q78: 673 | R78: ANA-03B-DRY | S78: 1716 | T78: 1716 | U78: 0.65 | V78: =T78*U78 -> 1115.4 | W78: 57 | X78: =Y78/W78 -> 72.280702 | Y78: 4120 | AA78: 129860.2 | AB78: =AA78-V78 -> 128744.8 | AC78: 31/07/2026 | AD78: =AB78 -> 128744.8 | AG78: Direct Issue from Bin due to Low moisture | AH78: =AF78+AD78 -> 128744.8
A79: 73 | B79: 46236 | C79: Dry Rcn | D79: BIN-03B | E79: ANA-03B-DRY | F79: Running | G79: 119 | H79: 43.47 | I79: 175 | J79: 237 | K79: 8.4 | L79: 7 | M79: 16 | N79: 25 | O79: 1 | P79: 26 | Q79: 679 | R79: ANA-03B-DRY | S79: 1583 | T79: 1583 | U79: 0.65 | V79: =T79*U79 -> 1028.95 | W79: 53 | X79: =Y79/W79 -> 73.677358 | Y79: 3904.9 | AA79: ='No Dryied Issued RCN'!K36 -> 118474.3 | AB79: =AA79-V79 -> 117445.35 | AC79: 46030 | AD79: =AB79 -> 117445.35 | AG79: Direct Issue from Bin due to Low moisture | AH79: =AF79+AD79 -> 117445.35
A80: 74 | B80: 46237 | C80: Dry Rcn | D80: BIN-03B | E80: ANA-03B-DRY | F80: Running | G80: 120 | H80: 42.63 | I80: 175 | J80: 224 | K80: 8.2 | L80: 11 | M80: 15 | N80: 33 | O80: 0 | P80: 22 | Q80: 687 | R80: ANA-03B-DRY | S80: 1506 | T80: 1506 | U80: 0.65 | V80: =T80*U80 -> 978.9 | W80: 50 | X80: =Y80/W80 -> 72.546 | Y80: 3627.3 | AA80: ='No Dryied Issued RCN'!K37 -> 113632.1 | AB80: =AA80-V80 -> 112653.2 | AC80: 46089 | AD80: =AB80 -> 112653.2 | AG80: Direct Issue from Bin due to Low moisture | AH80: =AF80+AD80 -> 112653.2
A81: 75 | B81: 46237 | C81: Dry Rcn | D81: BIN-016 | E81: ANA-016-DRY | F81: Running | G81: 120 | H81: 40.69 | I81: 189 | J81: 212 | K81: 8.2 | L81: 7 | M81: 15 | N81: 64 | O81: 0 | P81: 17 | Q81: 678 | R81: ANA-016-DRY | S81: 300 | T81: 300 | U81: 0.65 | V81: =T81*U81 -> 195 | W81: 10 | X81: =Y81/W81 -> 71.6 | Y81: 716 | AA81: ='No Dryied Issued RCN'!K38 -> 21406.2 | AB81: =AA81-V81 -> 21211.2 | AC81: 46089 | AD81: =AB81 -> 21211.2 | AG81: Direct Issue from Bin due to Low moisture | AH81: =AF81+AD81 -> 21211.2
A82: 76 | B82: 46238 | C82: Dry Rcn | D82: BIN-016 | E82: ANA-016-DRY | F82: Running | G82: 121 | H82: 42.94 | I82: 171 | J82: 227 | K82: 8.3 | L82: 6 | M82: 20 | N82: 27 | O82: 2 | P82: 24 | Q82: 686 | R82: ANA-016-DRY | S82: 450 | T82: 450 | U82: 0.65 | V82: =T82*U82 -> 292.5 | W82: 15 | X82: =Y82/W82 -> 76.866667 | Y82: 1153 | AA82: ='No Dryied Issued RCN'!K40 -> 32234.7 | AB82: =AA82-V82 -> 31942.2 | AC82: 46120 | AD82: =AB82 -> 31942.2 | AG82: Direct Issue from Bin due to Low moisture | AH82: =AF82+AD82 -> 31942.2 | AI82: Mixed Sampling
A83: 77 | B83: 46238 | C83: Dry Rcn | D83: BIN-03B | E83: ANA-03B-DRY | F83: Running | G83: 121 | H83: 42.94 | I83: 171 | J83: 227 | K83: 8.3 | L83: 6 | M83: 20 | N83: 27 | O83: 2 | P83: 24 | Q83: 686 | R83: ANA-03B-DRY | S83: 1656 | T83: 1656 | U83: 0.65 | V83: =T83*U83 -> 1076.4 | W83: 55 | X83: =Y83/W83 -> 72.965455 | Y83: 4013.1 | AA83: ='No Dryied Issued RCN'!K39 -> 125120.4 | AB83: =AA83-V83 -> 124044 | AC83: 46120 | AD83: =AB83 -> 124044 | AG83: Direct Issue from Bin due to Low moisture | AH83: =AF83+AD83 -> 124044 | AI83: Mixed Sampling
A84: 78 | B84: 46239 | C84: Dry Rcn | D84: BIN-03B | E84: ANA-03B-DRY | F84: Running | G84: 122 | H84: 42.72 | I84: 174 | J84: 231 | K84: 8.4 | L84: 7 | M84: 15 | N84: 37 | O84: 0 | P84: 15 | Q84: 687 | R84: ANA-03B-DRY | S84: =731+115 -> 846 | T84: 846 | U84: 0.65 | V84: =T84*U84 -> 549.9 | W84: 29 | X84: =Y84/W84 -> 72.258621 | Y84: 2095.5 | AA84: 63793.6 | AB84: =AA84-V84 -> 63243.7 | AC84: 46150 | AD84: =AB84 -> 63243.7 | AG84: Direct Issue from Bin due to Low moisture | AH84: =AF84+AD84 -> 63243.7
A85: 79 | B85: 46239 | C85: Dry Rcn | D85: BIN-016 | E85: ANA-016-DRY | F85: Running | G85: 122 | H85: 40.12 | I85: 184 | J85: 212 | K85: 7.8 | L85: 11 | M85: 20 | N85: 36 | O85: 0 | P85: 17 | Q85: 695 | R85: ANA-016-DRY | S85: 450 | T85: 450 | U85: 0.65 | V85: =T85*U85 -> 292.5 | W85: 15 | X85: =Y85/W85 -> 73.82 | Y85: 1107.3 | AA85: ='No Dryied Issued RCN'!K42 -> 31952.5 | AB85: =AA85-V85 -> 31660 | AC85: 46150 | AD85: =AB85 -> 31660 | AG85: Direct Issue from Bin due to Low moisture | AH85: =AF85+AD85 -> 31660
A86: 80 | B86: 46239 | C86: Dry Rcn | D86: BIN-010 | E86: BIN-010-DRY | F86: Running | G86: 122 | H86: 42.32 | I86: 173 | J86: 234 | K86: 9 | L86: 4 | M86: 8 | N86: 45 | O86: 0 | P86: 17 | Q86: 683 | R86: ANA-010-DRY | S86: 300 | T86: 300 | U86: 0.65 | V86: =T86*U86 -> 195 | W86: 10 | X86: =Y86/W86 -> 65.58 | Y86: 655.8 | AA86: ='No Dryied Issued RCN'!K43 -> 22623.1 | AB86: =AA86-V86 -> 22428.1 | AC86: 46150 | AD86: =AB86 -> 22428.1 | AG86: Direct Issue from Bin due to Low moisture | AH86: =AF86+AD86 -> 22428.1
A87: 81 | B87: 46240 | C87: Dry Rcn | D87: BIN-03B | E87: ANA-03B-DRY | F87: Running | G87: 123 | H87: 41.27 | I87: 178 | J87: 229 | K87: 8.6 | L87: 4 | M87: 6 | N87: 46 | O87: 1 | P87: 24 | Q87: 683 | R87: ANA-03B-DRY | S87: 412 | T87: 412 | U87: 0.65 | V87: =T87*U87 -> 267.8 | W87: 14 | X87: =Y87/W87 -> 76.957143 | Y87: 1077.4 | AA87: ='No Dryied Issued RCN'!K44 -> 31551.4 | AB87: =AA87-V87 -> 31283.6 | AC87: 46181 | AD87: =AB87 -> 31283.6 | AG87: Direct Issue from Bin due to Low moisture | AH87: =AF87+AD87 -> 31283.6
A88: 82 | B88: 46240 | C88: Dry Rcn | D88: BIN-016 | E88: ANA-016-DRY | F88: Running | G88: 123 | H88: 39.24 | I88: 183 | J88: 214 | K88: 8.4 | L88: 3 | M88: 14 | N88: 52 | O88: 0 | P88: 18 | Q88: 691 | R88: ANA-016-DRY | S88: 450 | T88: 450 | U88: 0.65 | V88: =T88*U88 -> 292.5 | W88: 15 | X88: =Y88/W88 -> 77.6 | Y88: 1164 | AA88: ='No Dryied Issued RCN'!K45 -> 33165.8 | AB88: =AA88-V88 -> 32873.3 | AC88: 46181 | AD88: =AB88 -> 32873.3 | AG88: Direct Issue from Bin due to Low moisture | AH88: =AF88+AD88 -> 32873.3
A89: 83 | B89: 46240 | C89: Dry Rcn | D89: BIN-010 | E89: BIN-010-DRY | F89: Running | G89: 123 | H89: 42.68 | I89: 172 | J89: 233 | K89: 8.4 | L89: 6 | M89: 12 | N89: 31 | O89: 2 | P89: 35 | Q89: 672 | R89: ANA-010-DRY | S89: 300 | T89: 300 | U89: 0.65 | V89: =T89*U89 -> 195 | W89: 10 | X89: =Y89/W89 -> 78.08 | Y89: 780.8 | AA89: ='No Dryied Issued RCN'!K46 -> 22491.9 | AB89: =AA89-V89 -> 22296.9 | AC89: 46181 | AD89: =AB89 -> 22296.9 | AG89: Direct Issue from Bin due to Low moisture | AH89: =AF89+AD89 -> 22296.9
A90: 84 | B90: 46243 | C90: Dry Rcn | D90: BIN-016 | E90: ANA-016-DRY | F90: Running | G90: 124 | H90: 40.25 | I90: 187 | J90: 226 | K90: 7.6 | L90: 5 | M90: 13 | N90: 40 | O90: 1 | P90: 16 | Q90: 690 | R90: ANA-016-DRY | S90: =1451+636 -> 2087 | T90: 2087 | U90: 0.65 | V90: =T90*U90 -> 1356.55 | W90: =50+21 -> 71 | X90: =Y90/W90 -> 72.825352 | Y90: =3599.9+1570.7 -> 5170.6 | AA90: ='No Dryied Issued RCN'!K47+'No Dryied Issued RCN'!K48-'FINAL DRY RCN-YAKRO-2026'!T64 -> 120296.4 | AB90: =AA90-V90 -> 118939.85 | AC90: 46273 | AD90: =AB90 -> 118939.85 | AG90: Direct Issue from Bin due to Low moisture | AH90: =AF90+AD90 -> 118939.85
A91: 85 | B91: 46243 | C91: Dry Rcn | D91: BIN-016 | E91: ANA-016-DRY | F91: Closed | G91: 124 | H91: 40.25 | I91: 187 | J91: 226 | K91: 7.6 | L91: 5 | M91: 13 | N91: 40 | O91: 1 | P91: 16 | Q91: 690 | R91: ANA-016-DRY | S91: 531 | T91: 531 | U91: 1 | V91: 531 | AA91: ='FINAL DRY RCN-YAKRO-2026'!R64 -> 36872 | AB91: =AA91-V91 -> 36341 | AC91: 46273 | AD91: =AB91 -> 36341 | AG91: Direct Issue from Bin due to Low moisture | AH91: =AF91+AD91 -> 36341
A92: 86 | B92: 46244 | C92: Dry Rcn | D92: BIN-010 | E92: BIN-010-DRY | F92: Running | G92: 125 | H92: 43.64 | I92: 177 | J92: 240 | K92: 7.8 | L92: 6 | M92: 11 | N92: 25 | O92: 0 | P92: 35 | Q92: 671 | R92: ANA-010-DRY | S92: 1214 | T92: 1214 | U92: 0.65 | V92: =T92*U92 -> 789.1 | W92: 41 | X92: =Y92/W92 -> 71.707317 | Y92: 2940 | AA92: ='No Dryied Issued RCN'!K49 -> 93569.1 | AB92: =AA92-V92 -> 92780 | AC92: 46303 | AD92: =AB92 -> 92780 | AG92: Direct Issue from Bin due to Low moisture | AH92: =AF92+AD92 -> 92780
A93: 87 | B93: 46245 | C93: Dry Rcn | D93: BIN-010 | E93: BIN-010-DRY | F93: Running | G93: 126 | H93: 43.56 | I93: 181 | J93: 236 | K93: 8.3 | L93: 5 | M93: 18 | N93: 24 | O93: 2 | P93: 13 | Q93: 694 | R93: ANA-010-DRY | S93: 1816 | T93: 1816 | U93: 0.65 | V93: 1180.4 | W93: 60 | X93: =Y93/W93 -> 71.98 | Y93: 4318.8 | AA93: 139173.7 | AB93: =AA93-V93 -> 137993.3 | AC93: 46334 | AD93: =AB93 -> 137993.3 | AG93: Direct Issue from Bin due to Low moisture | AH93: =AF93+AD93 -> 137993.3
A94: 88 | B94: 46246 | C94: Dry Rcn | D94: BIN-010 | E94: BIN-010-DRY | F94: Running | G94: 127 | H94: 43.25 | I94: 173 | J94: 231 | K94: 8 | L94: 6 | M94: 20 | N94: 27 | O94: 0 | P94: 24 | Q94: 685 | R94: ANA-010-DRY | S94: 1840 | T94: 1840 | U94: 0.65 | V94: 1196 | W94: 60 | X94: =Y94/W94 -> 73.271667 | Y94: 4396.3 | AA94: 141222.3 | AB94: =AA94-V94 -> 140026.3 | AC94: 46364 | AD94: 140026.3 | AG94: Direct Issue from Bin due to Low moisture | AH94: =AF94+AD94 -> 140026.3
A95: 89 | B95: 46247 | C95: Dry Rcn | D95: BIN-010 | E95: BIN-010-DRY | F95: Running | G95: 128 | H95: 44.48 | I95: 177 | J95: 239 | K95: 7.8 | L95: 9 | M95: 20 | N95: 21 | O95: 4 | P95: 2 | Q95: 699 | R95: ANA-010-DRY | S95: 1975 | T95: 1975 | U95: 0.65 | V95: 1283.75 | W95: 66 | X95: =Y95/W95 -> 72.2 | Y95: 4765.2 | AA95: 146970 | AB95: =AA95-V95 -> 145686.25 | AC95: 13/08/2026 | AD95: 145686.25 | AG95: Direct Issue from Bin due to Low moisture | AH95: 145686.25
A96: 90 | B96: 46248 | C96: Dry Rcn | D96: BIN-010 | E96: BIN-010-DRY | F96: Running | G96: 129 | H96: 44.79 | I96: 179 | J96: 247 | K96: 7.7 | L96: 5 | M96: 8 | N96: 22 | O96: 0 | P96: 17 | Q96: 688 | R96: ANA-010-DRY | S96: 2267 | T96: 2267 | U96: 0.65 | V96: 1473.55 | W96: 75 | X96: =Y96/W96 -> 73.304 | Y96: 5497.8 | AA96: 168931 | AB96: =AA96-V96 -> 167457.45 | AC96: 14/08/2026 | AD96: 167457.45 | AG96: Direct Issue from Bin due to Low moisture | AH96: =AF96+AD96 -> 167457.45
A97: 91 | B97: 46251 | C97: Dry Rcn | D97: BIN-010 | E97: BIN-010-DRY | F97: Running | G97: 130 | H97: 43.11 | I97: 183 | J97: 234 | K97: 8.1 | L97: 5 | M97: 14 | N97: 20 | O97: 0 | P97: 38 | Q97: 669 | R97: ANA-010-DRY | S97: 1307 | T97: 1307 | U97: 0.65 | V97: 849.55 | W97: 45 | X97: =Y97/W97 -> 70.204444 | Y97: 3159.2 | AA97: 98858.6 | AB97: =AA97-V97 -> 98009.05 | AC97: 17/08/2026 | AD97: 98009.05 | AG97: Direct Issue from Bin due to Low moisture | AH97: 98009.25
A98: 92 | B98: 46252 | C98: Dry Rcn | D98: BIN-010 | E98: BIN-010-DRY | F98: Closed | G98: 131 | H98: 43.74 | I98: 181 | J98: 231 | K98: 7.8 | L98: 8 | M98: 21 | N98: 26 | O98: 3 | P98: 19 | Q98: 682 | R98: ANA-010-DRY | S98: 703 | T98: 703 | U98: 0.65 | V98: 456.95 | W98: 23 | X98: =Y98/W98 -> 70.382609 | Y98: 1618.8 | AA98: 52018.5 | AB98: =AA98-V98 -> 51561.55 | AC98: 18/08/2026 | AD98: 51156.55 | AG98: Direct Issue from Bin due to Low moisture | AH98: 51156.55
A99: 93 | B99: 46253 | C99: Dry Rcn | D99: BIN-03B | E99: ANA-03B-DRY | F99: Running | G99: 132 | H99: 43.83 | I99: 179 | J99: 231 | K99: 7.5 | L99: 6 | M99: 25 | N99: 28 | O99: 0 | P99: 17 | Q99: 686 | R99: ANA-03B-DRY | S99: 2262 | T99: 2262 | U99: 0.65 | V99: 1470.3 | W99: 75 | X99: =Y99/W99 -> 71.765333 | Y99: 5382.4 | AA99: 155454.8 | AB99: =AA99-V99 -> 153984.5 | AC99: 18/08/2026 | AD99: 153984.5 | AG99: Dried BIN issue to calibration | AH99: 153984.5
A100: 94 | B100: 46253 | C100: Dry Rcn | D100: BIN-03B | E100: ANA-03B-DRY | F100: Running | G100: 133 | H100: 44.22 | I100: 175 | J100: 244 | K100: 7.7 | L100: 7 | M100: 6 | N100: 37 | O100: 2 | P100: 13 | Q100: 683 | R100: ANA-03B-DRY | S100: 1668 | T100: 1668 | U100: 0.65 | V100: 1084.2 | W100: 56 | X100: =Y100/W100 -> 73.776786 | Y100: 4131.5 | AA100: 115785.6 | AB100: =AA100-V100 -> 114701.4 | AC100: 19/08/2026 | AD100: 114701.4 | AG100: Dried BIN issue to calibration | AH100: 114701.4
A101: 95 | B101: 46254 | C101: Dry Rcn | D101: BIN-03B | E101: ANA-03B-DRY | F101: Running | G101: 134 | H101: 43.51 | I101: 176 | J101: 230 | K101: 7.9 | L101: 6 | M101: 14 | N101: 36 | O101: 0 | P101: 24 | Q101: 684 | R101: ANA-03B-DRY | S101: 2261 | T101: 2261 | U101: 0.65 | V101: 1469.65 | W101: 75 | X101: =Y101/W101 -> 70.706667 | Y101: 5303 | AA101: 156514.1 | AB101: =AA101-V101 -> 155044.45 | AC101: 19/08/2026 | AD101: 155044.45 | AG101: Dried BIN issue to calibration | AH101: 155044.45
A102: 96 | B102: 46255 | C102: Dry Rcn | D102: BIN-03B | E102: ANA-03B-DRY | F102: Running | G102: 135 | H102: 43.29 | I102: 174 | J102: 237 | K102: 8 | L102: 7 | M102: 16 | N102: 32 | O102: 3 | P102: 13 | Q102: 686 | R102: ANA-03B-DRY | S102: 2069 | T102: 2069 | U102: 0.65 | V102: 1344.85 | W102: 69 | X102: =Y102/W102 -> 72.610145 | Y102: 5010.1 | AA102: 145119.8 | AB102: =AA102-V102 -> 143774.95 | AC102: 20/08/2026 | AD102: 143774.95 | AG102: Dried BIN issue to calibration | AH102: 143774.95
A103: 97 | B103: 46256 | C103: Dry Rcn | D103: BIN-03B | E103: ANA-03B-DRY | F103: Running | G103: 136 | H103: 42.64 | I103: 170 | J103: 234 | K103: 8.4 | L103: 6 | M103: 14 | N103: 33 | O103: 0 | P103: 0 | Q103: 707 | R103: ANA-03B-DRY | S103: 434 | T103: 434 | U103: 0.65 | V103: 282.1 | W103: 15 | X103: =Y103/W103 -> 68.733333 | Y103: 1031 | AA103: 30908.6 | AB103: =AA103-V103 -> 30626.5 | AC103: 22/08/2026 | AD103: =Table4[[#This Row],[Net Wt (Without Jute Bag)]] -> 30626.5 | AG103: Dried BIN issue to calibration | AH103: =AF103+AD103 -> 30626.5
...
