Workbook

Sheet LBA-2026
A2: SI NO | B2: Supplier Name (LBA) | C2: Supplier Code LBA)
A3: 1 | B3: RCN ADAM IVOIRE | C3: DIS-031-ADA
A4: 2 | B4: RCN AGRICAS IVOIRE | C4: LBA-023-AGR
A5: 3 | B5: RCN ALFCOUL GROUP | C5: DIS-028-ALF
A6: 4 | B6: RCN BROUMA SARL | C6: DIS-041-BRO
A7: 5 | B7: RCN CADEPO COOP CA | C7: DIS-024-CAD
A8: 6 | B8: RCN CAPCD- SCOOPS | C8: LBA-010-CAP
A9: 7 | B9: RCN CASP-S SCOOPS | C9: LBA-007-CAS
A10: 8 | B10: RCN COOPCA TOE SEYDOU | C10: DIS-036-SEY
A11: 9 | B11: RCN COPJAVA SCOOP | C11: LBA -005-JAV
A12: 10 | B12: RCN CPAS SCOOPS | C12: DIS-029-CPA
A13: 11 | B13: RCN DAGNOGO KARIM | C13: LBA-013-DAG
A14: 12 | B14: RCN DECARRE DAVID & DJOUMAN | C14: DIS-019-DEC
... A60: 58 | B60: RCN SOVA SCOOPS | C60: DIS-005-SOV

Sheet RCN INWARD FACTORY YAKRO 2026
B1: Daily Report 2026 | G1: 2500 | H1: 32133 | S1: +Q:BC | AA1: =S2/1000 | AC1: =+SUBTOTAL(9,AC5:AC4274) -> 136077 | AD1: =+SUBTOTAL(9,AD5:AD4274) -> 2373 | AH1: =+SUBTOTAL(9,AH5:AH4274) -> 140243 | AI1: =+SUBTOTAL(9,AI5:AI4274) -> 0 | AJ1: =+SUBTOTAL(9,AJ5:AJ4274) -> 0 | AK1: =+SUBTOTAL(9,AK5:AK4274) -> 139741 | AL1: =+SUBTOTAL(9,AL5:AL4274) -> 140454 | AM1: =+SUBTOTAL(9,AM5:AM4274) -> 11390255 | AN1: =+SUBTOTAL(9,AN5:AN4274) -> 175409 | AO1: =+SUBTOTAL(9,AO5:AO4274) -> 11249945 | ... AR1: =+SUBTOTAL(9,AR5:AR4274) -> 35984 | AT1: 2500 | AV1: Qualit Report - View-1 | BM1: Qualit Report - View-2 | CC1: SUMPRODUCT(AR5:AR5076,$Y5:$Y5076/$Y$2)
W2: =SUM(W5:W92) -> 47143 | X2: =SUM(X5:X92) -> 3537 | Y2: =SUM(Y5:Y318) -> 140052 | Z2: =SUM(Z5:Z92) -> 4239 | AA2: =SUM(AA5:AA92) -> 51318 | AB2: =SUM(AB5:AB92) -> 4239 | AC2: =+SUBTOTAL(9,AC5:AC4275) -> 136077 | AD2: =+SUBTOTAL(9,AD5:AD4275) -> 2373 | AF2: =SUM(AF5:AF259) -> 8894 | AG2: =+SUBTOTAL(9,AG5:AG4275) -> 0 | AH2: =+SUBTOTAL(9,AH5:AH4275) -> 140243 | AI2: =+SUBTOTAL(9,AI5:AI4275) -> 0 | AJ2: =+SUBTOTAL(9,AJ5:AJ4275) -> 0 | AK2: =+SUBTOTAL(9,AK5:AK4275) -> 139741 | AL2: =+SUBTOTAL(9,AL5:AL4275) -> 140454 | AM2: =+SUBTOTAL(9,AM5:AM4275) -> 11390255 | AN2: =+SUBTOTAL(9,AN5:AN4275) -> 175409 | ... AP2: =+SUBTOTAL(9,AP5:AP4275) -> 11213323 | AQ2: =+SUBTOTAL(9,AQ5:AQ1187) -> 11212919 | AR2: =+SUBTOTAL(9,AR5:AR4275) -> 35984 | AS2: =+SUBTOTAL(9,AS5:AS4275) -> 11250203 | AV2: {=SUMPRODUCT(AV5:AV4284,$AO5:$AO4284/$AO$2)} -> 27.195206 | AW2: {=SUMPRODUCT(AW5:AW4284,$AO5:$AO4284/$AO$2)} -> 18.203954 | AX2: {=SUMPRODUCT(AX5:AX4284,$AO5:$AO4284/$AO$2)} -> 1.9633749 | AY2: {=SUMPRODUCT(AY5:AY4284,$AO5:$AO4284/$AO$2)} -> 47.362535 | AZ2: {=SUMPRODUCT(AZ5:AZ4284,$AO5:$AO4284/$AO$2)} -> 232.26518 | BA2: {=SUMPRODUCT(BA5:BA4284,$AO5:$AO4284/$AO$2)} -> 14.40345 | BB2: {=SUMPRODUCT(BB5:BB4284,$AO5:$AO4284/$AO$2)} -> 11.343039 | BC2: {=SUMPRODUCT(BC5:BC4259,$AO5:$AO4284/$AO$2)} -> #VALUE! | BD2: =+#REF!/AO2 -> #REF! | BF2: {=SUMPRODUCT(BF5:BF4259,$AO5:$AO4284/$AO$2)} -> #VALUE! | BG2: {=SUMPRODUCT(BG5:BG4284,$AO5:$AO4284/$AO$2)} -> 50.648216 | BJ2: {=SUMPRODUCT(BJ5:BJ4284,$AO5:$AO4284/$AO$2)} -> 10.598221 | BK2: {=SUMPRODUCT(BK5:BK4284,$AO5:$AO4284/$AO$2)} -> 179.5523 | BM2: {=SUMPRODUCT(BM5:BM4284,$AO5:$AO4284/$AO$2)} -> 28.460926 | BO2: {=SUMPRODUCT(BO5:BO4284,$AO5:$AO4284/$AO$2)} -> 19.165693 | BP2: {=SUMPRODUCT(BP5:BP4284,$AO5:$AO4284/$AO$2)} -> 2.0021016 | BQ2: {=SUMPRODUCT(BQ5:BQ4284,$AO5:$AO4284/$AO$2)} -> 49.628721 | BR2: {=SUMPRODUCT(BR5:BR4284,$AO5:$AO4284/$AO$2)} -> 235.90639 | BS2: {=SUMPRODUCT(BS5:BS4284,$AO5:$AO4284/$AO$2)} -> 15.199113 | BT2: {=SUMPRODUCT(BT5:BT4284,$AO5:$AO4284/$AO$2)} -> 11.713195 | BU2: {=SUMPRODUCT(BU5:BU4284,$AO5:$AO4284/$AO$2)} -> 262.81869 | BV2: =+#REF!/BD2 -> #REF! | BY2: {=SUMPRODUCT(BY5:BY4284,$AO5:$AO4284/$AO$2)} -> 46.353333 | BZ2: {=SUMPRODUCT(BZ5:BZ4284,$AO5:$AO4284/$AO$2)} -> 51.726097 | CC2: {=SUMPRODUCT(CC5:CC4284,$AO5:$AO4284/$AO$2)} -> 10.60898 | CD2: {=SUMPRODUCT(CD5:CD4284,$AO5:$AO4284/$AO$2)} -> 178.27604
A3: Delivery Information | V3: Bags Information | W3: Physical RCN Bag Stock | AC3: BAGS INFORMATION | AL3: OFFLLOADING | AV3: Detailed Quality Information/ (Sampling Report) | BM3: Detailed Quality Information/ (Final Offloading Report)
A4: S. No. | B4: Warehouse / Site | C4: Warehouse | D4: Lot No | E4: Lot Dry | F4: Bordereau De Livraison) | G4: W/H Receipt No. (F.De DISCHARGMENT) | H4: FITCH DATE | I4: Date | J4: ACTIVITY | K4: CCAK VALIDATED | L4: Storage Area | M4: No. Fiche CCA | N4: BIN NO. | O4: Truck No. | P4: Arrival Date | Q4: Discharge Date | R4: Origin | S4: Supplier Name | T4: Linked | U4: CCA NO | V4: Supplier's Code | W4: Good Bag Offloaded | X4: Damaged Bag Offloladed | Y4: Total Bag Discharged (Truck) | Z4: Recondition Bag | AA4: Total Bag Stock (WH) | AB4: New Bag (Used in Recondition) | AC4: Bon Sacs | AD4: Humid Sacs | AE4: Sacs déchirés | AF4: Recondition | AG4: Recon Sacs | AH4: Total Sacs/lot | AI4: sacs exports | AJ4: sacs bio | AK4: sacs brousses | AL4: Total Recd | AM4: GROSS WT | AN4: Total Refraction (On Gross Wt) | AO4: GRN qt(kg) | AP4: Weight Paid | AQ4: Net Weight | AR4: Diff | AS4: NET WT AS PER BOOK | AT4: GRN FRESH qty(kg) | AU4: GRN dried qty(kg) | AV4: BROWNS/Rejection (gm) | AW4: VOIDS (gm) | AX4: OIL (gm) | AY4: TOT DEFECT | AZ4: Good Kernel (gm) | BA4: Immature (gm) | BB4: Spotted (gm) | BC4: TOT KERNELS gm | BD4: KOR | BE4: Murli | BF4: SHOT | BG4: FOT | BH4: Useful Kernels Yield % | BI4: Total Yield % | BJ4: Moisture | BK4: NC | BL4: Shell (gm) | BM4: BROWNS/Rejection (gm) (NUT) | BN4: MURLI(TOTAL %) | BO4: VOIDS (GM ) | BP4: OIL (g m) | BQ4: TOTAL DEFECT | BR4: Good Kernel (G M) | BS4: Immature (g m) | BT4: Spotted (g m) | BU4: TOT KERNELS (g m) | BV4: KOR- | BW4: Murli- | BX4: After Dry -KOR | BY4: SHOT- | BZ4: FOT- | CA4: Useful Kernels Yield %2 | CB4: Total Yield %- | CC4: Moisture- | CD4: NC- | CE4: Shell (gm)- | CF4: Remarks | CG4: Column3 | CH4: Aging
A5: 1 | B5: YAMOUSSOUKRO | C5: ANAGROCI-01 | D5: 1 | F5: 851 | H5: 25/02/2026 | K5: OK | L5: B3 | M5: 68687 | N5: BIN-03A | O5: 4379LL 02 | P5: 46079 | Q5: 46079 | R5: VAVOUA | S5: SCAAMT COOP CA | V5: LBA-002-SCA | W5: 621 | X5: 63 | Y5: =W5+X5 -> 684 | Z5: 75 | AA5: =W5+Z5 -> 696 | AB5: =Z5 -> 75 | AC5: 574 | AD5: 0 | AE5: 87 | AF5: 95 | AH5: =+AC5+AD5+AE5+AG5 -> 661 | AI5: 0 | AJ5: 0 | AK5: 696 | AL5: =+AI5+AJ5+AK5 -> 696 | AM5: 53380 | AN5: =(AD5*8)+(AE5*4)+(AG5*0)+(AH5*1) -> 1009 | AO5: =Table22[[#This Row],[GROSS WT]]-Table22[[#This Row],[Total Bag Stock (WH)]] -> 52684 | AP5: =Table22[[#This Row],[GRN qt(kg)]]-100 -> 52584 | AQ5: =+AO5-AE5*4 -> 52336 | AR5: =(AD5*40)+(AE5*4)+(AG5*0) -> 348 | AS5: =Table22[[#This Row],[GROSS WT]]-Table22[[#This Row],[Total Bag Discharged (Truck)]] -> 52696 | AT5: =+AO5 -> 52684 | AV5: 11.6 | AY5: =+AV5+AW5+AX5 -> 11.6 | AZ5: 257 | BB5: 11 | BC5: =+AZ5+BA5+BB5 -> 268 | BD5: =SUM(Table22[[#This Row],[Good Kernel (gm)]]+(Table22[[#This Row],[Immature (gm)]]+Table22[[#This Row],[Spotted (gm)]])/2)*0.176 -> 46.2 | BF5: =(AZ5+BA5+BB5)*0.17637 -> 47.26716 | BG5: =+((AX5+AV5+AZ5+BA5+BB5))*0.17637 -> 49.313052 | BH5: =SUM(Table22[[#This Row],[Good Kernel (gm)]:[Spotted (gm)]])/1000*100 -> 26.8 | BI5: =SUM(AV5,AX5,AZ5:BB5)/1000*100 -> 27.96 | BJ5: 8 | BK5: 187 | BM5: 18 | BN5: 0.066 | BO5: 5 | BP5: 13 | BQ5: =+BM5+BO5+BP5 -> 36 | BR5: 253 | BS5: 16 | BT5: 10 | BU5: 279 | BV5: =SUM(Table22[[#This Row],[Good Kernel (G M)]]+(Table22[[#This Row],[Immature (g m)]]+Table22[[#This Row],[Spotted (g m)]])/2)*0.176 -> 46.816 | BW5: 46.81 | BY5: =(BR5+BS5+BT5)*0.17637 -> 49.20723 | BZ5: =+((BP5+BM5+BR5+BS5+BT5))*0.17637 -> 54.6747 | CA5: =SUM(Table22[[#This Row],[Good Kernel (G M)]:[Spotted (g m)]])/1000*100 -> 27.9 | CB5: =(Table22[[#This Row],[BROWNS/Rejection (gm) (NUT)]]+Table22[[#This Row],[OIL (g m)]]+Table22[[#This Row],[Good Kernel (G M)]]+Table22[[#This Row],[Immature (g m)]]+Table22[[#This Row],[Spotted (g m)]])/1000*100 -> 31 | CC5: 7.9 | CD5: 187 | CE5: 596 | CH5: =TODAY()-Table22[[#This Row],[Discharge Date]] -> 176
A6: 2 | B6: YAMOUSSOUKRO | C6: ANAGROCI-01 | D6: 2 | F6: 852 | H6: 25/02/2026 | K6: OK | L6: B3 | M6: 68684 | N6: BIN-001A | O6: 1367 LH 01 | P6: 46079 | Q6: 46079 | R6: VAVOUA | S6: SCAAMT COOP CA | V6: LBA-002-SCA | W6: 574 | X6: 87 | Y6: =W6+X6 -> 661 | Z6: 95 | AA6: =W6+Z6 -> 669 | AB6: =Z6 -> 95 | AC6: 621 | AD6: 0 | AE6: 63 | AF6: 75 | AH6: =+AC6+AD6+AE6+AG6 -> 684 | AI6: 0 | AJ6: 0 | AK6: 669 | AL6: =+AI6+AJ6+AK6 -> 669 | AM6: 49700 | AN6: =(AD6*40)+(AE6*4)+(AG6*0)+(AH6*1) -> 936 | AO6: =Table22[[#This Row],[GROSS WT]]-Table22[[#This Row],[Total Bag Stock (WH)]] -> 49031 | AP6: =Table22[[#This Row],[GRN qt(kg)]]-100 -> 48931 | AQ6: =+AO6-AE6*4 -> 48779 | AR6: =(AD6*40)+(AE6*4)+(AG6*0) -> 252 | AS6: =Table22[[#This Row],[GROSS WT]]-Table22[[#This Row],[Total Bag Discharged (Truck)]] -> 49039 | AT6: =+AO6 -> 49031 | AV6: 9.8 | AY6: =+AV6+AW6+AX6 -> 9.8 | AZ6: 274 | BB6: 3 | BC6: =+AZ6+BA6+BB6 -> 277 | BD6: =SUM(Table22[[#This Row],[Good Kernel (gm)]]+(Table22[[#This Row],[Immature (gm)]]+Table22[[#This Row],[Spotted (gm)]])/2)*0.176 -> 48.488 | BF6: =(AZ6+BA6+BB6)*0.17637 -> 48.85449 | BG6: =+((AX6+AV6+AZ6+BA6+BB6))*0.17637 -> 50.582916 | BH6: =SUM(Table22[[#This Row],[Good Kernel (gm)]:[Spotted (gm)]])/1000*100 -> 27.7 | BI6: =SUM(AV6,AX6,AZ6:BB6)/1000*100 -> 28.68 | BJ6: 7.9 | BK6: 197 | BM6: 18 | BN6: 0.094 | BO6: 5 | BP6: 13 | BQ6: =+BM6+BO6+BP6 -> 36 | BR6: 263 | BS6: 16 | BT6: 10 | BU6: =+BR6+BS6+BT6 -> 289 | BV6: =SUM(Table22[[#This Row],[Good Kernel (G M)]]+(Table22[[#This Row],[Immature (g m)]]+Table22[[#This Row],[Spotted (g m)]])/2)*0.176 -> 48.576 | BW6: 48.04 | BY6: =(BR6+BS6+BT6)*0.17637 -> 50.97093 | BZ6: =+((BP6+BM6+BR6+BS6+BT6))*0.17637 -> 56.4384 | CA6: =SUM(Table22[[#This Row],[Good Kernel (G M)]:[Spotted (g m)]])/1000*100 -> 28.9 | CB6: =(Table22[[#This Row],[BROWNS/Rejection (gm) (NUT)]]+Table22[[#This Row],[OIL (g m)]]+Table22[[#This Row],[Good Kernel (G M)]]+Table22[[#This Row],[Immature (g m)]]+Table22[[#This Row],[Spotted (g m)]])/1000*100 -> 32 | CC6: 7.8 | CD6: 193 | CE6: 631 | CH6: =TODAY()-Table22[[#This Row],[Discharge Date]] -> 176
A7: 3 | B7: YAMOUSSOUKRO | C7: ANAGROCI-01 | D7: 3 | F7: 853 | H7: 25/02/2026 | L7: B3 | M7: 77593 | N7: BIN-001A | O7: 2744 KK 02 | P7: 46080 | Q7: 46080 | R7: VAVOUA | S7: SCAAMT COOP CA | V7: LBA-002-SCA | W7: 480 | X7: 11 | Y7: =W7+X7 -> 491 | Z7: 19 | AA7: =W7+Z7 -> 499 | AB7: =Z7 -> 19 | AC7: 489 | AD7: 0 | AE7: 11 | AF7: 19 | AH7: =+AC7+AD7+AE7+AG7 -> 500 | AI7: 0 | AJ7: 0 | AK7: 499 | AL7: =+AI7+AJ7+AK7 -> 499 | AM7: 39180 | AN7: =(AD7*40)+(AE7*4)+(AG7*0)+(AH7*1) -> 544 | AO7: =Table22[[#This Row],[GROSS WT]]-Table22[[#This Row],[Total Bag Stock (WH)]] -> 38681 | AP7: =Table22[[#This Row],[GRN qt(kg)]]-40 -> 38641 | AQ7: =+AO7-AE7*4 -> 38637 | AR7: =(AD7*40)+(AE7*4)+(AG7*0) -> 44 | AS7: =Table22[[#This Row],[GROSS WT]]-Table22[[#This Row],[Total Bag Discharged (Truck)]] -> 38689 | AT7: =+AO7 -> 38681 | AV7: 6.2 | AW7: 2 | AY7: =+AV7+AW7+AX7 -> 8.2 | AZ7: 270 | BB7: 16 | BC7: =+AZ7+BA7+BB7 -> 286 | BD7: =SUM(Table22[[#This Row],[Good Kernel (gm)]]+(Table22[[#This Row],[Immature (gm)]]+Table22[[#This Row],[Spotted (gm)]])/2)*0.176 -> 48.928 | BE7: =48.92 -> 48.92 | BF7: =(AZ7+BA7+BB7)*0.17637 -> 50.44182 | BG7: =+((AX7+AV7+AZ7+BA7+BB7))*0.17637 -> 51.535314 | BH7: =SUM(Table22[[#This Row],[Good Kernel (gm)]:[Spotted (gm)]])/1000*100 -> 28.6 | BI7: =SUM(AV7,AX7,AZ7:BB7)/1000*100 -> 29.22 | BJ7: 8.5 | BK7: 188 | BL7: 626 | BM7: 18 | BN7: 0.07 | BO7: 5 | BP7: 8 | BQ7: =+BM7+BO7+BP7 -> 31 | BR7: 259 | BS7: 18 | BT7: 12 | BU7: =+BR7+BS7+BT7 -> 289 | BV7: =SUM(Table22[[#This Row],[Good Kernel (G M)]]+(Table22[[#This Row],[Immature (g m)]]+Table22[[#This Row],[Spotted (g m)]])/2)*0.176 -> 48.224 | BW7: 48.22 | BY7: =(BR7+BS7+BT7)*0.17637 -> 50.97093 | BZ7: =+((BP7+BM7+BR7+BS7+BT7))*0.17637 -> 55.55655 | CA7: =SUM(Table22[[#This Row],[Good Kernel (G M)]:[Spotted (g m)]])/1000*100 -> 28.9 | CB7: =(Table22[[#This Row],[BROWNS/Rejection (gm) (NUT)]]+Table22[[#This Row],[OIL (g m)]]+Table22[[#This Row],[Good Kernel (G M)]]+Table22[[#This Row],[Immature (g m)]]+Table22[[#This Row],[Spotted (g m)]])/1000*100 -> 31.5 | CC7: 7.8 | CD7: 187 | CE7: 622 | CH7: =TODAY()-Table22[[#This Row],[Discharge Date]] -> 175
A8: 4 | B8: YAMOUSSOUKRO | C8: ANAGROCI-01 | D8: 4 | F8: 854 | H8: 26/02/2026 | K8: OK | L8: B3 | M8: 77584 | N8: BIN-03A | O8: AA 335 NH 01 | P8: 46080 | Q8: 46080 | R8: VAVOUA | S8: COP JAVA SCOOP | V8: LBA-005-JAV | W8: 584 | X8: 35 | Y8: =W8+X8 -> 619 | Z8: 40 | AA8: =W8+Z8 -> 624 | AB8: =Z8 -> 40 | AC8: 604 | AD8: 0 | AE8: 20 | AF8: 40 | AH8: =+AC8+AD8+AE8+AG8 -> 624 | AI8: 0 | AJ8: 0 | AK8: 624 | AL8: =+AI8+AJ8+AK8 -> 624 | AM8: 46440 | AN8: =(AD8*40)+(AE8*4)+(AG8*0)+(AH8*1) -> 704 | AO8: =AM8-AH8 -> 45816 | AP8: =AM8-AN8 -> 45736 | AQ8: =+AO8-AE8*4 -> 45736 | AR8: =(AD8*40)+(AE8*4)+(AG8*0) -> 80 | AS8: =Table22[[#This Row],[GROSS WT]]-Table22[[#This Row],[Total Bag Discharged (Truck)]] -> 45821 | AT8: =+AO8 -> 45816 | AV8: 10.5 | AW8: 7 | AX8: 11 | AY8: =+AV8+AW8+AX8 -> 28.5 | AZ8: 257 | BA8: 8 | BB8: 10 | BC8: =+AZ8+BA8+BB8 -> 275 | BD8: =SUM(Table22[[#This Row],[Good Kernel (gm)]]+(Table22[[#This Row],[Immature (gm)]]+Table22[[#This Row],[Spotted (gm)]])/2)*0.176 -> 46.816 | BE8: 46.81 | BF8: =(AZ8+BA8+BB8)*0.17637 -> 48.50175 | BG8: =+((AX8+AV8+AZ8+BA8+BB8))*0.17637 -> 52.293705 | BH8: =SUM(Table22[[#This Row],[Good Kernel (gm)]:[Spotted (gm)]])/1000*100 -> 27.5 | BI8: =SUM(AV8,AX8,AZ8:BB8)/1000*100 -> 29.65 | BJ8: 9.2 | BK8: 191 | BL8: 596 | BM8: 13 | BN8: 0.069 | BO8: 21 | BP8: 20 | BQ8: =+BM8+BO8+BP8 -> 54 | BR8: 250 | BS8: 30 | BT8: 6 | BU8: =+BR8+BS8+BT8 -> 286 | BV8: =SUM(Table22[[#This Row],[Good Kernel (G M)]]+(Table22[[#This Row],[Immature (g m)]]+Table22[[#This Row],[Spotted (g m)]])/2)*0.176 -> 47.168 | BW8: 47.16 | BY8: =(BR8+BS8+BT8)*0.17637 -> 50.44182 | BZ8: =+((BP8+BM8+BR8+BS8+BT8))*0.17637 -> 56.26203 | CA8: =SUM(Table22[[#This Row],[Good Kernel (G M)]:[Spotted (g m)]])/1000*100 -> 28.6 | CB8: =(Table22[[#This Row],[BROWNS/Rejection (gm) (NUT)]]+Table22[[#This Row],[OIL (g m)]]+Table22[[#This Row],[Good Kernel (G M)]]+Table22[[#This Row],[Immature (g m)]]+Table22[[#This Row],[Spotted (g m)]])/1000*100 -> 31.9 | CC8: 8.6 | CD8: 187 | CE8: 598 | CH8: =TODAY()-Table22[[#This Row],[Discharge Date]] -> 175
A9: 5 | B9: YAMOUSSOUKRO | C9: ANAGROCI-01 | D9: 5 | F9: 855 | H9: 26/02/2026 | K9: OK | L9: B3 | M9: 77585 | N9: BIN-03A | O9: AA 114 NQ 02 | P9: 46080 | Q9: 46080 | R9: VAVOUA | S9: SOVA SCOOP | V9: DIS-005-SOV | W9: 617 | X9: 25 | Y9: =W9+X9 -> 642 | Z9: 41 | AA9: =W9+Z9 -> 658 | AB9: =Z9 -> 41 | AC9: 638 | AD9: 0 | AE9: 20 | AF9: 41 | AH9: =+AC9+AD9+AE9+AG9 -> 658 | AI9: 0 | AJ9: 0 | AK9: 658 | AL9: =+AI9+AJ9+AK9 -> 658 | AM9: 48800 | AN9: =(AD9*40)+(AE9*4)+(AG9*0)+(AH9*1) -> 738 | AO9: =AM9-AH9 -> 48142 | AP9: =AM9-AN9 -> 48062 | AQ9: =+AO9-AE9*4 -> 48062 | AR9: =(AD9*40)+(AE9*4)+(AG9*0) -> 80 | AS9: =Table22[[#This Row],[GROSS WT]]-Table22[[#This Row],[Total Bag Discharged (Truck)]] -> 48158 | AT9: =+AO9 -> 48142 | AV9: 7.8 | AW9: 4 | AX9: 16 | AY9: =+AV9+AW9+AX9 -> 27.8 | AZ9: 263 | BA9: 10 | BB9: 8 | BC9: =+AZ9+BA9+BB9 -> 281 | BD9: =SUM(Table22[[#This Row],[Good Kernel (gm)]]+(Table22[[#This Row],[Immature (gm)]]+Table22[[#This Row],[Spotted (gm)]])/2)*0.176 -> 47.872 | BE9: 47.87 | BF9: =(AZ9+BA9+BB9)*0.17637 -> 49.55997 | BG9: =+((AX9+AV9+AZ9+BA9+BB9))*0.17637 -> 53.757576 | BH9: =SUM(Table22[[#This Row],[Good Kernel (gm)]:[Spotted (gm)]])/1000*100 -> 28.1 | BI9: =SUM(AV9,AX9,AZ9:BB9)/1000*100 -> 30.48 | BJ9: 8 | BK9: 185 | BL9: 616 | BM9: 31 | BN9: 0.108 | BO9: 0 | BP9: 19 | BQ9: =+BM9+BO9+BP9 -> 50 | BR9: 253 | BS9: 26 | BT9: 6 | BU9: =+BR9+BS9+BT9 -> 285 | BV9: =SUM(Table22[[#This Row],[Good Kernel (G M)]]+(Table22[[#This Row],[Immature (g m)]]+Table22[[#This Row],[Spotted (g m)]])/2)*0.176 -> 47.344 | BW9: 47.34 | BY9: =(BR9+BS9+BT9)*0.17637 -> 50.26545 | BZ9: =+((BP9+BM9+BR9+BS9+BT9))*0.17637 -> 59.08395 | CA9: =SUM(Table22[[#This Row],[Good Kernel (G M)]:[Spotted (g m)]])/1000*100 -> 28.5 | CB9: =(Table22[[#This Row],[BROWNS/Rejection (gm) (NUT)]]+Table22[[#This Row],[OIL (g m)]]+Table22[[#This Row],[Good Kernel (G M)]]+Table22[[#This Row],[Immature (g m)]]+Table22[[#This Row],[Spotted (g m)]])/1000*100 -> 33.5 | CC9: 7.6 | CD9: 174 | CE9: 582 | CH9: =TODAY()-Table22[[#This Row],[Discharge Date]] -> 175
A10: 6 | B10: YAMOUSSOUKRO | C10: ANAGROCI-01 | D10: 6 | F10: 856 | H10: 25/02/2026 | K10: OK | L10: B3 | M10: 77591 | N10: BIN-03A | O10: 2319 LR 02 | P10: 46081 | Q10: 46081 | R10: VAVOUA | S10: SCAAMT COOP CA | V10: LBA-002-SCA | W10: 493 | X10: 35 | Y10: =W10+X10 -> 528 | Z10: 53 | AA10: =W10+Z10 -> 546 | AB10: =Z10 -> 53 | AC10: 531 | AD10: 0 | AE10: 15 | AF10: 53 | AH10: =+AC10+AD10+AE10+AG10 -> 546 | AI10: 0 | AJ10: 0 | AK10: 546 | AL10: =+AI10+AJ10+AK10 -> 546 | AM10: 39560 | AN10: =(AD10*40)+(AE10*4)+(AG10*0)+(AH10*1) -> 606 | AO10: =AM10-AH10 -> 39014 | AP10: =AM10-AN10 -> 38954 | AQ10: =+AO10-AE10*4 -> 38954 | AR10: =(AD10*40)+(AE10*4)+(AG10*0) -> 60 | AS10: =Table22[[#This Row],[GROSS WT]]-Table22[[#This Row],[Total Bag Discharged (Truck)]] -> 39032 | AT10: =+AO10 -> 39014 | AV10: 7.3 | AW10: 7 | AX10: 28 | AY10: =+AV10+AW10+AX10 -> 42.3 | AZ10: 251 | BA10: 14 | BB10: 8 | BC10: =+AZ10+BA10+BB10 -> 273 | BD10: =SUM(Table22[[#This Row],[Good Kernel (gm)]]+(Table22[[#This Row],[Immature (gm)]]+Table22[[#This Row],[Spotted (gm)]])/2)*0.176 -> 46.112 | BE10: 46.11 | BF10: =(AZ10+BA10+BB10)*0.17637 -> 48.14901 | BG10: =+((AX10+AV10+AZ10+BA10+BB10))*0.17637 -> 54.374871 | BH10: =SUM(Table22[[#This Row],[Good Kernel (gm)]:[Spotted (gm)]])/1000*100 -> 27.3 | BI10: =SUM(AV10,AX10,AZ10:BB10)/1000*100 -> 30.83 | BJ10: 8.3 | BK10: 181 | BL10: 612 | BM10: 26 | BN10: 0.1 | BO10: 16 | BP10: 23 | BQ10: =+BM10+BO10+BP10 -> 65 | BR10: 246 | BS10: 22 | BT10: 12 | BU10: =+BR10+BS10+BT10 -> 280 | BV10: =SUM(Table22[[#This Row],[Good Kernel (G M)]]+(Table22[[#This Row],[Immature (g m)]]+Table22[[#This Row],[Spotted (g m)]])/2)*0.176 -> 46.288 | BW10: 46.28 | BY10: =(BR10+BS10+BT10)*0.17637 -> 49.3836 | BZ10: =+((BP10+BM10+BR10+BS10+BT10))*0.17637 -> 58.02573 | CA10: =SUM(Table22[[#This Row],[Good Kernel (G M)]:[Spotted (g m)]])/1000*100 -> 28 | CB10: =(Table22[[#This Row],[BROWNS/Rejection (gm) (NUT)]]+Table22[[#This Row],[OIL (g m)]]+Table22[[#This Row],[Good Kernel (G M)]]+Table22[[#This Row],[Immature (g m)]]+Table22[[#This Row],[Spotted (g m)]])/1000*100 -> 32.9 | CC10: 7.8 | CD10: 185 | CE10: 575 | CH10: =TODAY()-Table22[[#This Row],[Discharge Date]] -> 174
A11: 7 | B11: YAMOUSSOUKRO | C11: ANAGROCI-01 | D11: 7 | F11: 857 | H11: 26/02/2026 | K11: OK | L11: B3 | M11: 72555 | N11: BIN-03A | O11: 285 LA 01 | P11: 46081 | Q11: 46081 | R11: VAVOUA | S11: COP JAVA SCOOP | V11: LBA-005-JAV | W11: 568 | X11: 9 | Y11: =W11+X11 -> 577 | Z11: 15 | AA11: =W11+Z11 -> 583 | AB11: =Z11 -> 15 | AC11: 573 | AD11: 0 | AE11: 10 | AF11: 15 | AH11: =+AC11+AD11+AE11+AG11 -> 583 | AI11: 0 | AJ11: 0 | AK11: 583 | AL11: =+AI11+AJ11+AK11 -> 583 | AM11: 42640 | AN11: =(AD11*40)+(AE11*4)+(AG11*0)+(AH11*1) -> 623 | AO11: =AM11-AH11 -> 42057 | AP11: =AM11-AN11 -> 42017 | AQ11: =+AO11-AE11*4 -> 42017 | AR11: =(AD11*40)+(AE11*4)+(AG11*0) -> 40 | AS11: =Table22[[#This Row],[GROSS WT]]-Table22[[#This Row],[Total Bag Discharged (Truck)]] -> 42063 | AT11: =+AO11 -> 42057 | AV11: 7.7 | AW11: 5 | AX11: 8 | AY11: =+AV11+AW11+AX11 -> 20.7 | AZ11: 257 | BA11: 10 | BB11: 13 | BC11: =+AZ11+BA11+BB11 -> 280 | BD11: =SUM(Table22[[#This Row],[Good Kernel (gm)]]+(Table22[[#This Row],[Immature (gm)]]+Table22[[#This Row],[Spotted (gm)]])/2)*0.176 -> 47.256 | BE11: 47.25 | BF11: =(AZ11+BA11+BB11)*0.17637 -> 49.3836 | BG11: =+((AX11+AV11+AZ11+BA11+BB11))*0.17637 -> 52.152609 | BH11: =SUM(Table22[[#This Row],[Good Kernel (gm)]:[Spotted (gm)]])/1000*100 -> 28 | BI11: =SUM(AV11,AX11,AZ11:BB11)/1000*100 -> 29.57 | BJ11: 8.8 | BK11: 176 | BL11: 623 | BM11: 19 | BN11: 0.077 | BO11: 0 | BP11: 11 | BQ11: =+BM11+BO11+BP11 -> 30 | BR11: 256 | BS11: 18 | BT11: 8 | BU11: =+BR11+BS11+BT11 -> 282 | BV11: =SUM(Table22[[#This Row],[Good Kernel (G M)]]+(Table22[[#This Row],[Immature (g m)]]+Table22[[#This Row],[Spotted (g m)]])/2)*0.176 -> 47.344 | BW11: 47.34 | BY11: =(BR11+BS11+BT11)*0.17637 -> 49.73634 | BZ11: =+((BP11+BM11+BR11+BS11+BT11))*0.17637 -> 55.02744 | CA11: =SUM(Table22[[#This Row],[Good Kernel (G M)]:[Spotted (g m)]])/1000*100 -> 28.2 | CB11: =(Table22[[#This Row],[BROWNS/Rejection (gm) (NUT)]]+Table22[[#This Row],[OIL (g m)]]+Table22[[#This Row],[Good Kernel (G M)]]+Table22[[#This Row],[Immature (g m)]]+Table22[[#This Row],[Spotted (g m)]])/1000*100 -> 31.2 | CC11: 8.4 | CD11: 181 | CE11: 607 | CH11: =TODAY()-Table22[[#This Row],[Discharge Date]] -> 174
A12: 8 | B12: YAMOUSSOUKRO | C12: ANAGROCI-01 | D12: 8 | F12: 858 | H12: 46084 | K12: OK | L12: B3 | M12: 77583 | N12: BIN-03A | O12: 285 LA 01 | P12: 46085 | Q12: 46085 | R12: VAVOUA | S12: COP JAVA SCOOP | V12: LBA-005-JAV | W12: 543 | X12: 41 | Y12: =W12+X12 -> 584 | Z12: 54 | AA12: =W12+Z12 -> 597 | AB12: =Z12 -> 54 | AC12: 564 | AD12: 0 | AE12: 20 | AF12: 54 | AH12: =+AC12+AD12+AE12+AG12 -> 584 | AI12: 0 | AJ12: 0 | AK12: 584 | AL12: =+AI12+AJ12+AK12 -> 584 | AM12: 45760 | AN12: =(AD12*40)+(AE12*4)+(AG12*0)+(AH12*1) -> 664 | AO12: =AM12-AH12 -> 45176 | AP12: =AM12-AN12 -> 45096 | AQ12: =+AO12-AE12*4 -> 45096 | AR12: =(AD12*40)+(AE12*4)+(AG12*0) -> 80 | AS12: =Table22[[#This Row],[GROSS WT]]-Table22[[#This Row],[Total Bag Discharged (Truck)]] -> 45176 | AT12: =+AO12 -> 45176 | AV12: 8.2 | AW12: 7 | AX12: 0 | AY12: =+AV12+AW12+AX12 -> 15.2 | AZ12: 239 | BA12: 36 | BB12: 6 | BC12: =+AZ12+BA12+BB12 -> 281 | BD12: =SUM(Table22[[#This Row],[Good Kernel (gm)]]+(Table22[[#This Row],[Immature (gm)]]+Table22[[#This Row],[Spotted (gm)]])/2)*0.176 -> 45.76 | BE12: 45.76 | BF12: =(AZ12+BA12+BB12)*0.17637 -> 49.55997 | BG12: =+((AX12+AV12+AZ12+BA12+BB12))*0.17637 -> 51.006204 | BH12: =SUM(Table22[[#This Row],[Good Kernel (gm)]:[Spotted (gm)]])/1000*100 -> 28.1 | BI12: =SUM(AV12,AX12,AZ12:BB12)/1000*100 -> 28.92 | BJ12: 8.7 | BK12: 181 | BL12: 624 | BM12: 29 | BN12: 0.098 | BO12: 8 | BP12: 20 | BQ12: =+BM12+BO12+BP12 -> 57 | BR12: 238 | BS12: 32 | BT12: 10 | BU12: =+BR12+BS12+BT12 -> 280 | BV12: =SUM(Table22[[#This Row],[Good Kernel (G M)]]+(Table22[[#This Row],[Immature (g m)]]+Table22[[#This Row],[Spotted (g m)]])/2)*0.176 -> 45.584 | BW12: 45.58 | BY12: =(BR12+BS12+BT12)*0.17637 -> 49.3836 | BZ12: =+((BP12+BM12+BR12+BS12+BT12))*0.17637 -> 58.02573 | CA12: =SUM(Table22[[#This Row],[Good Kernel (G M)]:[Spotted (g m)]])/1000*100 -> 28 | CB12: =(Table22[[#This Row],[BROWNS/Rejection (gm) (NUT)]]+Table22[[#This Row],[OIL (g m)]]+Table22[[#This Row],[Good Kernel (G M)]]+Table22[[#This Row],[Immature (g m)]]+Table22[[#This Row],[Spotted (g m)]])/1000*100 -> 32.9 | CC12: 9.1 | CD12: 187 | CE12: 604 | CH12: =TODAY()-Table22[[#This Row],[Discharge Date]] -> 170
A13: 9 | B13: YAMOUSSOUKRO | C13: ANAGROCI-01 | D13: 9 | F13: 859 | H13: 46084 | K13: OK | L13: B3 | M13: 77665 | N13: BIN-04A | O13: 2744 KK02 | P13: 46085 | Q13: 46085 | R13: VAVOUA | S13: SCAAMT COOP CA | V13: LBA-002-SCA | W13: 488 | X13: 100 | Y13: =W13+X13 -> 588 | Z13: 108 | AA13: =W13+Z13 -> 596 | AB13: =Z13 -> 108 | AC13: 473 | AD13: 0 | AE13: 15 | AF13: 108 | AH13: =+AC13+AD13+AE13+AG13 -> 488 | AI13: 0 | AJ13: 0 | AK13: 488 | AL13: =+AI13+AJ13+AK13 -> 488 | AM13: 42080 | AN13: =(AD13*40)+(AE13*4)+(AG13*0)+(AH13*1) -> 548 | AO13: =AM13-AH13 -> 41592 | AP13: =AM13-AN13 -> 41532 | AQ13: =+AO13-AE13*4 -> 41532 | AR13: =(AD13*40)+(AE13*4)+(AG13*0) -> 60 | AS13: =Table22[[#This Row],[GROSS WT]]-Table22[[#This Row],[Total Bag Discharged (Truck)]] -> 41492 | AT13: =+AO13 -> 41592 | AV13: 8.4 | AW13: 11 | AX13: 12 | AY13: =+AV13+AW13+AX13 -> 31.4 | AZ13: 245 | BA13: 24 | BB13: 4 | BC13: =+AZ13+BA13+BB13 -> 273 | BD13: =SUM(Table22[[#This Row],[Good Kernel (gm)]]+(Table22[[#This Row],[Immature (gm)]]+Table22[[#This Row],[Spotted (gm)]])/2)*0.176 -> 45.584 | BE13: 45.58 | BF13: =(AZ13+BA13+BB13)*0.17637 -> 48.14901 | BG13: =+((AX13+AV13+AZ13+BA13+BB13))*0.17637 -> 51.746958 | BH13: =SUM(Table22[[#This Row],[Good Kernel (gm)]:[Spotted (gm)]])/1000*100 -> 27.3 | BI13: =SUM(AV13,AX13,AZ13:BB13)/1000*100 -> 29.34 | BJ13: 9 | BK13: 180 | BL13: 614 | BM13: 24 | BN13: 0.082 | BO13: 14 | BP13: 15 | BQ13: =+BM13+BO13+BP13 -> 53 | BR13: 244 | BS13: 24 | BT13: 10 | BU13: =+BR13+BS13+BT13 -> 278 | BV13: =SUM(Table22[[#This Row],[Good Kernel (G M)]]+(Table22[[#This Row],[Immature (g m)]]+Table22[[#This Row],[Spotted (g m)]])/2)*0.176 -> 45.936 | BW13: 45.93 | BY13: =(BR13+BS13+BT13)*0.17637 -> 49.03086 | BZ13: =+((BP13+BM13+BR13+BS13+BT13))*0.17637 -> 55.90929 | CA13: =SUM(Table22[[#This Row],[Good Kernel (G M)]:[Spotted (g m)]])/1000*100 -> 27.8 | CB13: =(Table22[[#This Row],[BROWNS/Rejection (gm) (NUT)]]+Table22[[#This Row],[OIL (g m)]]+Table22[[#This Row],[Good Kernel (G M)]]+Table22[[#This Row],[Immature (g m)]]+Table22[[#This Row],[Spotted (g m)]])/1000*100 -> 31.7 | CC13: 8.8 | CD13: 189 | CE13: 605 | CH13: =TODAY()-Table22[[#This Row],[Discharge Date]] -> 170
A14: 10 | B14: YAMOUSSOUKRO | C14: ANAGROCI-01 | D14: 10 | F14: 860 | H14: 46115 | K14: OK | L14: B3 | M14: 77667 | N14: BIN-03A | O14: 2744 KK 02 | P14: 46085 | Q14: 46087 | R14: VAVOUA | S14: SCAAMT COOP CA | V14: LBA-002-SCA | W14: 512 | X14: 39 | Y14: =W14+X14 -> 551 | Z14: 37 | AA14: =W14+Z14 -> 549 | AB14: =Z14 -> 37 | AC14: 536 | AD14: 0 | AE14: 15 | AF14: 37 | AH14: =+AC14+AD14+AE14+AG14 -> 551 | AI14: 0 | AJ14: 0 | AK14: 551 | AL14: =+AI14+AJ14+AK14 -> 551 | AM14: 42220 | AN14: =(AD14*40)+(AE14*4)+(AG14*0)+(AH14*1) -> 611 | AO14: =AM14-AH14 -> 41669 | AP14: =AM14-AN14 -> 41609 | AQ14: =+AO14-AE14*4 -> 41609 | AR14: =(AD14*40)+(AE14*4)+(AG14*0) -> 60 | AS14: =Table22[[#This Row],[GROSS WT]]-Table22[[#This Row],[Total Bag Discharged (Truck)]] -> 41669 | AT14: =+AO14 -> 41669 | AV14: 8.3 | AW14: 15 | AX14: 0 | AY14: =+AV14+AW14+AX14 -> 23.3 | AZ14: 243 | BA14: 26 | BB14: 8 | BC14: =+AZ14+BA14+BB14 -> 277 | BD14: =SUM(Table22[[#This Row],[Good Kernel (gm)]]+(Table22[[#This Row],[Immature (gm)]]+Table22[[#This Row],[Spotted (gm)]])/2)*0.176 -> 45.76 | BE14: 45.76 | BF14: =(AZ14+BA14+BB14)*0.17637 -> 48.85449 | BG14: =+((AX14+AV14+AZ14+BA14+BB14))*0.17637 -> 50.318361 | BH14: =SUM(Table22[[#This Row],[Good Kernel (gm)]:[Spotted (gm)]])/1000*100 -> 27.7 | BI14: =SUM(AV14,AX14,AZ14:BB14)/1000*100 -> 28.53 | BJ14: 8.9 | BK14: 179 | BL14: 620 | BM14: 31 | BN14: 0.098 | BO14: 12 | BP14: 0 | BQ14: =+BM14+BO14+BP14 -> 43 | BR14: 256 | BS14: 14 | BT14: 8 | BU14: =+BR14+BS14+BT14 -> 278 | BV14: =SUM(Table22[[#This Row],[Good Kernel (G M)]]+(Table22[[#This Row],[Immature (g m)]]+Table22[[#This Row],[Spotted (g m)]])/2)*0.176 -> 46.992 | BW14: 46.99 | BY14: =(BR14+BS14+BT14)*0.17637 -> 49.03086 | BZ14: =+((BP14+BM14+BR14+BS14+BT14))*0.17637 -> 54.49833 | CA14: =SUM(Table22[[#This Row],[Good Kernel (G M)]:[Spotted (g m)]])/1000*100 -> 27.8 | CB14: =(Table22[[#This Row],[BROWNS/Rejection (gm) (NUT)]]+Table22[[#This Row],[OIL (g m)]]+Table22[[#This Row],[Good Kernel (G M)]]+Table22[[#This Row],[Immature (g m)]]+Table22[[#This Row],[Spotted (g m)]])/1000*100 -> 30.9 | CC14: 8.6 | CD14: 184 | CE14: 606 | CH14: =TODAY()-Table22[[#This Row],[Discharge Date]] -> 168
A15: 11 | B15: YAMOUSSOUKRO | C15: ANAGROCI-01 | D15: 11 | F15: 861 | H15: 46115 | K15: OK | L15: B3 | M15: 77669 | N15: BIN-02A | O15: 7727 GR 01 | P15: 46087 | Q15: 46087 | R15: KOUNAHIRI | S15: RCN SOCOSAM | V15: DIS-011-SAM | W15: 354 | X15: 12 | Y15: =W15+X15 -> 366 | Z15: 23 | AA15: =W15+Z15 -> 377 | AB15: =Z15 -> 23 | AC15: 354 | AD15: 0 | AE15: 12 | AF15: 23 | AH15: =+AC15+AD15+AE15+AG15 -> 366 | AI15: 0 | AJ15: 0 | AK15: 366 | AL15: =+AI15+AJ15+AK15 -> 366 | AM15: 33020 | AN15: =(AD15*40)+(AE15*4)+(AG15*0)+(AH15*1) -> 414 | AO15: =AM15-AH15 -> 32654 | AP15: =AM15-AN15 -> 32606 | AQ15: =+AO15-AE15*4 -> 32606 | AR15: =(AD15*40)+(AE15*4)+(AG15*0) -> 48 | AS15: =Table22[[#This Row],[GROSS WT]]-Table22[[#This Row],[Total Bag Discharged (Truck)]] -> 32654 | AT15: =+AO15 -> 32654 | AV15: 9.1 | AW15: 5 | AX15: 16 | AY15: =+AV15+AW15+AX15 -> 30.1 | AZ15: 240 | BA15: 28 | BB15: 10 | BC15: =+AZ15+BA15+BB15 -> 278 | BD15: =SUM(Table22[[#This Row],[Good Kernel (gm)]]+(Table22[[#This Row],[Immature (gm)]]+Table22[[#This Row],[Spotted (gm)]])/2)*0.176 -> 45.584 | BE15: 45.58 | BF15: =(AZ15+BA15+BB15)*0.17637 -> 49.03086 | BG15: =+((AX15+AV15+AZ15+BA15+BB15))*0.17637 -> 53.457747 | BH15: =SUM(Table22[[#This Row],[Good Kernel (gm)]:[Spotted (gm)]])/1000*100 -> 27.8 | BI15: =SUM(AV15,AX15,AZ15:BB15)/1000*100 -> 30.31 | BJ15: 9.3 | BK15: 174 | BL15: 604 | BM15: 29 | BN15: 0.104 | BO15: 17 | BP15: 0 | BQ15: =+BM15+BO15+BP15 -> 46 | BR15: 245 | BS15: 20 | BT15: 4 | BU15: =+BR15+BS15+BT15 -> 269 | BV15: =SUM(Table22[[#This Row],[Good Kernel (G M)]]+(Table22[[#This Row],[Immature (g m)]]+Table22[[#This Row],[Spotted (g m)]])/2)*0.176 -> 45.232 | BW15: 45.23 | BY15: =(BR15+BS15+BT15)*0.17637 -> 47.44353 | BZ15: =+((BP15+BM15+BR15+BS15+BT15))*0.17637 -> 52.55826 | CA15: =SUM(Table22[[#This Row],[Good Kernel (G M)]:[Spotted (g m)]])/1000*100 -> 26.9 | CB15: =(Table22[[#This Row],[BROWNS/Rejection (gm) (NUT)]]+Table22[[#This Row],[OIL (g m)]]+Table22[[#This Row],[Good Kernel (G M)]]+Table22[[#This Row],[Immature (g m)]]+Table22[[#This Row],[Spotted (g m)]])/1000*100 -> 29.8 | CC15: 9.3 | CD15: 170 | CE15: 604 | CH15: =TODAY()-Table22[[#This Row],[Discharge Date]] -> 168
A16: 12 | B16: YAMOUSSOUKRO | C16: ANAGROCI-01 | D16: 12 | F16: 862 | H16: 46145 | K16: OK | L16: B3 | M16: 77582 | N16: BIN-03A | O16: 285 LA 01 | P16: 46087 | Q16: 46087 | R16: VAVOUA | S16: COP JAVA SCOOP | V16: LBA-005-JAV | W16: 505 | X16: 1 | Y16: =W16+X16 -> 506 | Z16: 2 | AA16: =W16+Z16 -> 507 | AB16: =Z16 -> 2 | AC16: 557 | AD16: 0 | AE16: 1 | AF16: 2 | AH16: =+AC16+AD16+AE16+AG16 -> 558 | AI16: 0 | AJ16: 0 | AK16: 558 | AL16: =+AI16+AJ16+AK16 -> 558 | AM16: 45960 | AN16: =(AD16*40)+(AE16*4)+(AG16*0)+(AH16*1) -> 562 | AO16: =AM16-AH16 -> 45402 | AP16: =AM16-AN16 -> 45398 | AQ16: =+AO16-AE16*4 -> 45398 | AR16: =(AD16*40)+(AE16*4)+(AG16*0) -> 4 | AS16: =Table22[[#This Row],[GROSS WT]]-Table22[[#This Row],[Total Bag Discharged (Truck)]] -> 45454 | AT16: =+AO16 -> 45402 | AV16: 8.9 | AW16: 0 | AX16: 8 | AY16: =+AV16+AW16+AX16 -> 16.9 | AZ16: 248 | BA16: 24 | BB16: 4 | BC16: =+AZ16+BA16+BB16 -> 276 | BD16: =SUM(Table22[[#This Row],[Good Kernel (gm)]]+(Table22[[#This Row],[Immature (gm)]]+Table22[[#This Row],[Spotted (gm)]])/2)*0.176 -> 46.112 | BE16: 46.11 | BF16: =(AZ16+BA16+BB16)*0.17637 -> 48.67812 | BG16: =+((AX16+AV16+AZ16+BA16+BB16))*0.17637 -> 51.658773 | BH16: =SUM(Table22[[#This Row],[Good Kernel (gm)]:[Spotted (gm)]])/1000*100 -> 27.6 | BI16: =SUM(AV16,AX16,AZ16:BB16)/1000*100 -> 29.29 | BJ16: 9 | BK16: 181 | BL16: 621 | BM16: 22 | BN16: 0.079 | BO16: 8 | BP16: 8 | BQ16: =+BM16+BO16+BP16 -> 38 | BR16: 254 | BS16: 20 | BT16: 7 | BU16: =+BR16+BS16+BT16 -> 281 | BV16: =SUM(Table22[[#This Row],[Good Kernel (G M)]]+(Table22[[#This Row],[Immature (g m)]]+Table22[[#This Row],[Spotted (g m)]])/2)*0.176 -> 47.08 | BW16: 47.08 | BY16: =(BR16+BS16+BT16)*0.17637 -> 49.55997 | BZ16: =+((BP16+BM16+BR16+BS16+BT16))*0.17637 -> 54.85107 | CA16: =SUM(Table22[[#This Row],[Good Kernel (G M)]:[Spotted (g m)]])/1000*100 -> 28.1 | CB16: =(Table22[[#This Row],[BROWNS/Rejection (gm) (NUT)]]+Table22[[#This Row],[OIL (g m)]]+Table22[[#This Row],[Good Kernel (G M)]]+Table22[[#This Row],[Immature (g m)]]+Table22[[#This Row],[Spotted (g m)]])/1000*100 -> 31.1 | CC16: 9 | CD16: 181 | CE16: 617 | CH16: =TODAY()-Table22[[#This Row],[Discharge Date]] -> 168
A17: 13 | B17: YAMOUSSOUKRO | C17: ANAGROCI-01 | D17: 13 | F17: 863 | H17: 27/02/2026 | K17: OK | L17: B3 | M17: 77588 | N17: BIN-02A | O17: 2319 LR 02 | P17: 46087 | Q17: 46087 | R17: VAVOUA | S17: SCAAMT COOP CA | V17: LBA-002-SCA | W17: 450 | X17: 107 | Y17: =W17+X17 -> 557 | Z17: 81 | AA17: =W17+Z17 -> 531 | AB17: =Z17 -> 81 | AC17: 542 | AD17: 0 | AE17: 15 | AF17: 81 | AH17: =+AC17+AD17+AE17+AG17 -> 557 | AI17: 0 | AJ17: 0 | AK17: 557 | AL17: =+AI17+AJ17+AK17 -> 557 | AM17: 40960 | AN17: =(AD17*40)+(AE17*4)+(AG17*0)+(AH17*1) -> 617 | AO17: =AM17-AH17 -> 40403 | AP17: =AM17-AN17 -> 40343 | AQ17: =+AO17-AE17*4 -> 40343 | AR17: =(AD17*40)+(AE17*4)+(AG17*0) -> 60 | AS17: =Table22[[#This Row],[GROSS WT]]-Table22[[#This Row],[Total Bag Discharged (Truck)]] -> 40403 | AT17: =+AO17 -> 40403 | AV17: 9.9 | AW17: 3 | AX17: 0 | AY17: =+AV17+AW17+AX17 -> 12.9 | AZ17: 240 | BA17: 28 | BB17: 10 | BC17: =+AZ17+BA17+BB17 -> 278 | BD17: =SUM(Table22[[#This Row],[Good Kernel (gm)]]+(Table22[[#This Row],[Immature (gm)]]+Table22[[#This Row],[Spotted (gm)]])/2)*0.176 -> 45.584 | BE17: 45.58 | BF17: =(AZ17+BA17+BB17)*0.17637 -> 49.03086 | BG17: =+((AX17+AV17+AZ17+BA17+BB17))*0.17637 -> 50.776923 | BH17: =SUM(Table22[[#This Row],[Good Kernel (gm)]:[Spotted (gm)]])/1000*100 -> 27.8 | BI17: =SUM(AV17,AX17,AZ17:BB17)/1000*100 -> 28.79 | BJ17: 10.1 | BK17: 187 | BL17: 614 | BM17: 29 | BN17: 0.09 | BO17: 13 | BP17: 16 | BQ17: =+BM17+BO17+BP17 -> 58 | BR17: 239 | BS17: 28 | BT17: 8 | BU17: =+BR17+BS17+BT17 -> 275 | BV17: =SUM(Table22[[#This Row],[Good Kernel (G M)]]+(Table22[[#This Row],[Immature (g m)]]+Table22[[#This Row],[Spotted (g m)]])/2)*0.176 -> 45.232 | BW17: 45.23 | BY17: =(BR17+BS17+BT17)*0.17637 -> 48.50175 | BZ17: =+((BP17+BM17+BR17+BS17+BT17))*0.17637 -> 56.4384 | CA17: =SUM(Table22[[#This Row],[Good Kernel (G M)]:[Spotted (g m)]])/1000*100 -> 27.5 | CB17: =(Table22[[#This Row],[BROWNS/Rejection (gm) (NUT)]]+Table22[[#This Row],[OIL (g m)]]+Table22[[#This Row],[Good Kernel (G M)]]+Table22[[#This Row],[Immature (g m)]]+Table22[[#This Row],[Spotted (g m)]])/1000*100 -> 32 | CC17: 9.1 | CD17: 182 | CE17: 600 | CH17: =TODAY()-Table22[[#This Row],[Discharge Date]] -> 168
A18: 14 | B18: YAMOUSSOUKRO | C18: ANAGROCI-01 | D18: 14 | F18: 864 | H18: 46115 | K18: OK | L18: B3 | M18: 77666 | N18: BIN-02A | O18: AA 721 PZ 01 | P18: 46087 | Q18: 46087 | R18: VAVOUA | S18: SCAAMT COOP CA | V18: LBA-002-SCA | W18: 488 | X18: 150 | Y18: =W18+X18 -> 638 | Z18: 162 | AA18: =W18+Z18 -> 650 | AB18: =Z18 -> 162 | AC18: 488 | AD18: 0 | AE18: 12 | AF18: 162 | AH18: =+AC18+AD18+AE18+AG18 -> 500 | AI18: 0 | AJ18: 0 | AK18: 500 | AL18: =+AI18+AJ18+AK18 -> 500 | AM18: 52400 | AN18: =(AD18*40)+(AE18*4)+(AG18*0)+(AH18*1) -> 548 | AO18: =AM18-AH18 -> 51900 | AP18: =AM18-AN18 -> 51852 | AQ18: =+AO18-AE18*4 -> 51852 | AR18: =(AD18*40)+(AE18*4)+(AG18*0) -> 48 | AS18: =Table22[[#This Row],[GROSS WT]]-Table22[[#This Row],[Total Bag Discharged (Truck)]] -> 51762 | AT18: =+AO18 -> 51900 | AV18: 9.4 | AW18: 7 | AX18: 0 | AY18: =+AV18+AW18+AX18 -> 16.4 | AZ18: 238 | BA18: 26 | BB18: 14 | BC18: =+AZ18+BA18+BB18 -> 278 | BD18: =SUM(Table22[[#This Row],[Good Kernel (gm)]]+(Table22[[#This Row],[Immature (gm)]]+Table22[[#This Row],[Spotted (gm)]])/2)*0.176 -> 45.408 | BE18: 45.4 | BF18: =(AZ18+BA18+BB18)*0.17637 -> 49.03086 | BG18: =+((AX18+AV18+AZ18+BA18+BB18))*0.17637 -> 50.688738 | BH18: =SUM(Table22[[#This Row],[Good Kernel (gm)]:[Spotted (gm)]])/1000*100 -> 27.8 | BI18: =SUM(AV18,AX18,AZ18:BB18)/1000*100 -> 28.74 | BJ18: 8.5 | BK18: 189 | BL18: 614 | BM18: 28 | BN18: 0.101 | BO18: 16 | BP18: 0 | BQ18: =+BM18+BO18+BP18 -> 44 | BR18: 244 | BS18: 20 | BT18: 10 | BU18: =+BR18+BS18+BT18 -> 274 | BV18: =SUM(Table22[[#This Row],[Good Kernel (G M)]]+(Table22[[#This Row],[Immature (g m)]]+Table22[[#This Row],[Spotted (g m)]])/2)*0.176 -> 45.584 | BW18: 45.58 | BY18: =(BR18+BS18+BT18)*0.17637 -> 48.32538 | BZ18: =+((BP18+BM18+BR18+BS18+BT18))*0.17637 -> 53.26374 | CA18: =SUM(Table22[[#This Row],[Good Kernel (G M)]:[Spotted (g m)]])/1000*100 -> 27.4 | CB18: =(Table22[[#This Row],[BROWNS/Rejection (gm) (NUT)]]+Table22[[#This Row],[OIL (g m)]]+Table22[[#This Row],[Good Kernel (G M)]]+Table22[[#This Row],[Immature (g m)]]+Table22[[#This Row],[Spotted (g m)]])/1000*100 -> 30.2 | CC18: 8.6 | CD18: 190 | CE18: 604 | CH18: =TODAY()-Table22[[#This Row],[Discharge Date]] -> 168
A19: 15 | B19: YAMOUSSOUKRO | C19: ANAGROCI-01 | D19: 15 | F19: 865 | H19: 23/02/2026 | K19: OK | L19: B3 | M19: 68686 | N19: BIN-03A | O19: AA 944 AR 02 | P19: 46088 | Q19: 46088 | R19: VAVOUA | S19: SCAAMT COOP CA | V19: LBA-002-SCA | W19: 583 | X19: 50 | Y19: =W19+X19 -> 633 | Z19: 83 | AA19: =W19+Z19 -> 666 | AB19: =Z19 -> 83 | AC19: 583 | AD19: 0 | AE19: 15 | AF19: 83 | AH19: =+AC19+AD19+AE19+AG19 -> 598 | AI19: 0 | AJ19: 0 | AK19: 598 | AL19: =+AI19+AJ19+AK19 -> 598 | AM19: 49620 | AN19: =(AD19*40)+(AE19*4)+(AG19*0)+(AH19*1) -> 658 | AO19: =AM19-AH19 -> 49022 | AP19: =AM19-AN19 -> 48962 | AQ19: =+AO19-AE19*4 -> 48962 | AR19: =(AD19*40)+(AE19*4)+(AG19*0) -> 60 | AS19: =Table22[[#This Row],[GROSS WT]]-Table22[[#This Row],[Total Bag Discharged (Truck)]] -> 48987 | AT19: =+AO19 -> 49022 | AV19: 9.8 | AW19: 9 | AX19: 0 | AY19: =+AV19+AW19+AX19 -> 18.8 | AZ19: 247 | BA19: 20 | BB19: 6 | BC19: =+AZ19+BA19+BB19 -> 273 | BD19: =SUM(Table22[[#This Row],[Good Kernel (gm)]]+(Table22[[#This Row],[Immature (gm)]]+Table22[[#This Row],[Spotted (gm)]])/2)*0.176 -> 45.76 | BE19: 45.76 | BF19: =(AZ19+BA19+BB19)*0.17637 -> 48.14901 | BG19: =+((AX19+AV19+AZ19+BA19+BB19))*0.17637 -> 49.877436 | BH19: =SUM(Table22[[#This Row],[Good Kernel (gm)]:[Spotted (gm)]])/1000*100 -> 27.3 | BI19: =SUM(AV19,AX19,AZ19:BB19)/1000*100 -> 28.28 | BJ19: 9.4 | BK19: 187 | BL19: 615 | BM19: 8.7 | BN19: 0.087 | BO19: 17 | BP19: 0 | BQ19: =+BM19+BO19+BP19 -> 25.7 | BR19: 245 | BS19: 28 | BT19: 8 | BU19: =+BR19+BS19+BT19 -> 281 | BV19: =SUM(Table22[[#This Row],[Good Kernel (G M)]]+(Table22[[#This Row],[Immature (g m)]]+Table22[[#This Row],[Spotted (g m)]])/2)*0.176 -> 46.288 | BW19: 46.11 | BY19: =(BR19+BS19+BT19)*0.17637 -> 49.55997 | BZ19: =+((BP19+BM19+BR19+BS19+BT19))*0.17637 -> 51.094389 | CA19: =SUM(Table22[[#This Row],[Good Kernel (G M)]:[Spotted (g m)]])/1000*100 -> 28.1 | CB19: =(Table22[[#This Row],[BROWNS/Rejection (gm) (NUT)]]+Table22[[#This Row],[OIL (g m)]]+Table22[[#This Row],[Good Kernel (G M)]]+Table22[[#This Row],[Immature (g m)]]+Table22[[#This Row],[Spotted (g m)]])/1000*100 -> 28.97 | CC19: 9.2 | CD19: 185 | CE19: 610 | CF19: 20 | CG19: 677 | CH19: =TODAY()-Table22[[#This Row],[Discharge Date]] -> 167
A20: 16 | B20: YAMOUSSOUKRO | C20: ANAGROCI-01 | D20: 16 | F20: 866 | H20: 46206 | K20: OK | L20: B3 | M20: 77678 | N20: BIN-03A | O20: 2744KK02 | P20: 46089 | Q20: 46089 | R20: VAVOUA | S20: SCAAMT COOP CA | V20: LBA-002-SCA | W20: 497 | X20: 24 | Y20: =W20+X20 -> 521 | Z20: 43 | AA20: =W20+Z20 -> 540 | AB20: =Z20 -> 43 | AC20: 501 | AD20: 0 | AE20: 20 | AF20: 43 | AH20: =+AC20+AD20+AE20+AG20 -> 521 | AI20: 0 | AJ20: 0 | AK20: 521 | AL20: =+AI20+AJ20+AK20 -> 521 | AM20: 41800 | AN20: =(AD20*40)+(AE20*4)+(AG20*0)+(AH20*1) -> 601 | AO20: =AM20-AH20 -> 41279 | AP20: =AM20-AN20 -> 41199 | AQ20: =+AO20-AE20*4 -> 41199 | AR20: =(AD20*40)+(AE20*4)+(AG20*0) -> 80 | AS20: =Table22[[#This Row],[GROSS WT]]-Table22[[#This Row],[Total Bag Discharged (Truck)]] -> 41279 | AT20: =+AO20 -> 41279 | AV20: 8.9 | AW20: 4 | AX20: 0 | AY20: =+AV20+AW20+AX20 -> 12.9 | AZ20: 252 | BA20: 20 | BB20: 8 | BC20: =+AZ20+BA20+BB20 -> 280 | BD20: =SUM(Table22[[#This Row],[Good Kernel (gm)]]+(Table22[[#This Row],[Immature (gm)]]+Table22[[#This Row],[Spotted (gm)]])/2)*0.176 -> 46.816 | BE20: 46.81 | BF20: =(AZ20+BA20+BB20)*0.17637 -> 49.3836 | BG20: =+((AX20+AV20+AZ20+BA20+BB20))*0.17637 -> 50.953293 | BH20: =SUM(Table22[[#This Row],[Good Kernel (gm)]:[Spotted (gm)]])/1000*100 -> 28 | BI20: =SUM(AV20,AX20,AZ20:BB20)/1000*100 -> 28.89 | BJ20: 9.7 | BK20: 182 | BL20: 621 | BM20: 9.8 | BN20: 0.098 | BO20: 0 | BP20: 0 | BQ20: =+BM20+BO20+BP20 -> 9.8 | BR20: 247 | BS20: 26 | BT20: 8 | BU20: =+BR20+BS20+BT20 -> 281 | BV20: =SUM(Table22[[#This Row],[Good Kernel (G M)]]+(Table22[[#This Row],[Immature (g m)]]+Table22[[#This Row],[Spotted (g m)]])/2)*0.176 -> 46.464 | BW20: 46.46 | BY20: =(BR20+BS20+BT20)*0.17637 -> 49.55997 | BZ20: =+((BP20+BM20+BR20+BS20+BT20))*0.17637 -> 51.288396 | CA20: =SUM(Table22[[#This Row],[Good Kernel (G M)]:[Spotted (g m)]])/1000*100 -> 28.1 | CB20: =(Table22[[#This Row],[BROWNS/Rejection (gm) (NUT)]]+Table22[[#This Row],[OIL (g m)]]+Table22[[#This Row],[Good Kernel (G M)]]+Table22[[#This Row],[Immature (g m)]]+Table22[[#This Row],[Spotted (g m)]])/1000*100 -> 29.08 | CC20: 9.9 | CD20: 189 | CE20: 617 | CF20: 19 | CG20: 696 | CH20: =TODAY()-Table22[[#This Row],[Discharge Date]] -> 166
A21: 17 | B21: YAMOUSSOUKRO | C21: ANAGROCI-01 | D21: 17 | F21: 867 | H21: 46237 | K21: OK | L21: B3 | M21: 77581 | N21: BIN-03A | O21: 285 LA 01 | P21: 46090 | Q21: 46090 | R21: VAVOUA | S21: COP JAVA SCOOP | V21: LBA-005-JAV | W21: 529 | X21: 75 | Y21: =W21+X21 -> 604 | Z21: 81 | AA21: =W21+Z21 -> 610 | AB21: =Z21 -> 81 | AC21: 584 | AD21: 0 | AE21: 20 | AF21: 81 | AH21: =+AC21+AD21+AE21+AG21 -> 604 | AI21: 0 | AJ21: 0 | AK21: 604 | AL21: =+AI21+AJ21+AK21 -> 604 | AM21: 45400 | AN21: =(AD21*40)+(AE21*4)+(AG21*0)+(AH21*1) -> 684 | AO21: =AM21-AH21 -> 44796 | AP21: =AM21-AN21 -> 44716 | AQ21: =+AO21-AE21*4 -> 44716 | AR21: =(AD21*40)+(AE21*4)+(AG21*0) -> 80 | AS21: =Table22[[#This Row],[GROSS WT]]-Table22[[#This Row],[Total Bag Discharged (Truck)]] -> 44796 | AT21: =+AO21 -> 44796 | AV21: 9.7 | AW21: 4 | AX21: 5 | AY21: =+AV21+AW21+AX21 -> 18.7 | AZ21: 242 | BA21: 26 | BB21: 6 | BC21: =+AZ21+BA21+BB21 -> 274 | BD21: =SUM(Table22[[#This Row],[Good Kernel (gm)]]+(Table22[[#This Row],[Immature (gm)]]+Table22[[#This Row],[Spotted (gm)]])/2)*0.176 -> 45.408 | BE21: 45.4 | BF21: =(AZ21+BA21+BB21)*0.17637 -> 48.32538 | BG21: =+((AX21+AV21+AZ21+BA21+BB21))*0.17637 -> 50.918019 | BH21: =SUM(Table22[[#This Row],[Good Kernel (gm)]:[Spotted (gm)]])/1000*100 -> 27.4 | BI21: =SUM(AV21,AX21,AZ21:BB21)/1000*100 -> 28.87 | BJ21: 11.3 | BK21: 178 | BL21: 615 | BM21: 8.6 | BN21: 0.086 | BO21: 10 | BP21: 7 | BQ21: =+BM21+BO21+BP21 -> 25.6 | BR21: 253 | BS21: 20 | BT21: 8 | BU21: =+BR21+BS21+BT21 -> 281 | BV21: =SUM(Table22[[#This Row],[Good Kernel (G M)]]+(Table22[[#This Row],[Immature (g m)]]+Table22[[#This Row],[Spotted (g m)]])/2)*0.176 -> 46.992 | BW21: 46.99 | BY21: =(BR21+BS21+BT21)*0.17637 -> 49.55997 | BZ21: =+((BP21+BM21+BR21+BS21+BT21))*0.17637 -> 52.311342 | CA21: =SUM(Table22[[#This Row],[Good Kernel (G M)]:[Spotted (g m)]])/1000*100 -> 28.1 | CB21: =(Table22[[#This Row],[BROWNS/Rejection (gm) (NUT)]]+Table22[[#This Row],[OIL (g m)]]+Table22[[#This Row],[Good Kernel (G M)]]+Table22[[#This Row],[Immature (g m)]]+Table22[[#This Row],[Spotted (g m)]])/1000*100 -> 29.66 | CC21: 11.2 | CD21: 181 | CE21: 609 | CF21: 22 | CG21: 675 | CH21: =TODAY()-Table22[[#This Row],[Discharge Date]] -> 165
A22: 18 | B22: YAMOUSSOUKRO | C22: ANAGROCI-01 | D22: 18 | F22: 868 | H22: 46237 | K22: OK | L22: B3 | M22: 68685 | N22: BIN-03A | O22: AA 721 PZ 01 | P22: 46090 | Q22: 46090 | R22: VAVOUA | S22: SCAAMT COOP CA | V22: LBA-002-SCA | W22: 560 | X22: 54 | Y22: =W22+X22 -> 614 | Z22: 93 | AA22: =W22+Z22 -> 653 | AB22: =Z22 -> 93 | AC22: 596 | AD22: 0 | AE22: 18 | AF22: 93 | AH22: =+AC22+AD22+AE22+AG22 -> 614 | AI22: 0 | AJ22: 0 | AK22: 614 | AL22: =+AI22+AJ22+AK22 -> 614 | AM22: 51260 | AN22: =(AD22*40)+(AE22*4)+(AG22*0)+(AH22*1) -> 686 | AO22: =AM22-AH22 -> 50646 | AP22: =AM22-AN22 -> 50574 | AQ22: =+AO22-AE22*4 -> 50574 | AR22: =(AD22*40)+(AE22*4)+(AG22*0) -> 72 | AS22: =Table22[[#This Row],[GROSS WT]]-Table22[[#This Row],[Total Bag Discharged (Truck)]] -> 50646 | AT22: =+AO22 -> 50646 | AV22: 9.5 | AW22: 21 | AX22: 8 | AY22: =+AV22+AW22+AX22 -> 38.5 | AZ22: 248 | BA22: 16 | BB22: 10 | BC22: =+AZ22+BA22+BB22 -> 274 | BD22: =SUM(Table22[[#This Row],[Good Kernel (gm)]]+(Table22[[#This Row],[Immature (gm)]]+Table22[[#This Row],[Spotted (gm)]])/2)*0.176 -> 45.936 | BE22: 45.93 | BF22: =(AZ22+BA22+BB22)*0.17637 -> 48.32538 | BG22: =+((AX22+AV22+AZ22+BA22+BB22))*0.17637 -> 51.411855 | BH22: =SUM(Table22[[#This Row],[Good Kernel (gm)]:[Spotted (gm)]])/1000*100 -> 27.4 | BI22: =SUM(AV22,AX22,AZ22:BB22)/1000*100 -> 29.15 | BJ22: 10.4 | BK22: 185 | BL22: 596 | BM22: 9.1 | BN22: 0.091 | BO22: 8 | BP22: 0 | BQ22: =+BM22+BO22+BP22 -> 17.1 | BR22: 248 | BS22: 22 | BT22: 12 | BU22: =+BR22+BS22+BT22 -> 282 | BV22: =SUM(Table22[[#This Row],[Good Kernel (G M)]]+(Table22[[#This Row],[Immature (g m)]]+Table22[[#This Row],[Spotted (g m)]])/2)*0.176 -> 46.64 | BW22: 46.64 | BY22: =(BR22+BS22+BT22)*0.17637 -> 49.73634 | BZ22: =+((BP22+BM22+BR22+BS22+BT22))*0.17637 -> 51.341307 | CA22: =SUM(Table22[[#This Row],[Good Kernel (G M)]:[Spotted (g m)]])/1000*100 -> 28.2 | CB22: =(Table22[[#This Row],[BROWNS/Rejection (gm) (NUT)]]+Table22[[#This Row],[OIL (g m)]]+Table22[[#This Row],[Good Kernel (G M)]]+Table22[[#This Row],[Immature (g m)]]+Table22[[#This Row],[Spotted (g m)]])/1000*100 -> 29.11 | CC22: 10.3 | CD22: 177 | CE22: 614 | CF22: 19 | CG22: 687 | CH22: =TODAY()-Table22[[#This Row],[Discharge Date]] -> 165
A23: 19 | B23: YAMOUSSOUKRO | C23: ANAGROCI-01 | D23: 19 | F23: 869 | H23: 46237 | K23: OK | L23: B3 | M23: 66643 | N23: BIN-04A | O23: AA 944 AK | P23: 46090 | Q23: 46090 | R23: VAVOUA | S23: SCAAMT COOP CA | V23: LBA-002-SCA | W23: 545 | X23: 220 | Y23: =W23+X23 -> 765 | Z23: 199 | AA23: =W23+Z23 -> 744 | AB23: =Z23 -> 199 | AC23: 747 | AD23: 0 | AE23: 18 | AF23: 199 | AH23: 765 | AI23: 0 | AJ23: 0 | AK23: 765 | AL23: =+AI23+AJ23+AK23 -> 765 | AM23: 52860 | AN23: =(AD23*40)+(AE23*4)+(AG23*0)+(AH23*1) -> 837 | AO23: =AM23-AH23 -> 52095 | AP23: =AM23-AN23 -> 52023 | AQ23: =+AO23-AE23*4 -> 52023 | AR23: =(AD23*40)+(AE23*4)+(AG23*0) -> 72 | AS23: =Table22[[#This Row],[GROSS WT]]-Table22[[#This Row],[Total Bag Discharged (Truck)]] -> 52095 | AT23: =+AO23 -> 52095 | AV23: 8.8 | AW23: 0 | AX23: 6 | AY23: =+AV23+AW23+AX23 -> 14.8 | AZ23: 246 | BA23: 18 | BB23: 8 | BC23: =+AZ23+BA23+BB23 -> 272 | BD23: =SUM(Table22[[#This Row],[Good Kernel (gm)]]+(Table22[[#This Row],[Immature (gm)]]+Table22[[#This Row],[Spotted (gm)]])/2)*0.176 -> 45.584 | BE23: 45.58 | BF23: =(AZ23+BA23+BB23)*0.17637 -> 47.97264 | BG23: =+((AX23+AV23+AZ23+BA23+BB23))*0.17637 -> 50.582916 | BH23: =SUM(Table22[[#This Row],[Good Kernel (gm)]:[Spotted (gm)]])/1000*100 -> 27.2 | BI23: =SUM(AV23,AX23,AZ23:BB23)/1000*100 -> 28.68 | BJ23: 10.8 | BK23: 186 | BL23: 627 | BM23: 10.5 | BN23: 0.105 | BO23: 18 | BP23: 0 | BQ23: =+BM23+BO23+BP23 -> 28.5 | BR23: 241 | BS23: 24 | BT23: 8 | BU23: =+BR23+BS23+BT23 -> 273 | BV23: =SUM(Table22[[#This Row],[Good Kernel (G M)]]+(Table22[[#This Row],[Immature (g m)]]+Table22[[#This Row],[Spotted (g m)]])/2)*0.176 -> 45.232 | BW23: 45.23 | BY23: =(BR23+BS23+BT23)*0.17637 -> 48.14901 | BZ23: =+((BP23+BM23+BR23+BS23+BT23))*0.17637 -> 50.000895 | CA23: =SUM(Table22[[#This Row],[Good Kernel (G M)]:[Spotted (g m)]])/1000*100 -> 27.3 | CB23: =(Table22[[#This Row],[BROWNS/Rejection (gm) (NUT)]]+Table22[[#This Row],[OIL (g m)]]+Table22[[#This Row],[Good Kernel (G M)]]+Table22[[#This Row],[Immature (g m)]]+Table22[[#This Row],[Spotted (g m)]])/1000*100 -> 28.35 | CC23: 10.8 | CD23: 189 | CE23: 597 | CF23: 26 | CG23: 678 | CH23: =TODAY()-Table22[[#This Row],[Discharge Date]] -> 165
A24: 20 | B24: YAMOUSSOUKRO | C24: ANAGROCI-01 | D24: 20 | F24: 870 | H24: 46237 | K24: OK | L24: B3 | M24: 77630 | N24: BIN-04A | O24: 8867 GY 03 | P24: 46091 | Q24: 46091 | R24: KOROGHO | S24: RCN SCOOPS SKS | V24: LBA-020-SKS | W24: 390 | X24: 37 | Y24: =W24+X24 -> 427 | Z24: 88 | AA24: =W24+Z24 -> 478 | AB24: =Z24 -> 88 | AC24: 407 | AD24: 0 | AE24: 20 | AF24: 88 | AH24: 427 | AI24: 0 | AJ24: 0 | AK24: 427 | AL24: =+AI24+AJ24+AK24 -> 427 | AM24: 40040 | AN24: =(AD24*40)+(AE24*4)+(AG24*0)+(AH24*1) -> 507 | AO24: =AM24-AH24 -> 39613 | AP24: =AM24-AN24 -> 39533 | AQ24: =+AO24-AE24*4 -> 39533 | AR24: =(AD24*40)+(AE24*4)+(AG24*0) -> 80 | AS24: =Table22[[#This Row],[GROSS WT]]-Table22[[#This Row],[Total Bag Discharged (Truck)]] -> 39613 | AT24: =+AO24 -> 39613 | AV24: 14 | AW24: 24 | AX24: 0 | AY24: =+AV24+AW24+AX24 -> 38 | AZ24: 245 | BA24: 12 | BB24: 8 | BC24: =+AZ24+BA24+BB24 -> 265 | BD24: =SUM(Table22[[#This Row],[Good Kernel (gm)]]+(Table22[[#This Row],[Immature (gm)]]+Table22[[#This Row],[Spotted (gm)]])/2)*0.176 -> 44.88 | BE24: 44.88 | BF24: =(AZ24+BA24+BB24)*0.17637 -> 46.73805 | BG24: =+((AX24+AV24+AZ24+BA24+BB24))*0.17637 -> 49.20723 | BH24: =SUM(Table22[[#This Row],[Good Kernel (gm)]:[Spotted (gm)]])/1000*100 -> 26.5 | BI24: =SUM(AV24,AX24,AZ24:BB24)/1000*100 -> 27.9 | BJ24: 9.9 | BK24: 170 | BL24: 644 | BM24: 17 | BN24: 0.073 | BO24: 20 | BP24: 0 | BQ24: =+BM24+BO24+BP24 -> 37 | BR24: 239 | BS24: 20 | BT24: 15 | BU24: =+BR24+BS24+BT24 -> 274 | BV24: =SUM(Table22[[#This Row],[Good Kernel (G M)]]+(Table22[[#This Row],[Immature (g m)]]+Table22[[#This Row],[Spotted (g m)]])/2)*0.176 -> 45.144 | BW24: 45.14 | BY24: =(BR24+BS24+BT24)*0.17637 -> 48.32538 | BZ24: =+((BP24+BM24+BR24+BS24+BT24))*0.17637 -> 51.32367 | CA24: =SUM(Table22[[#This Row],[Good Kernel (G M)]:[Spotted (g m)]])/1000*100 -> 27.4 | CB24: =(Table22[[#This Row],[BROWNS/Rejection (gm) (NUT)]]+Table22[[#This Row],[OIL (g m)]]+Table22[[#This Row],[Good Kernel (G M)]]+Table22[[#This Row],[Immature (g m)]]+Table22[[#This Row],[Spotted (g m)]])/1000*100 -> 29.1 | CC24: 9.9 | CD24: 175 | CE24: 627 | CH24: =TODAY()-Table22[[#This Row],[Discharge Date]] -> 164
A25: 21 | B25: YAMOUSSOUKRO | C25: ANAGROCI-01 | D25: 21 | F25: 871 | H25: 46206 | K25: OK | L25: B3 | M25: 77677 | N25: BIN-03A | O25: 5739 GH 01 | P25: 46089 | Q25: 46092 | R25: VAVOUA | S25: SCAAMT COOP CA | V25: LBA-002-SCA | W25: 570 | X25: 97 | Y25: =W25+X25 -> 667 | Z25: 88 | AA25: =W25+Z25 -> 658 | AB25: =Z25 -> 88 | AC25: 647 | AD25: 0 | AE25: 20 | AF25: 88 | AH25: 667 | AI25: 0 | AJ25: 0 | AK25: 667 | AL25: =+AI25+AJ25+AK25 -> 667 | AM25: 52040 | AN25: =(AD25*40)+(AE25*4)+(AG25*0)+(AH25*1) -> 747 | AO25: =AM25-AH25 -> 51373 | AP25: =AM25-AN25 -> 51293 | AQ25: =+AO25-AE25*4 -> 51293 | AR25: =(AD25*40)+(AE25*4)+(AG25*0) -> 80 | AS25: =Table22[[#This Row],[GROSS WT]]-Table22[[#This Row],[Total Bag Discharged (Truck)]] -> 51373 | AT25: =+AO25 -> 51373 | AV25: 8.9 | AW25: 13 | AX25: 3 | AY25: =+AV25+AW25+AX25 -> 24.9 | AZ25: 243 | BA25: 26 | BB25: 6 | BC25: =+AZ25+BA25+BB25 -> 275 | BD25: =SUM(Table22[[#This Row],[Good Kernel (gm)]]+(Table22[[#This Row],[Immature (gm)]]+Table22[[#This Row],[Spotted (gm)]])/2)*0.176 -> 45.584 | BE25: 45.58 | BF25: =(AZ25+BA25+BB25)*0.17637 -> 48.50175 | BG25: =+((AX25+AV25+AZ25+BA25+BB25))*0.17637 -> 50.600553 | BH25: =SUM(Table22[[#This Row],[Good Kernel (gm)]:[Spotted (gm)]])/1000*100 -> 27.5 | BI25: =SUM(AV25,AX25,AZ25:BB25)/1000*100 -> 28.69 | BJ25: 9.8 | BK25: 181 | BL25: 614 | BM25: 20 | BN25: 0.081 | BO25: 4 | BP25: 0 | BQ25: =+BM25+BO25+BP25 -> 24 | BR25: 250 | BS25: 18 | BT25: 6 | BU25: =+BR25+BS25+BT25 -> 274 | BV25: =SUM(Table22[[#This Row],[Good Kernel (G M)]]+(Table22[[#This Row],[Immature (g m)]]+Table22[[#This Row],[Spotted (g m)]])/2)*0.176 -> 46.112 | BW25: 46.11 | BY25: =(BR25+BS25+BT25)*0.17637 -> 48.32538 | BZ25: =+((BP25+BM25+BR25+BS25+BT25))*0.17637 -> 51.85278 | CA25: =SUM(Table22[[#This Row],[Good Kernel (G M)]:[Spotted (g m)]])/1000*100 -> 27.4 | CB25: =(Table22[[#This Row],[BROWNS/Rejection (gm) (NUT)]]+Table22[[#This Row],[OIL (g m)]]+Table22[[#This Row],[Good Kernel (G M)]]+Table22[[#This Row],[Immature (g m)]]+Table22[[#This Row],[Spotted (g m)]])/1000*100 -> 29.4 | CC25: 9.3 | CD25: 188 | CE25: 634 | CH25: =TODAY()-Table22[[#This Row],[Discharge Date]] -> 163
A26: 22 | B26: YAMOUSSOUKRO | C26: ANAGROCI-01 | D26: 22 | F26: 872 | H26: 46298 | K26: OK | L26: B3 | M26: 82102 | N26: BIN-02A | O26: 2319 LR 02 | P26: 46092 | Q26: 46092 | R26: VAVOUA | S26: SCAAMT COOP CA | V26: LBA-002-SCA | W26: 473 | X26: 63 | Y26: =W26+X26 -> 536 | Z26: 90 | AA26: =W26+Z26 -> 563 | AB26: =Z26 -> 90 | AC26: 516 | AD26: 0 | AE26: 20 | AF26: 90 | AH26: 536 | AI26: 0 | AJ26: 0 | AK26: 536 | AL26: =+AI26+AJ26+AK26 -> 536 | AM26: 41160 | AN26: =(AD26*40)+(AE26*4)+(AG26*0)+(AH26*1) -> 616 | AO26: =AM26-AH26 -> 40624 | AP26: =AM26-AN26 -> 40544 | AQ26: =+AO26-AE26*4 -> 40544 | AR26: =(AD26*40)+(AE26*4)+(AG26*0) -> 80 | AS26: =Table22[[#This Row],[GROSS WT]]-Table22[[#This Row],[Total Bag Discharged (Truck)]] -> 40624 | AT26: =+AO26 -> 40624 | AV26: 10.9 | AW26: 7 | AX26: 4 | AY26: =+AV26+AW26+AX26 -> 21.9 | AZ26: 242 | BA26: 20 | BB26: 10 | BC26: =+AZ26+BA26+BB26 -> 272 | BD26: =SUM(Table22[[#This Row],[Good Kernel (gm)]]+(Table22[[#This Row],[Immature (gm)]]+Table22[[#This Row],[Spotted (gm)]])/2)*0.176 -> 45.232 | BE26: 45.23 | BF26: =(AZ26+BA26+BB26)*0.17637 -> 47.97264 | BG26: =+((AX26+AV26+AZ26+BA26+BB26))*0.17637 -> 50.600553 | BH26: =SUM(Table22[[#This Row],[Good Kernel (gm)]:[Spotted (gm)]])/1000*100 -> 27.2 | BI26: =SUM(AV26,AX26,AZ26:BB26)/1000*100 -> 28.69 | BJ26: 10.6 | BK26: 190 | BL26: 601 | BM26: 24 | BN26: 0.092 | BO26: 13 | BP26: 0 | BQ26: =+BM26+BO26+BP26 -> 37 | BR26: 251 | BS26: 12 | BT26: 8 | BU26: =+BR26+BS26+BT26 -> 271 | BV26: =SUM(Table22[[#This Row],[Good Kernel (G M)]]+(Table22[[#This Row],[Immature (g m)]]+Table22[[#This Row],[Spotted (g m)]])/2)*0.176 -> 45.936 | BW26: 45.93 | BY26: =(BR26+BS26+BT26)*0.17637 -> 47.79627 | BZ26: =+((BP26+BM26+BR26+BS26+BT26))*0.17637 -> 52.02915 | CA26: =SUM(Table22[[#This Row],[Good Kernel (G M)]:[Spotted (g m)]])/1000*100 -> 27.1 | CB26: =(Table22[[#This Row],[BROWNS/Rejection (gm) (NUT)]]+Table22[[#This Row],[OIL (g m)]]+Table22[[#This Row],[Good Kernel (G M)]]+Table22[[#This Row],[Immature (g m)]]+Table22[[#This Row],[Spotted (g m)]])/1000*100 -> 29.5 | CC26: 10.3 | CD26: 184 | CE26: 618 | CH26: =TODAY()-Table22[[#This Row],[Discharge Date]] -> 163
A27: 23 | B27: YAMOUSSOUKRO | C27: ANAGROCI-01 | D27: 23 | E27: Dry Lot | F27: 873 | H27: 46298 | K27: OK | L27: B3 | M27: 77676 | N27: BIN-002 | O27: 4379 LL 02 | P27: 46093 | Q27: 46093 | R27: WOROBOUGOU | S27: SCAAMT COOP CA | V27: LBA-002-SCA | W27: 561 | X27: 35 | Y27: =W27+X27 -> 596 | Z27: 67 | AA27: =W27+Z27 -> 628 | AB27: =Z27 -> 67 | AC27: 576 | AD27: 0 | AE27: 20 | AF27: 67 | AH27: 596 | AJ27: 0 | AK27: 596 | AL27: =+AI27+AJ27+AK27 -> 596 | AM27: 49460 | AN27: =(AD27*40)+(AE27*4)+(AG27*0)+(AH27*1) -> 676 | AO27: =AM27-AH27 -> 48864 | AP27: =AM27-AN27 -> 48784 | AQ27: =+AO27-AE27*4 -> 48784 | AR27: =(AD27*40)+(AE27*4)+(AG27*0) -> 80 | AS27: =Table22[[#This Row],[GROSS WT]]-Table22[[#This Row],[Total Bag Discharged (Truck)]] -> 48864 | AT27: =+AO27 -> 48864 | AV27: 8.3 | AW27: 17 | AX27: 0 | AY27: =+AV27+AW27+AX27 -> 25.3 | AZ27: 246 | BA27: 16 | BB27: 6 | BC27: =+AZ27+BA27+BB27 -> 268 | BD27: =SUM(Table22[[#This Row],[Good Kernel (gm)]]+(Table22[[#This Row],[Immature (gm)]]+Table22[[#This Row],[Spotted (gm)]])/2)*0.176 -> 45.232 | BE27: 45.23 | BF27: =(AZ27+BA27+BB27)*0.17637 -> 47.26716 | BG27: =+((AX27+AV27+AZ27+BA27+BB27))*0.17637 -> 48.731031 | BH27: =SUM(Table22[[#This Row],[Good Kernel (gm)]:[Spotted (gm)]])/1000*100 -> 26.8 | BI27: =SUM(AV27,AX27,AZ27:BB27)/1000*100 -> 27.63 | BJ27: 11 | BK27: 177 | BL27: 625 | BM27: 23 | BN27: 0.081 | BO27: 21 | BP27: 0 | BQ27: =+BM27+BO27+BP27 -> 44 | BR27: 243 | BS27: 18 | BT27: 9 | BU27: =+BR27+BS27+BT27 -> 270 | BV27: =SUM(Table22[[#This Row],[Good Kernel (G M)]]+(Table22[[#This Row],[Immature (g m)]]+Table22[[#This Row],[Spotted (g m)]])/2)*0.176 -> 45.144 | BW27: 45.14 | BX27: 45.67 | BY27: =(BR27+BS27+BT27)*0.17637 -> 47.6199 | BZ27: =+((BP27+BM27+BR27+BS27+BT27))*0.17637 -> 51.67641 | CA27: =SUM(Table22[[#This Row],[Good Kernel (G M)]:[Spotted (g m)]])/1000*100 -> 27 | CB27: =(Table22[[#This Row],[BROWNS/Rejection (gm) (NUT)]]+Table22[[#This Row],[OIL (g m)]]+Table22[[#This Row],[Good Kernel (G M)]]+Table22[[#This Row],[Immature (g m)]]+Table22[[#This Row],[Spotted (g m)]])/1000*100 -> 29.3 | CC27: 11 | CD27: 171 | CE27: 612 | CH27: =TODAY()-Table22[[#This Row],[Discharge Date]] -> 162
A28: 24 | B28: YAMOUSSOUKRO | C28: ANAGROCI-01 | D28: 24 | F28: 874 | K28: OK | L28: B3 | M28: 82161 | N28: BIN-04A | O28: 285 LA 01 | P28: 46094 | Q28: 46094 | R28: VAVOUA | S28: COP JAVA SCOOP | V28: LBA-005-JAV | W28: 531 | X28: 58 | Y28: =W28+X28 -> 589 | Z28: 58 | AA28: =W28+Z28 -> 589 | AB28: =Z28 -> 58 | AC28: 569 | AD28: 0 | AE28: 20 | AF28: 58 | AH28: 589 | AI28: 0 | AJ28: 0 | AK28: 589 | AL28: =+AI28+AJ28+AK28 -> 589 | AM28: 46220 | AN28: =(AD28*40)+(AE28*4)+(AG28*0)+(AH28*1) -> 669 | AO28: =AM28-AH28 -> 45631 | AP28: =AM28-AN28 -> 45551 | AQ28: =+AO28-AE28*4 -> 45551 | AR28: =(AD28*40)+(AE28*4)+(AG28*0) -> 80 | AS28: =Table22[[#This Row],[GROSS WT]]-Table22[[#This Row],[Total Bag Discharged (Truck)]] -> 45631 | AT28: =+AO28 -> 45631 | AV28: 23 | AW28: 19 | AX28: 3 | AY28: =+AV28+AW28+AX28 -> 45 | AZ28: 244 | BA28: 20 | BB28: 8 | BC28: =+AZ28+BA28+BB28 -> 272 | BD28: =SUM(Table22[[#This Row],[Good Kernel (gm)]]+(Table22[[#This Row],[Immature (gm)]]+Table22[[#This Row],[Spotted (gm)]])/2)*0.176 -> 45.408 | BE28: 45.4 | BF28: =(AZ28+BA28+BB28)*0.17637 -> 47.97264 | BG28: =+((AX28+AV28+AZ28+BA28+BB28))*0.17637 -> 52.55826 | BH28: =SUM(Table22[[#This Row],[Good Kernel (gm)]:[Spotted (gm)]])/1000*100 -> 27.2 | BI28: =SUM(AV28,AX28,AZ28:BB28)/1000*100 -> 29.8 | BJ28: 10.1 | BK28: 182 | BL28: 616 | BM28: 21 | BO28: 29 | BP28: 0 | BQ28: =+BM28+BO28+BP28 -> 50 | BR28: 250 | BS28: 12 | BT28: 6 | BU28: =+BR28+BS28+BT28 -> 268 | BV28: =SUM(Table22[[#This Row],[Good Kernel (G M)]]+(Table22[[#This Row],[Immature (g m)]]+Table22[[#This Row],[Spotted (g m)]])/2)*0.176 -> 45.584 | BW28: 45.58 | BY28: =(BR28+BS28+BT28)*0.17637 -> 47.26716 | BZ28: =+((BP28+BM28+BR28+BS28+BT28))*0.17637 -> 50.97093 | CA28: =SUM(Table22[[#This Row],[Good Kernel (G M)]:[Spotted (g m)]])/1000*100 -> 26.8 | CB28: =(Table22[[#This Row],[BROWNS/Rejection (gm) (NUT)]]+Table22[[#This Row],[OIL (g m)]]+Table22[[#This Row],[Good Kernel (G M)]]+Table22[[#This Row],[Immature (g m)]]+Table22[[#This Row],[Spotted (g m)]])/1000*100 -> 28.9 | CC28: 10.1 | CD28: 181 | CE28: 615 | CH28: =TODAY()-Table22[[#This Row],[Discharge Date]] -> 161
A29: 25 | B29: YAMOUSSOUKRO | C29: ANAGROCI-01 | D29: 25 | F29: 876 | K29: OK | L29: B3 | M29: 82103 | N29: BIN-001A | O29: 5739 GN 01 | P29: 46094 | Q29: 46094 | R29: VAVOUA | S29: SCAAMT COOP CA | V29: LBA-002-SCA | W29: 560 | X29: 27 | Y29: =W29+X29 -> 587 | Z29: 28 | AA29: =W29+Z29 -> 588 | AB29: =Z29 -> 28 | AC29: 567 | AD29: 0 | AE29: 20 | AF29: 28 | AH29: 587 | AI29: 0 | AJ29: 0 | AK29: 587 | AL29: =+AI29+AJ29+AK29 -> 587 | AM29: 49740 | AN29: =(AD29*40)+(AE29*4)+(AG29*0)+(AH29*1) -> 667 | AO29: =AM29-AH29 -> 49153 | AP29: =AM29-AN29 -> 49073 | AQ29: =+AO29-AE29*4 -> 49073 | AR29: =(AD29*40)+(AE29*4)+(AG29*0) -> 80 | AS29: =Table22[[#This Row],[GROSS WT]]-Table22[[#This Row],[Total Bag Discharged (Truck)]] -> 49153 | AT29: =+AO29 -> 49153 | AV29: 20 | AW29: 17 | AX29: 3 | AY29: =+AV29+AW29+AX29 -> 40 | AZ29: 249 | BA29: 16 | BB29: 8 | BC29: =+AZ29+BA29+BB29 -> 273 | BD29: =SUM(Table22[[#This Row],[Good Kernel (gm)]]+(Table22[[#This Row],[Immature (gm)]]+Table22[[#This Row],[Spotted (gm)]])/2)*0.176 -> 45.936 | BE29: 45.93 | BF29: =(AZ29+BA29+BB29)*0.17637 -> 48.14901 | BG29: =+((AX29+AV29+AZ29+BA29+BB29))*0.17637 -> 52.20552 | BH29: =SUM(Table22[[#This Row],[Good Kernel (gm)]:[Spotted (gm)]])/1000*100 -> 27.3 | BI29: =SUM(AV29,AX29,AZ29:BB29)/1000*100 -> 29.6 | BJ29: 10 | BK29: 175 | BL29: 630 | BM29: 12 | BO29: 24 | BP29: 2 | BQ29: =+BM29+BO29+BP29 -> 38 | BR29: 260 | BS29: 8 | BT29: 12 | BU29: =+BR29+BS29+BT29 -> 280 | BV29: =SUM(Table22[[#This Row],[Good Kernel (G M)]]+(Table22[[#This Row],[Immature (g m)]]+Table22[[#This Row],[Spotted (g m)]])/2)*0.176 -> 47.52 | BW29: 47.52 | BY29: =(BR29+BS29+BT29)*0.17637 -> 49.3836 | BZ29: =+((BP29+BM29+BR29+BS29+BT29))*0.17637 -> 51.85278 | CA29: =SUM(Table22[[#This Row],[Good Kernel (G M)]:[Spotted (g m)]])/1000*100 -> 28 | CB29: =(Table22[[#This Row],[BROWNS/Rejection (gm) (NUT)]]+Table22[[#This Row],[OIL (g m)]]+Table22[[#This Row],[Good Kernel (G M)]]+Table22[[#This Row],[Immature (g m)]]+Table22[[#This Row],[Spotted (g m)]])/1000*100 -> 29.4 | CC29: 10 | CD29: 175 | CE29: 626 | CH29: =TODAY()-Table22[[#This Row],[Discharge Date]] -> 161
A30: 26 | B30: YAMOUSSOUKRO | C30: ANAGROCI-01 | D30: 26 | F30: 875 | K30: OK | L30: B3 | M30: 82105 | N30: BIN-03A | O30: 5533 KT 01 | P30: 46094 | Q30: 46094 | R30: VAVOUA | S30: SCAAMT COOP CA | V30: LBA-002-SCA | W30: 585 | X30: 106 | Y30: =W30+X30 -> 691 | Z30: 120 | AA30: =W30+Z30 -> 705 | AB30: =Z30 -> 120 | AC30: 671 | AD30: 0 | AE30: 20 | AF30: 120 | AH30: 691 | AI30: 0 | AJ30: 0 | AK30: 691 | AL30: =+AI30+AJ30+AK30 -> 691 | AM30: 54420 | AN30: =(AD30*40)+(AE30*4)+(AG30*0)+(AH30*1) -> 771 | AO30: =AM30-AH30 -> 53729 | AP30: =AM30-AN30 -> 53649 | AQ30: =+AO30-AE30*4 -> 53649 | AR30: =(AD30*40)+(AE30*4)+(AG30*0) -> 80 | AS30: =Table22[[#This Row],[GROSS WT]]-Table22[[#This Row],[Total Bag Discharged (Truck)]] -> 53729 | AT30: =+AO30 -> 53729 | AV30: 21 | AW30: 22 | AX30: 0 | AY30: =+AV30+AW30+AX30 -> 43 | AZ30: 250 | BA30: 16 | BB30: 8 | BC30: =+AZ30+BA30+BB30 -> 274 | BD30: =SUM(Table22[[#This Row],[Good Kernel (gm)]]+(Table22[[#This Row],[Immature (gm)]]+Table22[[#This Row],[Spotted (gm)]])/2)*0.176 -> 46.112 | BE30: 46.11 | BF30: =(AZ30+BA30+BB30)*0.17637 -> 48.32538 | BG30: =+((AX30+AV30+AZ30+BA30+BB30))*0.17637 -> 52.02915 | BH30: =SUM(Table22[[#This Row],[Good Kernel (gm)]:[Spotted (gm)]])/1000*100 -> 27.4 | BI30: =SUM(AV30,AX30,AZ30:BB30)/1000*100 -> 29.5 | BJ30: 10.2 | BK30: 174 | BL30: 620 | BM30: 25 | BO30: 18 | BP30: 2 | BQ30: =+BM30+BO30+BP30 -> 45 | BR30: 250 | BS30: 18 | BT30: 6 | BU30: =+BR30+BS30+BT30 -> 274 | BV30: =SUM(Table22[[#This Row],[Good Kernel (G M)]]+(Table22[[#This Row],[Immature (g m)]]+Table22[[#This Row],[Spotted (g m)]])/2)*0.176 -> 46.112 | BW30: 46.28 | BY30: =(BR30+BS30+BT30)*0.17637 -> 48.32538 | BZ30: =+((BP30+BM30+BR30+BS30+BT30))*0.17637 -> 53.08737 | CA30: =SUM(Table22[[#This Row],[Good Kernel (G M)]:[Spotted (g m)]])/1000*100 -> 27.4 | CB30: =(Table22[[#This Row],[BROWNS/Rejection (gm) (NUT)]]+Table22[[#This Row],[OIL (g m)]]+Table22[[#This Row],[Good Kernel (G M)]]+Table22[[#This Row],[Immature (g m)]]+Table22[[#This Row],[Spotted (g m)]])/1000*100 -> 30.1 | CC30: 10.3 | CD30: 173 | CE30: 608 | CH30: =TODAY()-Table22[[#This Row],[Discharge Date]] -> 161
A31: 27 | B31: YAMOUSSOUKRO | C31: ANAGROCI-01 | D31: 27 | F31: 877 | K31: OK | L31: B3 | M31: 82104 | N31: BIN-03A | O31: 8751 EZ 01 | P31: 46094 | Q31: 46094 | R31: VAVOUA | S31: SCAAMT COOP CA | V31: LBA-002-SCA | W31: 574 | X31: 86 | Y31: =W31+X31 -> 660 | Z31: 90 | AA31: =W31+Z31 -> 664 | AB31: =Z31 -> 90 | AC31: 640 | AD31: 0 | AE31: 20 | AF31: 90 | AH31: 660 | AI31: 0 | AJ31: 0 | AK31: 660 | AL31: =+AI31+AJ31+AK31 -> 660 | AM31: 52940 | AN31: =(AD31*40)+(AE31*4)+(AG31*0)+(AH31*1) -> 740 | AO31: =AM31-AH31 -> 52280 | AP31: =AM31-AN31 -> 52200 | AQ31: =+AO31-AE31*4 -> 52200 | AR31: =(AD31*40)+(AE31*4)+(AG31*0) -> 80 | AS31: =Table22[[#This Row],[GROSS WT]]-Table22[[#This Row],[Total Bag Discharged (Truck)]] -> 52280 | AT31: =+AO31 -> 52280 | AV31: 22 | AW31: 21 | AX31: 3 | AY31: =+AV31+AW31+AX31 -> 46 | AZ31: 247 | BA31: 18 | BB31: 8 | BC31: =+AZ31+BA31+BB31 -> 273 | BD31: =SUM(Table22[[#This Row],[Good Kernel (gm)]]+(Table22[[#This Row],[Immature (gm)]]+Table22[[#This Row],[Spotted (gm)]])/2)*0.176 -> 45.76 | BE31: 45.76 | BF31: =(AZ31+BA31+BB31)*0.17637 -> 48.14901 | BG31: =+((AX31+AV31+AZ31+BA31+BB31))*0.17637 -> 52.55826 | BH31: =SUM(Table22[[#This Row],[Good Kernel (gm)]:[Spotted (gm)]])/1000*100 -> 27.3 | BI31: =SUM(AV31,AX31,AZ31:BB31)/1000*100 -> 29.8 | BJ31: 11 | BK31: 186 | BL31: 616 | BM31: 23 | BO31: 10 | BP31: 4 | BQ31: =+BM31+BO31+BP31 -> 37 | BR31: 248 | BS31: 16 | BT31: 6 | BU31: =+BR31+BS31+BT31 -> 270 | BV31: =SUM(Table22[[#This Row],[Good Kernel (G M)]]+(Table22[[#This Row],[Immature (g m)]]+Table22[[#This Row],[Spotted (g m)]])/2)*0.176 -> 45.584 | BW31: 45.58 | BY31: =(BR31+BS31+BT31)*0.17637 -> 47.6199 | BZ31: =+((BP31+BM31+BR31+BS31+BT31))*0.17637 -> 52.38189 | CA31: =SUM(Table22[[#This Row],[Good Kernel (G M)]:[Spotted (g m)]])/1000*100 -> 27 | CB31: =(Table22[[#This Row],[BROWNS/Rejection (gm) (NUT)]]+Table22[[#This Row],[OIL (g m)]]+Table22[[#This Row],[Good Kernel (G M)]]+Table22[[#This Row],[Immature (g m)]]+Table22[[#This Row],[Spotted (g m)]])/1000*100 -> 29.7 | CC31: 9.9 | CD31: 175 | CE31: 614 | CH31: =TODAY()-Table22[[#This Row],[Discharge Date]] -> 161
A32: 28 | B32: YAMOUSSOUKRO | C32: ANAGROCI-01 | D32: 28 | F32: 878 | K32: OK | L32: B3 | M32: 82108 | N32: BIN-03A | O32: 2744 kk 02 | P32: 46095 | Q32: 46095 | R32: VAVOUA | S32: SCAAMT COOP CA | V32: LBA-002-SCA | W32: 450 | X32: 56 | Y32: =W32+X32 -> 506 | Z32: 53 | AA32: =W32+Z32 -> 503 | AB32: =Z32 -> 53 | AC32: 486 | AD32: 0 | AE32: 20 | AF32: 53 | AH32: 506 | AI32: 0 | AJ32: 0 | AK32: 506 | AL32: =+AI32+AJ32+AK32 -> 506 | AM32: 39300 | AN32: =(AD32*40)+(AE32*4)+(AG32*0)+(AH32*1) -> 586 | AO32: =AM32-AH32 -> 38794 | AP32: =AM32-AN32 -> 38714 | AQ32: =+AO32-AE32*4 -> 38714 | AR32: =(AD32*40)+(AE32*4)+(AG32*0) -> 80 | AS32: =Table22[[#This Row],[GROSS WT]]-Table22[[#This Row],[Total Bag Discharged (Truck)]] -> 38794 | AT32: =+AO32 -> 38794 | AV32: 10 | AW32: 19 | AX32: 4 | AY32: =+AV32+AW32+AX32 -> 33 | AZ32: 250 | BA32: 18 | BB32: 6 | BC32: =+AZ32+BA32+BB32 -> 274 | BD32: =SUM(Table22[[#This Row],[Good Kernel (gm)]]+(Table22[[#This Row],[Immature (gm)]]+Table22[[#This Row],[Spotted (gm)]])/2)*0.176 -> 46.112 | BE32: 46.11 | BF32: =(AZ32+BA32+BB32)*0.17637 -> 48.32538 | BG32: =+((AX32+AV32+AZ32+BA32+BB32))*0.17637 -> 50.79456 | BH32: =SUM(Table22[[#This Row],[Good Kernel (gm)]:[Spotted (gm)]])/1000*100 -> 27.4 | BI32: =SUM(AV32,AX32,AZ32:BB32)/1000*100 -> 28.8 | BJ32: 10.9 | BK32: 178 | BL32: 635 | BM32: 23 | BO32: 19 | BP32: 4 | BQ32: =+BM32+BO32+BP32 -> 46 | BR32: 251 | BS32: 14 | BT32: 10 | BU32: =+BR32+BS32+BT32 -> 275 | BV32: =SUM(Table22[[#This Row],[Good Kernel (G M)]]+(Table22[[#This Row],[Immature (g m)]]+Table22[[#This Row],[Spotted (g m)]])/2)*0.176 -> 46.288 | BW32: 46.28 | BY32: =(BR32+BS32+BT32)*0.17637 -> 48.50175 | BZ32: =+((BP32+BM32+BR32+BS32+BT32))*0.17637 -> 53.26374 | CA32: =SUM(Table22[[#This Row],[Good Kernel (G M)]:[Spotted (g m)]])/1000*100 -> 27.5 | CB32: =(Table22[[#This Row],[BROWNS/Rejection (gm) (NUT)]]+Table22[[#This Row],[OIL (g m)]]+Table22[[#This Row],[Good Kernel (G M)]]+Table22[[#This Row],[Immature (g m)]]+Table22[[#This Row],[Spotted (g m)]])/1000*100 -> 30.2 | CC32: 10.1 | CD32: 171 | CE32: 601 | CH32: =TODAY()-Table22[[#This Row],[Discharge Date]] -> 160
A33: 29 | B33: YAMOUSSOUKRO | C33: ANAGROCI-01 | D33: 29 | E33: Dry Lot | F33: 879 | K33: OK | L33: B3 | M33: 82146 | N33: BIN-002 | O33: 5176LG04 | P33: 46097 | Q33: 46097 | R33: BONIEREDOUGOU | S33: SCOOPS WEBE(EUNI) | T33: WEBE | V33: LBA-004-WEB | W33: 453 | X33: 14 | Y33: =W33+X33 -> 467 | Z33: 19 | AA33: =W33+Z33 -> 472 | AB33: =Z33 -> 19 | AC33: 453 | AD33: 0 | AE33: 14 | AF33: 19 | AH33: 466 | AK33: 466 | AL33: 466 | AM33: 39700 | AN33: =(AD33*40)+(AE33*4)+(AG33*0)+(AH33*1) -> 522 | AO33: =AM33-AH33 -> 39234 | AP33: =AM33-AN33 -> 39178 | AQ33: =+AO33-AE33*4 -> 39178 | AR33: =(AD33*40)+(AE33*4)+(AG33*0) -> 56 | AS33: =Table22[[#This Row],[GROSS WT]]-Table22[[#This Row],[Total Bag Discharged (Truck)]] -> 39233 | AT33: =+AO33 -> 39234 | AV33: 23 | AW33: 11 | AY33: =+AV33+AW33+AX33 -> 34 | AZ33: 243 | BA33: 18 | BB33: 10 | BC33: =+AZ33+BA33+BB33 -> 271 | BD33: =SUM(Table22[[#This Row],[Good Kernel (gm)]]+(Table22[[#This Row],[Immature (gm)]]+Table22[[#This Row],[Spotted (gm)]])/2)*0.176 -> 45.232 | BE33: 45.23 | BF33: =(AZ33+BA33+BB33)*0.17637 -> 47.79627 | BG33: =+((AX33+AV33+AZ33+BA33+BB33))*0.17637 -> 51.85278 | BH33: =SUM(Table22[[#This Row],[Good Kernel (gm)]:[Spotted (gm)]])/1000*100 -> 27.1 | BI33: =SUM(AV33,AX33,AZ33:BB33)/1000*100 -> 29.4 | BJ33: 12.6 | BK33: 174 | BM33: 21 | BO33: 9 | BP33: 3 | BQ33: =+BM33+BO33+BP33 -> 33 | BR33: 240 | BS33: 22 | BT33: 10 | BU33: =+BR33+BS33+BT33 -> 272 | BV33: =SUM(Table22[[#This Row],[Good Kernel (G M)]]+(Table22[[#This Row],[Immature (g m)]]+Table22[[#This Row],[Spotted (g m)]])/2)*0.176 -> 45.056 | BW33: 45.05 | BX33: 45.5 | BY33: =(BR33+BS33+BT33)*0.17637 -> 47.97264 | BZ33: =+((BP33+BM33+BR33+BS33+BT33))*0.17637 -> 52.20552 | CA33: =SUM(Table22[[#This Row],[Good Kernel (G M)]:[Spotted (g m)]])/1000*100 -> 27.2 | CB33: =(Table22[[#This Row],[BROWNS/Rejection (gm) (NUT)]]+Table22[[#This Row],[OIL (g m)]]+Table22[[#This Row],[Good Kernel (G M)]]+Table22[[#This Row],[Immature (g m)]]+Table22[[#This Row],[Spotted (g m)]])/1000*100 -> 29.6 | CC33: 12.6 | CD33: 176 | CE33: 620 | CH33: =TODAY()-Table22[[#This Row],[Discharge Date]] -> 158
A34: 30 | B34: YAMOUSSOUKRO | C34: ANAGROCI-01 | D34: 30 | F34: 880 | K34: OK | L34: B3 | M34: 82109 | N34: BIN-03A | O34: 8751EZ01 | P34: 46097 | Q34: 46097 | R34: VAVOUA | S34: SCAAMT COOP CA | V34: LBA-002-SCA | W34: 691 | X34: 22 | Y34: =W34+X34 -> 713 | Z34: 177 | AA34: =W34+Z34 -> 868 | AB34: =Z34 -> 177 | AC34: =W34 -> 691 | AE34: 22 | AF34: 177 | AH34: =AC34+AE34 -> 713 | AL34: 713 | AM34: 53060 | AN34: =(AD34*40)+(AE34*4)+(AG34*0)+(AH34*1) -> 801 | AO34: =AM34-AH34 -> 52347 | AP34: =AM34-AN34 -> 52259 | AQ34: =+AO34-AE34*4 -> 52259 | AR34: =(AD34*40)+(AE34*4)+(AG34*0) -> 88 | AS34: =Table22[[#This Row],[GROSS WT]]-Table22[[#This Row],[Total Bag Discharged (Truck)]] -> 52347 | AT34: =+AO34 -> 52347 | AV34: 31 | AW34: 18 | AX34: 5 | AY34: =+AV34+AW34+AX34 -> 54 | AZ34: 249 | BA34: 8 | BB34: 6 | BC34: =+AZ34+BA34+BB34 -> 263 | BD34: =SUM(Table22[[#This Row],[Good Kernel (gm)]]+(Table22[[#This Row],[Immature (gm)]]+Table22[[#This Row],[Spotted (gm)]])/2)*0.176 -> 45.056 | BE34: 45.05 | BF34: =(AZ34+BA34+BB34)*0.17637 -> 46.38531 | BG34: =+((AX34+AV34+AZ34+BA34+BB34))*0.17637 -> 52.73463 | BH34: =SUM(Table22[[#This Row],[Good Kernel (gm)]:[Spotted (gm)]])/1000*100 -> 26.3 | BI34: =SUM(AV34,AX34,AZ34:BB34)/1000*100 -> 29.9 | BJ34: 10.8 | BK34: 193 | BL34: 591 | BM34: 22 | BO34: 22 | BP34: 4 | BQ34: =+BM34+BO34+BP34 -> 48 | BR34: 250 | BS34: 14 | BT34: 10 | BU34: =+BR34+BS34+BT34 -> 274 | BV34: =SUM(Table22[[#This Row],[Good Kernel (G M)]]+(Table22[[#This Row],[Immature (g m)]]+Table22[[#This Row],[Spotted (g m)]])/2)*0.176 -> 46.112 | BW34: 46.11 | BY34: =(BR34+BS34+BT34)*0.17637 -> 48.32538 | BZ34: =+((BP34+BM34+BR34+BS34+BT34))*0.17637 -> 52.911 | CA34: =SUM(Table22[[#This Row],[Good Kernel (G M)]:[Spotted (g m)]])/1000*100 -> 27.4 | CB34: =(Table22[[#This Row],[BROWNS/Rejection (gm) (NUT)]]+Table22[[#This Row],[OIL (g m)]]+Table22[[#This Row],[Good Kernel (G M)]]+Table22[[#This Row],[Immature (g m)]]+Table22[[#This Row],[Spotted (g m)]])/1000*100 -> 30 | CC34: 10.6 | CD34: 188 | CE34: 596 | CH34: =TODAY()-Table22[[#This Row],[Discharge Date]] -> 158
A35: 31 | B35: YAMOUSSOUKRO | C35: ANAGROCI-01 | D35: 31 | F35: 881 | K35: OK | L35: B3 | M35: 82163 | N35: BIN-02A | O35: 285LA01 | P35: 46097 | Q35: 46097 | R35: VAVOUA | S35: COP JAVA SCOOP | V35: LBA-005-JAV | W35: 572 | X35: 5 | Y35: =W35+X35 -> 577 | Z35: 5 | AA35: =W35+Z35 -> 577 | AB35: =Z35 -> 5 | AC35: 572 | AE35: 5 | AF35: 5 | AH35: 577 | AK35: 577 | AL35: 577 | AM35: 46240 | AN35: =(AD35*40)+(AE35*4)+(AG35*0)+(AH35*1) -> 597 | AO35: =AM35-AH35 -> 45663 | AP35: =AM35-AN35 -> 45643 | AQ35: =+AO35-AE35*4 -> 45643 | AR35: =(AD35*40)+(AE35*4)+(AG35*0) -> 20 | AS35: =Table22[[#This Row],[GROSS WT]]-Table22[[#This Row],[Total Bag Discharged (Truck)]] -> 45663 | AT35: =+AO35 -> 45663 | AV35: 28 | AW35: 14 | AX35: 2 | AY35: =+AV35+AW35+AX35 -> 44 | AZ35: 243 | BA35: 15 | BB35: 12 | BC35: =+AZ35+BA35+BB35 -> 270 | BD35: =SUM(Table22[[#This Row],[Good Kernel (gm)]]+(Table22[[#This Row],[Immature (gm)]]+Table22[[#This Row],[Spotted (gm)]])/2)*0.176 -> 45.144 | BE35: 45.15 | BF35: =(AZ35+BA35+BB35)*0.17637 -> 47.6199 | BG35: =+((AX35+AV35+AZ35+BA35+BB35))*0.17637 -> 52.911 | BH35: =SUM(Table22[[#This Row],[Good Kernel (gm)]:[Spotted (gm)]])/1000*100 -> 27 | BI35: =SUM(AV35,AX35,AZ35:BB35)/1000*100 -> 30 | BJ35: 10.6 | BK35: 180 | BL35: 600 | BM35: 25 | BO35: 27 | BP35: 0 | BQ35: =+BM35+BO35+BP35 -> 52 | BR35: 246 | BS35: 16 | BT35: 10 | BU35: =+BR35+BS35+BT35 -> 272 | BV35: =SUM(Table22[[#This Row],[Good Kernel (G M)]]+(Table22[[#This Row],[Immature (g m)]]+Table22[[#This Row],[Spotted (g m)]])/2)*0.176 -> 45.584 | BW35: 45.58 | BY35: =(BR35+BS35+BT35)*0.17637 -> 47.97264 | BZ35: =+((BP35+BM35+BR35+BS35+BT35))*0.17637 -> 52.38189 | CA35: =SUM(Table22[[#This Row],[Good Kernel (G M)]:[Spotted (g m)]])/1000*100 -> 27.2 | CB35: =(Table22[[#This Row],[BROWNS/Rejection (gm) (NUT)]]+Table22[[#This Row],[OIL (g m)]]+Table22[[#This Row],[Good Kernel (G M)]]+Table22[[#This Row],[Immature (g m)]]+Table22[[#This Row],[Spotted (g m)]])/1000*100 -> 29.7 | CC35: 10.6 | CD35: 179 | CE35: 604 | CH35: =TODAY()-Table22[[#This Row],[Discharge Date]] -> 158
A36: 32 | B36: YAMOUSSOUKRO | C36: ANAGROCI-01 | D36: 32 | F36: 882 | K36: OK | L36: B3 | M36: 70328 | N36: BIN-03A | O36: AV2744KK02 | P36: 46097 | Q36: 46097 | R36: VAVOUA | S36: SCAAMT COOP CA | V36: LBA-002-SCA | W36: 513 | X36: 21 | Y36: =W36+X36 -> 534 | Z36: 88 | AA36: =W36+Z36 -> 601 | AB36: =Z36 -> 88 | AC36: =W36 -> 513 | AE36: =X36 -> 21 | AF36: 88 | AH36: =AC36+AE36 -> 534 | AK36: =AH36 -> 534 | AL36: 534 | AM36: 42360 | AN36: =(AD36*40)+(AE36*4)+(AG36*0)+(AH36*1) -> 618 | AO36: =AM36-AH36 -> 41826 | AP36: =AM36-AN36 -> 41742 | AQ36: =+AO36-AE36*4 -> 41742 | AR36: =(AD36*40)+(AE36*4)+(AG36*0) -> 84 | AS36: =Table22[[#This Row],[GROSS WT]]-Table22[[#This Row],[Total Bag Discharged (Truck)]] -> 41826 | AT36: =+AO36 -> 41826 | AV36: 22 | AW36: 15 | AX36: 4 | AY36: =+AV36+AW36+AX36 -> 41 | AZ36: 253 | BA36: 8 | BB36: 14 | BC36: =+AZ36+BA36+BB36 -> 275 | BD36: =SUM(Table22[[#This Row],[Good Kernel (gm)]]+(Table22[[#This Row],[Immature (gm)]]+Table22[[#This Row],[Spotted (gm)]])/2)*0.176 -> 46.464 | BE36: 46.46 | BF36: =(AZ36+BA36+BB36)*0.17637 -> 48.50175 | BG36: =+((AX36+AV36+AZ36+BA36+BB36))*0.17637 -> 53.08737 | BH36: =SUM(Table22[[#This Row],[Good Kernel (gm)]:[Spotted (gm)]])/1000*100 -> 27.5 | BI36: =SUM(AV36,AX36,AZ36:BB36)/1000*100 -> 30.1 | BJ36: 10.7 | BK36: 175 | BL36: 628 | BM36: 25 | BN36: 0.101 | BO36: 11 | BP36: 9 | BQ36: =+BM36+BO36+BP36 -> 45 | BR36: 258 | BS36: 6 | BT36: 8 | BU36: =+BR36+BS36+BT36 -> 272 | BV36: =SUM(Table22[[#This Row],[Good Kernel (G M)]]+(Table22[[#This Row],[Immature (g m)]]+Table22[[#This Row],[Spotted (g m)]])/2)*0.176 -> 46.64 | BW36: 46.64 | BY36: =(BR36+BS36+BT36)*0.17637 -> 47.97264 | BZ36: =+((BP36+BM36+BR36+BS36+BT36))*0.17637 -> 53.96922 | CA36: =SUM(Table22[[#This Row],[Good Kernel (G M)]:[Spotted (g m)]])/1000*100 -> 27.2 | CB36: =(Table22[[#This Row],[BROWNS/Rejection (gm) (NUT)]]+Table22[[#This Row],[OIL (g m)]]+Table22[[#This Row],[Good Kernel (G M)]]+Table22[[#This Row],[Immature (g m)]]+Table22[[#This Row],[Spotted (g m)]])/1000*100 -> 30.6 | CC36: 10.1 | CD36: 179 | CE36: 598 | CH36: =TODAY()-Table22[[#This Row],[Discharge Date]] -> 158
A37: 33 | B37: YAMOUSSOUKRO | C37: ANAGROCI-01 | D37: 34 | F37: 884 | G37: 534 | H37: 46096 | K37: OK | L37: B3 | M37: 82115 | N37: BIN-005 | O37: 32LA01/7741BE01 | P37: 46098 | Q37: 46098 | R37: DIANRA | S37: SCOOPS DPVICA | U37: 0420-0251 | V37: LBA-017-DPV | W37: 440 | X37: 25 | Y37: =W37+X37 -> 465 | Z37: 55 | AA37: =W37+Z37 -> 495 | AB37: =Z37 -> 55 | AC37: =W37 -> 440 | AE37: =X37 -> 25 | AF37: 55 | AH37: =AC37+AE37 -> 465 | AK37: =AH37 -> 465 | AL37: =AK37 -> 465 | AM37: 40520 | AN37: =(AD37*40)+(AE37*4)+(AG37*0)+(AH37*1) -> 565 | AO37: =AM37-AH37 -> 40055 | AP37: =AM37-AN37 -> 39955 | AQ37: =+AO37-AE37*4 -> 39955 | AR37: =(AD37*40)+(AE37*4)+(AG37*0) -> 100 | AS37: =Table22[[#This Row],[GROSS WT]]-Table22[[#This Row],[Total Bag Discharged (Truck)]] -> 40055 | AT37: =+AO37 -> 40055 | AV37: 13 | AW37: 24 | AX37: 5 | AY37: =+AV37+AW37+AX37 -> 42 | AZ37: 228 | BA37: 34 | BB37: 12 | BC37: =+AZ37+BA37+BB37 -> 274 | BD37: =SUM(Table22[[#This Row],[Good Kernel (gm)]]+(Table22[[#This Row],[Immature (gm)]]+Table22[[#This Row],[Spotted (gm)]])/2)*0.176 -> 44.176 | BE37: 44.17 | BF37: =(AZ37+BA37+BB37)*0.17637 -> 48.32538 | BG37: =+((AX37+AV37+AZ37+BA37+BB37))*0.17637 -> 51.50004 | BH37: =SUM(Table22[[#This Row],[Good Kernel (gm)]:[Spotted (gm)]])/1000*100 -> 27.4 | BI37: =SUM(AV37,AX37,AZ37:BB37)/1000*100 -> 29.2 | BJ37: 11 | BK37: 166 | BL37: 624 | BM37: 21 | BN37: 0.11 | BO37: 24 | BP37: 4 | BQ37: =+BM37+BO37+BP37 -> 49 | BR37: 234 | BS37: 16 | BT37: 14 | BU37: =+BR37+BS37+BT37 -> 264 | BV37: =SUM(Table22[[#This Row],[Good Kernel (G M)]]+(Table22[[#This Row],[Immature (g m)]]+Table22[[#This Row],[Spotted (g m)]])/2)*0.176 -> 43.824 | BW37: 43.82 | BY37: =(BR37+BS37+BT37)*0.17637 -> 46.56168 | BZ37: =+((BP37+BM37+BR37+BS37+BT37))*0.17637 -> 50.97093 | CA37: =SUM(Table22[[#This Row],[Good Kernel (G M)]:[Spotted (g m)]])/1000*100 -> 26.4 | CB37: =(Table22[[#This Row],[BROWNS/Rejection (gm) (NUT)]]+Table22[[#This Row],[OIL (g m)]]+Table22[[#This Row],[Good Kernel (G M)]]+Table22[[#This Row],[Immature (g m)]]+Table22[[#This Row],[Spotted (g m)]])/1000*100 -> 28.9 | CC37: 11 | CD37: 172 | CE37: 604 | CH37: =TODAY()-Table22[[#This Row],[Discharge Date]] -> 157
A38: 34 | B38: YAMOUSSOUKRO | C38: ANAGROCI-01 | D38: 36 | F38: 886 | G38: 536 | H38: 46097 | K38: OK | L38: B3 | M38: 82486 | N38: BIN-04A | O38: 4981JR06/7378CB01 | P38: 46098 | Q38: 46098 | R38: BONIEREDOUGOU | S38: SCOOPS WEBE (EUNI) | T38: WEBE | V38: LBA-004-WEB | W38: 446 | X38: 21 | Y38: =W38+X38 -> 467 | Z38: 32 | AA38: =W38+Z38 -> 478 | AB38: =Z38 -> 32 | AC38: =W38 -> 446 | AE38: 21 | AF38: 32 | AH38: 467 | AK38: =AH38 -> 467 | AL38: =AK38 -> 467 | AM38: 41540 | AN38: =(AD38*40)+(AE38*4)+(AG38*0)+(AH38*1) -> 551 | AO38: =AM38-AH38 -> 41073 | AP38: =AM38-AN38 -> 40989 | AQ38: =+AO38-AE38*4 -> 40989 | AR38: =(AD38*40)+(AE38*4)+(AG38*0) -> 84 | AS38: =Table22[[#This Row],[GROSS WT]]-Table22[[#This Row],[Total Bag Discharged (Truck)]] -> 41073 | AT38: =+AO38 -> 41073 | AV38: 15 | AW38: 9 | AX38: 6 | AY38: =+AV38+AW38+AX38 -> 30 | AZ38: 246 | BA38: 14 | BB38: 10 | BC38: =+AZ38+BA38+BB38 -> 270 | BD38: =SUM(Table22[[#This Row],[Good Kernel (gm)]]+(Table22[[#This Row],[Immature (gm)]]+Table22[[#This Row],[Spotted (gm)]])/2)*0.176 -> 45.408 | BE38: 45.4 | BF38: =(AZ38+BA38+BB38)*0.17637 -> 47.6199 | BG38: =+((AX38+AV38+AZ38+BA38+BB38))*0.17637 -> 51.32367 | BH38: =SUM(Table22[[#This Row],[Good Kernel (gm)]:[Spotted (gm)]])/1000*100 -> 27 | BI38: =SUM(AV38,AX38,AZ38:BB38)/1000*100 -> 29.1 | BJ38: 11.4 | BK38: 168 | BL38: 630 | BM38: 22 | BN38: 0.114 | BO38: 9 | BP38: 3 | BQ38: =+BM38+BO38+BP38 -> 34 | BR38: 245 | BS38: 18 | BT38: 10 | BU38: =+BR38+BS38+BT38 -> 273 | BV38: =SUM(Table22[[#This Row],[Good Kernel (G M)]]+(Table22[[#This Row],[Immature (g m)]]+Table22[[#This Row],[Spotted (g m)]])/2)*0.176 -> 45.584 | BW38: 45.58 | BY38: =(BR38+BS38+BT38)*0.17637 -> 48.14901 | BZ38: =+((BP38+BM38+BR38+BS38+BT38))*0.17637 -> 52.55826 | CA38: =SUM(Table22[[#This Row],[Good Kernel (G M)]:[Spotted (g m)]])/1000*100 -> 27.3 | CB38: =(Table22[[#This Row],[BROWNS/Rejection (gm) (NUT)]]+Table22[[#This Row],[OIL (g m)]]+Table22[[#This Row],[Good Kernel (G M)]]+Table22[[#This Row],[Immature (g m)]]+Table22[[#This Row],[Spotted (g m)]])/1000*100 -> 29.8 | CC38: 11.4 | CD38: 177 | CE38: 624 | CH38: =TODAY()-Table22[[#This Row],[Discharge Date]] -> 157
A39: 35 | B39: YAMOUSSOUKRO | C39: ANAGROCI-01 | D39: 35 | F39: 885 | G39: 535 | H39: 46096 | K39: OK | L39: B3 | M39: 70329 | N39: BIN-03A | O39: AA944AR/AA740BB01 | P39: 46098 | Q39: 46098 | R39: VAVOUA | S39: SCAAMT COOP CA | V39: LBA-002-SCA | W39: 580 | X39: 52 | Y39: =W39+X39 -> 632 | Z39: 60 | AA39: =W39+Z39 -> 640 | AB39: =Z39 -> 60 | AC39: =W39 -> 580 | AE39: 22 | AF39: 60 | AH39: =AC39+AE39 -> 602 | AK39: =AH39 -> 602 | AL39: =AK39 -> 602 | AM39: 51320 | AN39: =(AD39*40)+(AE39*4)+(AG39*0)+(Y39*1) -> 720 | AO39: =+Table22[[#This Row],[GROSS WT]]-Table22[[#This Row],[Total Bag Discharged (Truck)]] -> 50688 | AP39: =AM39-AN39 -> 50600 | AQ39: =+AO39-AE39*4 -> 50600 | AR39: =(AD39*40)+(AE39*4)+(AG39*0) -> 88 | AS39: =Table22[[#This Row],[GROSS WT]]-Table22[[#This Row],[Total Bag Discharged (Truck)]] -> 50688 | AT39: =+AO39 -> 50688 | AV39: 22 | AW39: 24 | AX39: 5 | AY39: =+AV39+AW39+AX39 -> 51 | AZ39: 248 | BA39: 10 | BB39: 8 | BC39: =+AZ39+BA39+BB39 -> 266 | BD39: =SUM(Table22[[#This Row],[Good Kernel (gm)]]+(Table22[[#This Row],[Immature (gm)]]+Table22[[#This Row],[Spotted (gm)]])/2)*0.176 -> 45.232 | BE39: 45.23 | BF39: =(AZ39+BA39+BB39)*0.17637 -> 46.91442 | BG39: =+((AX39+AV39+AZ39+BA39+BB39))*0.17637 -> 51.67641 | BH39: =SUM(Table22[[#This Row],[Good Kernel (gm)]:[Spotted (gm)]])/1000*100 -> 26.6 | BI39: =SUM(AV39,AX39,AZ39:BB39)/1000*100 -> 29.3 | BJ39: 10.2 | BK39: 184 | BL39: 608 | BM39: 16 | BN39: 0.099 | BO39: 8 | BP39: 4 | BQ39: =+BM39+BO39+BP39 -> 28 | BR39: 247 | BS39: 14 | BT39: 16 | BU39: =+BR39+BS39+BT39 -> 277 | BV39: =SUM(Table22[[#This Row],[Good Kernel (G M)]]+(Table22[[#This Row],[Immature (g m)]]+Table22[[#This Row],[Spotted (g m)]])/2)*0.176 -> 46.112 | BW39: 46.11 | BY39: =(BR39+BS39+BT39)*0.17637 -> 48.85449 | BZ39: =+((BP39+BM39+BR39+BS39+BT39))*0.17637 -> 52.38189 | CA39: =SUM(Table22[[#This Row],[Good Kernel (G M)]:[Spotted (g m)]])/1000*100 -> 27.7 | CB39: =(Table22[[#This Row],[BROWNS/Rejection (gm) (NUT)]]+Table22[[#This Row],[OIL (g m)]]+Table22[[#This Row],[Good Kernel (G M)]]+Table22[[#This Row],[Immature (g m)]]+Table22[[#This Row],[Spotted (g m)]])/1000*100 -> 29.7 | CC39: 9.9 | CD39: 185 | CE39: 626 | CH39: =TODAY()-Table22[[#This Row],[Discharge Date]] -> 157
A40: 36 | B40: YAMOUSSOUKRO | C40: ANAGROCI-01 | D40: 33 | F40: 883 | G40: 533 | H40: 46093 | K40: OK | L40: B3 | M40: 72634 | N40: BIN-02A | O40: AA680YJ/AR7672YR08 | P40: 46098 | Q40: 46098 | R40: VAVOUA | S40: DECARRE DAVID & DJOUMA | V40: DIS-019-DEC | W40: 350 | X40: 14 | Y40: =W40+X40 -> 364 | Z40: 34 | AA40: =W40+Z40 -> 384 | AB40: =Z40 -> 34 | AC40: =W40 -> 350 | AE40: =X40 -> 14 | AF40: 34 | AH40: =AC40+AE40 -> 364 | AK40: =AH40 -> 364 | AL40: =AK40 -> 364 | AM40: 33740 | AN40: =(AD40*40)+(AE40*4)+(AG40*0)+(AH40*1) -> 420 | AO40: =AM40-AH40 -> 33376 | AP40: =AM40-AN40 -> 33320 | AQ40: =+AO40-AE40*4 -> 33320 | AR40: =(AD40*40)+(AE40*4)+(AG40*0) -> 56 | AS40: =Table22[[#This Row],[GROSS WT]]-Table22[[#This Row],[Total Bag Discharged (Truck)]] -> 33376 | AT40: =+AO40 -> 33376 | AV40: 26 | AW40: 15 | AX40: 5 | AY40: =+AV40+AW40+AX40 -> 46 | AZ40: 227 | BA40: 30 | BB40: 20 | BC40: =+AZ40+BA40+BB40 -> 277 | BD40: =SUM(Table22[[#This Row],[Good Kernel (gm)]]+(Table22[[#This Row],[Immature (gm)]]+Table22[[#This Row],[Spotted (gm)]])/2)*0.176 -> 44.352 | BE40: 44.35 | BF40: =(AZ40+BA40+BB40)*0.17637 -> 48.85449 | BG40: =+((AX40+AV40+AZ40+BA40+BB40))*0.17637 -> 54.32196 | BH40: =SUM(Table22[[#This Row],[Good Kernel (gm)]:[Spotted (gm)]])/1000*100 -> 27.7 | BI40: =SUM(AV40,AX40,AZ40:BB40)/1000*100 -> 30.8 | BJ40: 9.9 | BK40: 199 | BL40: 594 | BM40: 23 | BN40: 0.093 | BO40: 27 | BP40: 0 | BQ40: =+BM40+BO40+BP40 -> 50 | BR40: 241 | BS40: 18 | BT40: 10 | BU40: =+BR40+BS40+BT40 -> 269 | BV40: =SUM(Table22[[#This Row],[Good Kernel (G M)]]+(Table22[[#This Row],[Immature (g m)]]+Table22[[#This Row],[Spotted (g m)]])/2)*0.176 -> 44.88 | BW40: 44.88 | BY40: =(BR40+BS40+BT40)*0.17637 -> 47.44353 | BZ40: =+((BP40+BM40+BR40+BS40+BT40))*0.17637 -> 51.50004 | CA40: =SUM(Table22[[#This Row],[Good Kernel (G M)]:[Spotted (g m)]])/1000*100 -> 26.9 | CB40: =(Table22[[#This Row],[BROWNS/Rejection (gm) (NUT)]]+Table22[[#This Row],[OIL (g m)]]+Table22[[#This Row],[Good Kernel (G M)]]+Table22[[#This Row],[Immature (g m)]]+Table22[[#This Row],[Spotted (g m)]])/1000*100 -> 29.2 | CC40: 9.3 | CD40: 193 | CE40: 619 | CH40: =TODAY()-Table22[[#This Row],[Discharge Date]] -> 157
A41: 37 | B41: YAMOUSSOUKRO | C41: ANAGROCI-01 | D41: 37 | F41: 887 | G41: 537 | H41: 46098 | L41: B3 | M41: 83396 | N41: BIN-02A | O41: 8751EZ01/7636 | P41: 46099 | Q41: 46099 | R41: VAVOUA | S41: SCAAMT COOP CA | V41: LBA-002-SCA | W41: 570 | X41: 56 | Y41: =W41+X41 -> 626 | Z41: 76 | AA41: =W41+Z41 -> 646 | AB41: =Z41 -> 76 | AC41: =W41 -> 570 | AE41: =X41 -> 56 | AF41: 76 | AH41: =AC41+AE41 -> 626 | AI41: 0 | AJ41: 0 | AK41: =AH41 -> 626 | AL41: =AK41 -> 626 | AM41: 51800 | AN41: =(AD41*40)+(AE41*4)+(AG41*0)+(AH41*1) -> 850 | AO41: =AM41-AH41 -> 51174 | AP41: =AM41-AN41 -> 50950 | AQ41: =+AO41-AE41*4 -> 50950 | AR41: =(AD41*40)+(AE41*4)+(AG41*0) -> 224 | AS41: =Table22[[#This Row],[GROSS WT]]-Table22[[#This Row],[Total Bag Discharged (Truck)]] -> 51174 | AT41: =+AO41 -> 51174 | AV41: 20 | AW41: 8 | AX41: 3 | AY41: =+AV41+AW41+AX41 -> 31 | AZ41: 250 | BA41: 14 | BB41: 12 | BC41: =+AZ41+BA41+BB41 -> 276 | BD41: =SUM(Table22[[#This Row],[Good Kernel (gm)]]+(Table22[[#This Row],[Immature (gm)]]+Table22[[#This Row],[Spotted (gm)]])/2)*0.176 -> 46.288 | BE41: 46.28 | BF41: =(AZ41+BA41+BB41)*0.17637 -> 48.67812 | BG41: =+((AX41+AV41+AZ41+BA41+BB41))*0.17637 -> 52.73463 | BH41: =SUM(Table22[[#This Row],[Good Kernel (gm)]:[Spotted (gm)]])/1000*100 -> 27.6 | BI41: =SUM(AV41,AX41,AZ41:BB41)/1000*100 -> 29.9 | BJ41: 10.3 | BK41: 176 | BL41: 618 | BM41: 18 | BO41: 18 | BP41: 3 | BQ41: =+BM41+BO41+BP41 -> 39 | BR41: 256 | BS41: 14 | BT41: 10 | BU41: =+BR41+BS41+BT41 -> 280 | BV41: =SUM(Table22[[#This Row],[Good Kernel (G M)]]+(Table22[[#This Row],[Immature (g m)]]+Table22[[#This Row],[Spotted (g m)]])/2)*0.176 -> 47.168 | BW41: 47.16 | BY41: =(BR41+BS41+BT41)*0.17637 -> 49.3836 | BZ41: =+((BP41+BM41+BR41+BS41+BT41))*0.17637 -> 53.08737 | CA41: =SUM(Table22[[#This Row],[Good Kernel (G M)]:[Spotted (g m)]])/1000*100 -> 28 | CB41: =(Table22[[#This Row],[BROWNS/Rejection (gm) (NUT)]]+Table22[[#This Row],[OIL (g m)]]+Table22[[#This Row],[Good Kernel (G M)]]+Table22[[#This Row],[Immature (g m)]]+Table22[[#This Row],[Spotted (g m)]])/1000*100 -> 30.1 | CC41: 10.2 | CD41: 186 | CE41: 609 | CH41: =TODAY()-Table22[[#This Row],[Discharge Date]] -> 156
A42: 38 | B42: YAMOUSSOUKRO | C42: ANAGROCI-01 | D42: 38 | F42: 888 | G42: 538 | H42: 46098 | K42: OK | L42: B3 | M42: 82487 | N42: BIN-02A | O42: 7695HJ01/520BH04 | P42: 46099 | Q42: 46099 | R42: BONIEREDOUGOU | S42: SCOOPS WEBE(EUNI) | T42: WEBE | V42: LBA-004-WEB | W42: 480 | X42: 6 | Y42: =W42+X42 -> 486 | Z42: 11 | AA42: =W42+Z42 -> 491 | AB42: =Z42 -> 11 | AC42: =W42 -> 480 | AE42: =X42 -> 6 | AF42: 11 | AH42: =AC42+AE42 -> 486 | AK42: =AH42 -> 486 | AL42: =AK42 -> 486 | AM42: 41340 | AN42: =(AD42*40)+(AE42*4)+(AG42*0)+(AH42*1) -> 510 | AO42: =AM42-AH42 -> 40854 | AP42: =AM42-AN42 -> 40830 | AQ42: =+AO42-AE42*4 -> 40830 | AR42: =(AD42*40)+(AE42*4)+(AG42*0) -> 24 | AS42: =Table22[[#This Row],[GROSS WT]]-Table22[[#This Row],[Total Bag Discharged (Truck)]] -> 40854 | AT42: =+AO42 -> 40854 | AV42: 22 | AW42: 9 | AX42: 5 | AY42: =+AV42+AW42+AX42 -> 36 | AZ42: 242 | BA42: 18 | BB42: 8 | BC42: =+AZ42+BA42+BB42 -> 268 | BD42: =SUM(Table22[[#This Row],[Good Kernel (gm)]]+(Table22[[#This Row],[Immature (gm)]]+Table22[[#This Row],[Spotted (gm)]])/2)*0.176 -> 44.88 | BE42: 44.88 | BF42: =(AZ42+BA42+BB42)*0.17637 -> 47.26716 | BG42: =+((AX42+AV42+AZ42+BA42+BB42))*0.17637 -> 52.02915 | BH42: =SUM(Table22[[#This Row],[Good Kernel (gm)]:[Spotted (gm)]])/1000*100 -> 26.8 | BI42: =SUM(AV42,AX42,AZ42:BB42)/1000*100 -> 29.5 | BJ42: 12.8 | BK42: 182 | BL42: 609 | BM42: 18 | BN42: 0.119 | BO42: 10 | BP42: 2 | BQ42: =+BM42+BO42+BP42 -> 30 | BR42: 234 | BS42: 28 | BT42: 10 | BU42: =+BR42+BS42+BT42 -> 272 | BV42: =SUM(Table22[[#This Row],[Good Kernel (G M)]]+(Table22[[#This Row],[Immature (g m)]]+Table22[[#This Row],[Spotted (g m)]])/2)*0.176 -> 44.528 | BW42: 44.52 | BY42: =(BR42+BS42+BT42)*0.17637 -> 47.97264 | BZ42: =+((BP42+BM42+BR42+BS42+BT42))*0.17637 -> 51.50004 | CA42: =SUM(Table22[[#This Row],[Good Kernel (G M)]:[Spotted (g m)]])/1000*100 -> 27.2 | CB42: =(Table22[[#This Row],[BROWNS/Rejection (gm) (NUT)]]+Table22[[#This Row],[OIL (g m)]]+Table22[[#This Row],[Good Kernel (G M)]]+Table22[[#This Row],[Immature (g m)]]+Table22[[#This Row],[Spotted (g m)]])/1000*100 -> 29.2 | CC42: 11.9 | CD42: 189 | CE42: 692 | CH42: =TODAY()-Table22[[#This Row],[Discharge Date]] -> 156
A43: 39 | B43: YAMOUSSOUKRO | C43: ANAGROCI-01 | D43: 39 | F43: 889 | G43: 539 | H43: 46096 | K43: OK | L43: B3 | M43: 77595 | N43: BIN-02A | O43: 1480LY01/6263HP01 | P43: 46099 | Q43: 46100 | R43: VAVOUA | S43: SCOOPS AGRO NEGOCE | U43: 0408-0287 | V43: LBA-022-NEG | W43: 575 | X43: 10 | Y43: =W43+X43 -> 585 | Z43: 65 | AA43: 601 | AB43: =Z43 -> 65 | AC43: =W43 -> 575 | AE43: =X43 -> 10 | AF43: 65 | AH43: =AC43+AE43 -> 585 | AK43: =AH43 -> 585 | AL43: =AK43 -> 585 | AM43: 40920 | AN43: =(AD43*40)+(AE43*4)+(AG43*0)+(AH43*1) -> 625 | AO43: =AM43-AH43 -> 40335 | AP43: =AM43-AN43 -> 40295 | AQ43: =+AO43-AE43*4 -> 40295 | AR43: =(AD43*40)+(AE43*4)+(AG43*0) -> 40 | AS43: =Table22[[#This Row],[GROSS WT]]-Table22[[#This Row],[Total Bag Discharged (Truck)]] -> 40335 | AT43: =+AO43 -> 40335 | AV43: 32 | AX43: 3 | AY43: =+AV43+AW43+AX43 -> 35 | AZ43: 235 | BA43: 23 | BB43: 8 | BC43: =+AZ43+BA43+BB43 -> 266 | BD43: =SUM(Table22[[#This Row],[Good Kernel (gm)]]+(Table22[[#This Row],[Immature (gm)]]+Table22[[#This Row],[Spotted (gm)]])/2)*0.176 -> 44.088 | BE43: 44.08 | BF43: =(AZ43+BA43+BB43)*0.17637 -> 46.91442 | BG43: =+((AX43+AV43+AZ43+BA43+BB43))*0.17637 -> 53.08737 | BH43: =SUM(Table22[[#This Row],[Good Kernel (gm)]:[Spotted (gm)]])/1000*100 -> 26.6 | BI43: =SUM(AV43,AX43,AZ43:BB43)/1000*100 -> 30.1 | BJ43: 9.2 | BK43: 201 | BL43: 593 | BM43: 29 | BN43: 0.09 | BO43: 8 | BP43: 3 | BQ43: =+BM43+BO43+BP43 -> 40 | BR43: 240 | BS43: 18 | BT43: 14 | BU43: =+BR43+BS43+BT43 -> 272 | BV43: =SUM(Table22[[#This Row],[Good Kernel (G M)]]+(Table22[[#This Row],[Immature (g m)]]+Table22[[#This Row],[Spotted (g m)]])/2)*0.176 -> 45.056 | BW43: 45.05 | BY43: =(BR43+BS43+BT43)*0.17637 -> 47.97264 | BZ43: =+((BP43+BM43+BR43+BS43+BT43))*0.17637 -> 53.61648 | CA43: =SUM(Table22[[#This Row],[Good Kernel (G M)]:[Spotted (g m)]])/1000*100 -> 27.2 | CB43: =(Table22[[#This Row],[BROWNS/Rejection (gm) (NUT)]]+Table22[[#This Row],[OIL (g m)]]+Table22[[#This Row],[Good Kernel (G M)]]+Table22[[#This Row],[Immature (g m)]]+Table22[[#This Row],[Spotted (g m)]])/1000*100 -> 30.4 | CC43: 9 | CD43: 189 | CE43: 682 | CH43: =TODAY()-Table22[[#This Row],[Discharge Date]] -> 155
A44: 40 | B44: YAMOUSSOUKRO | C44: ANAGROCI-01 | D44: 40 | F44: 890 | G44: 540 | H44: 46098 | K44: OK | L44: B3 | M44: 83395 | N44: BIN-02A | O44: 2319LK02/5342BE03 | P44: 46099 | Q44: 46100 | R44: VAVOUA | S44: SCAAMT COOP CA | V44: LBA-002-SCA | W44: 472 | X44: 21 | Y44: =W44+X44 -> 493 | Z44: 46 | AA44: 498 | AB44: =Z44 -> 46 | AC44: =W44 -> 472 | AE44: =X44 -> 21 | AF44: 46 | AH44: =AC44+AE44 -> 493 | AK44: =AH44 -> 493 | AL44: =AK44 -> 493 | AM44: 40720 | AN44: =(AD44*40)+(AE44*4)+(AG44*0)+(AH44*1) -> 577 | AO44: =AM44-AH44 -> 40227 | AP44: =AM44-AN44 -> 40143 | AQ44: =+AO44-AE44*4 -> 40143 | AR44: =(AD44*40)+(AE44*4)+(AG44*0) -> 84 | AS44: =Table22[[#This Row],[GROSS WT]]-Table22[[#This Row],[Total Bag Discharged (Truck)]] -> 40227 | AT44: =+AO44 -> 40227 | AV44: 21 | AW44: 21 | AY44: =+AV44+AW44+AX44 -> 42 | AZ44: 247 | BA44: 18 | BB44: 12 | BC44: =+AZ44+BA44+BB44 -> 277 | BD44: =SUM(Table22[[#This Row],[Good Kernel (gm)]]+(Table22[[#This Row],[Immature (gm)]]+Table22[[#This Row],[Spotted (gm)]])/2)*0.176 -> 46.112 | BE44: 46.11 | BF44: =(AZ44+BA44+BB44)*0.17637 -> 48.85449 | BG44: =+((AX44+AV44+AZ44+BA44+BB44))*0.17637 -> 52.55826 | BH44: =SUM(Table22[[#This Row],[Good Kernel (gm)]:[Spotted (gm)]])/1000*100 -> 27.7 | BI44: =SUM(AV44,AX44,AZ44:BB44)/1000*100 -> 29.8 | BJ44: 11 | BK44: 189 | BL44: 621 | BM44: 23 | BN44: 0.108 | BO44: 8 | BP44: 2 | BQ44: =+BM44+BO44+BP44 -> 33 | BR44: 245 | BS44: 18 | BT44: 14 | BU44: =+BR44+BS44+BT44 -> 277 | BV44: =SUM(Table22[[#This Row],[Good Kernel (G M)]]+(Table22[[#This Row],[Immature (g m)]]+Table22[[#This Row],[Spotted (g m)]])/2)*0.176 -> 45.936 | BW44: 45.76 | BY44: =(BR44+BS44+BT44)*0.17637 -> 48.85449 | BZ44: =+((BP44+BM44+BR44+BS44+BT44))*0.17637 -> 53.26374 | CA44: =SUM(Table22[[#This Row],[Good Kernel (G M)]:[Spotted (g m)]])/1000*100 -> 27.7 | CB44: =(Table22[[#This Row],[BROWNS/Rejection (gm) (NUT)]]+Table22[[#This Row],[OIL (g m)]]+Table22[[#This Row],[Good Kernel (G M)]]+Table22[[#This Row],[Immature (g m)]]+Table22[[#This Row],[Spotted (g m)]])/1000*100 -> 30.2 | CC44: 10.8 | CD44: 183 | CE44: 683 | CH44: =TODAY()-Table22[[#This Row],[Discharge Date]] -> 155
A45: 41 | B45: YAMOUSSOUKRO | C45: ANAGROCI-01 | D45: 41 | F45: 891 | G45: 541 | H45: 46098 | K45: OK | L45: B3 | M45: 83394 | N45: BIN-02A | O45: 5533KT01/8841CG01 | P45: 46099 | Q45: 46100 | R45: VAVOUA | S45: SCAAMT COOP CA | V45: LBA-002-SCA | W45: 630 | X45: 39 | Y45: =W45+X45 -> 669 | Z45: 39 | AA45: 675 | AB45: =Z45 -> 39 | AC45: 648 | AE45: 21 | AF45: 45 | AH45: =AC45+AE45 -> 669 | AK45: =AH45 -> 669 | AL45: =AK45 -> 669 | AM45: 54080 | AN45: =(AD45*40)+(AE45*4)+(AG45*0)+(AH45*1) -> 753 | AO45: =AM45-AH45 -> 53411 | AP45: =AM45-AN45 -> 53327 | AQ45: =+AO45-AE45*4 -> 53327 | AR45: =(AD45*40)+(AE45*4)+(AG45*0) -> 84 | AS45: =Table22[[#This Row],[GROSS WT]]-Table22[[#This Row],[Total Bag Discharged (Truck)]] -> 53411 | AT45: =+AO45 -> 53411 | AV45: 25 | AW45: 12 | AX45: 3 | AY45: =+AV45+AW45+AX45 -> 40 | AZ45: 244 | BA45: 20 | BB45: 14 | BC45: =+AZ45+BA45+BB45 -> 278 | BD45: =SUM(Table22[[#This Row],[Good Kernel (gm)]]+(Table22[[#This Row],[Immature (gm)]]+Table22[[#This Row],[Spotted (gm)]])/2)*0.176 -> 45.936 | BE45: 45.93 | BF45: =(AZ45+BA45+BB45)*0.17637 -> 49.03086 | BG45: =+((AX45+AV45+AZ45+BA45+BB45))*0.17637 -> 53.96922 | BH45: =SUM(Table22[[#This Row],[Good Kernel (gm)]:[Spotted (gm)]])/1000*100 -> 27.8 | BI45: =SUM(AV45,AX45,AZ45:BB45)/1000*100 -> 30.6 | BJ45: 10.2 | BK45: 193 | BL45: 606 | BM45: 28 | BN45: 0.099 | BO45: 14 | BQ45: =+BM45+BO45+BP45 -> 42 | BR45: 238 | BS45: 22 | BT45: 18 | BU45: =+BR45+BS45+BT45 -> 278 | BV45: =SUM(Table22[[#This Row],[Good Kernel (G M)]]+(Table22[[#This Row],[Immature (g m)]]+Table22[[#This Row],[Spotted (g m)]])/2)*0.176 -> 45.408 | BW45: 45.4 | BY45: =(BR45+BS45+BT45)*0.17637 -> 49.03086 | BZ45: =+((BP45+BM45+BR45+BS45+BT45))*0.17637 -> 53.96922 | CA45: =SUM(Table22[[#This Row],[Good Kernel (G M)]:[Spotted (g m)]])/1000*100 -> 27.8 | CB45: =(Table22[[#This Row],[BROWNS/Rejection (gm) (NUT)]]+Table22[[#This Row],[OIL (g m)]]+Table22[[#This Row],[Good Kernel (G M)]]+Table22[[#This Row],[Immature (g m)]]+Table22[[#This Row],[Spotted (g m)]])/1000*100 -> 30.6 | CC45: 9.9 | CD45: 188 | CE45: 673 | CH45: =TODAY()-Table22[[#This Row],[Discharge Date]] -> 155
A46: 42 | B46: YAMOUSSOUKRO | C46: ANAGROCI-01 | D46: 42 | F46: 892 | G46: 542 | H46: 46100 | K46: OK | L46: B3 | M46: 82476 | N46: BIN-005 | O46: 7115GU01/7131 | P46: 46100 | Q46: 46102 | R46: KOUNAHIRI | S46: RCN SOCOSAM | V46: DIS-011-SAM | W46: 319 | X46: 8 | Y46: =W46+X46 -> 327 | Z46: 16 | AA46: =W46+Z46 -> 335 | AB46: =Z46 -> 16 | AC46: =W46 -> 319 | AE46: =X46 -> 8 | AF46: 16 | AH46: =AC46+AE46 -> 327 | AK46: =AH46 -> 327 | AL46: =AK46 -> 327 | AM46: 28780 | AN46: =(AD46*40)+(AE46*4)+(AG46*0)+(AH46*1) -> 359 | AO46: =AM46-AH46 -> 28453 | AP46: =AM46-AN46 -> 28421 | AQ46: =+AO46-AE46*4 -> 28421 | AR46: =(AD46*40)+(AE46*4)+(AG46*0) -> 32 | AS46: =Table22[[#This Row],[GROSS WT]]-Table22[[#This Row],[Total Bag Discharged (Truck)]] -> 28453 | AT46: =+AO46 -> 28453 | AV46: 33 | AW46: 6 | AX46: 3 | AY46: =+AV46+AW46+AX46 -> 42 | AZ46: 240 | BA46: 12 | BB46: 9 | BC46: =+AZ46+BA46+BB46 -> 261 | BD46: =SUM(Table22[[#This Row],[Good Kernel (gm)]]+(Table22[[#This Row],[Immature (gm)]]+Table22[[#This Row],[Spotted (gm)]])/2)*0.176 -> 44.088 | BE46: 44.08 | BF46: =(AZ46+BA46+BB46)*0.17637 -> 46.03257 | BG46: =+((AX46+AV46+AZ46+BA46+BB46))*0.17637 -> 52.38189 | BH46: =SUM(Table22[[#This Row],[Good Kernel (gm)]:[Spotted (gm)]])/1000*100 -> 26.1 | BI46: =SUM(AV46,AX46,AZ46:BB46)/1000*100 -> 29.7 | BJ46: 9.8 | BK46: 183 | BL46: 691 | BM46: 25 | BN46: 0.098 | BO46: 6 | BP46: 2 | BQ46: =+BM46+BO46+BP46 -> 33 | BR46: 241 | BS46: 16 | BT46: 11 | BU46: =+BR46+BS46+BT46 -> 268 | BV46: =SUM(Table22[[#This Row],[Good Kernel (G M)]]+(Table22[[#This Row],[Immature (g m)]]+Table22[[#This Row],[Spotted (g m)]])/2)*0.176 -> 44.792 | BW46: 44.08 | BY46: =(BR46+BS46+BT46)*0.17637 -> 47.26716 | BZ46: =+((BP46+BM46+BR46+BS46+BT46))*0.17637 -> 52.02915 | CA46: =SUM(Table22[[#This Row],[Good Kernel (G M)]:[Spotted (g m)]])/1000*100 -> 26.8 | CB46: =(Table22[[#This Row],[BROWNS/Rejection (gm) (NUT)]]+Table22[[#This Row],[OIL (g m)]]+Table22[[#This Row],[Good Kernel (G M)]]+Table22[[#This Row],[Immature (g m)]]+Table22[[#This Row],[Spotted (g m)]])/1000*100 -> 29.5 | CC46: 9.8 | CD46: 176 | CH46: =TODAY()-Table22[[#This Row],[Discharge Date]] -> 153
A47: 43 | B47: YAMOUSSOUKRO | C47: ANAGROCI-01 | D47: 43 | F47: 893 | G47: 543 | H47: 46100 | K47: OK | L47: B3 | M47: 82480 | N47: BIN-03A | O47: AA944AR/AA7408RB | P47: 46100 | Q47: 46102 | R47: VAVOUA | S47: SCAAMT COOP CA | V47: LBA-002-SCA | W47: 664 | X47: 21 | Y47: =W47+X47 -> 685 | Z47: 91 | AA47: 693 | AB47: =Z47 -> 91 | AC47: =W47 -> 664 | AE47: =X47 -> 21 | AF47: 91 | AH47: =AC47+AE47 -> 685 | AK47: =AH47 -> 685 | AL47: =AK47 -> 685 | AM47: 52740 | AN47: =(AD47*40)+(AE47*4)+(AG47*0)+(AH47*1) -> 769 | AO47: =AM47-AH47 -> 52055 | AP47: =AM47-AN47 -> 51971 | AQ47: =+AO47-AE47*4 -> 51971 | AR47: =(AD47*40)+(AE47*4)+(AG47*0) -> 84 | AS47: =Table22[[#This Row],[GROSS WT]]-Table22[[#This Row],[Total Bag Discharged (Truck)]] -> 52055 | AT47: =+AO47 -> 52055 | AV47: 22 | AW47: 8 | AX47: 3 | AY47: =+AV47+AW47+AX47 -> 33 | AZ47: 252 | BA47: 10 | BB47: 12 | BC47: =+AZ47+BA47+BB47 -> 274 | BD47: =SUM(Table22[[#This Row],[Good Kernel (gm)]]+(Table22[[#This Row],[Immature (gm)]]+Table22[[#This Row],[Spotted (gm)]])/2)*0.176 -> 46.288 | BE47: 46.11 | BF47: =(AZ47+BA47+BB47)*0.17637 -> 48.32538 | BG47: =+((AX47+AV47+AZ47+BA47+BB47))*0.17637 -> 52.73463 | BH47: =SUM(Table22[[#This Row],[Good Kernel (gm)]:[Spotted (gm)]])/1000*100 -> 27.4 | BI47: =SUM(AV47,AX47,AZ47:BB47)/1000*100 -> 29.9 | BJ47: 10.4 | BK47: 180 | BL47: 686 | BM47: 27 | BN47: 0.098 | BO47: 6 | BP47: 2 | BQ47: =+BM47+BO47+BP47 -> 35 | BR47: 248 | BS47: 16 | BT47: 14 | BU47: =+BR47+BS47+BT47 -> 278 | BV47: =SUM(Table22[[#This Row],[Good Kernel (G M)]]+(Table22[[#This Row],[Immature (g m)]]+Table22[[#This Row],[Spotted (g m)]])/2)*0.176 -> 46.288 | BW47: 46.28 | BY47: =(BR47+BS47+BT47)*0.17637 -> 49.03086 | BZ47: =+((BP47+BM47+BR47+BS47+BT47))*0.17637 -> 54.14559 | CA47: =SUM(Table22[[#This Row],[Good Kernel (G M)]:[Spotted (g m)]])/1000*100 -> 27.8 | CB47: =(Table22[[#This Row],[BROWNS/Rejection (gm) (NUT)]]+Table22[[#This Row],[OIL (g m)]]+Table22[[#This Row],[Good Kernel (G M)]]+Table22[[#This Row],[Immature (g m)]]+Table22[[#This Row],[Spotted (g m)]])/1000*100 -> 30.7 | CC47: 9.8 | CD47: 184 | CH47: =TODAY()-Table22[[#This Row],[Discharge Date]] -> 153
A48: 44 | B48: YAMOUSSOUKRO | C48: ANAGROCI-01 | D48: 44 | F48: 894 | G48: 544 | H48: 46099 | K48: OK | L48: B3 | M48: 72609 | N48: BIN-02A | O48: 1060KT04/1285KY04 | P48: 46100 | Q48: 46103 | R48: KANIASSO | S48: SCOOPS-SOCOSIDJI | V48: LBA-001-SOC | W48: 475 | X48: 18 | Y48: =W48+X48 -> 493 | Z48: 18 | AA48: =W48+Z48 -> 493 | AB48: =Z48 -> 18 | AC48: =W48 -> 475 | AE48: =X48 -> 18 | AF48: 18 | AH48: =AC48+AE48 -> 493 | AK48: =AH48 -> 493 | AL48: =AK48 -> 493 | AM48: 41400 | AN48: =(AD48*40)+(AE48*4)+(AG48*0)+(AH48*1) -> 565 | AO48: =AM48-AH48 -> 40907 | AP48: 40835 | AQ48: =+AO48-AE48*4 -> 40835 | AR48: =(AD48*40)+(AE48*4)+(AG48*0) -> 72 | AS48: =Table22[[#This Row],[GROSS WT]]-Table22[[#This Row],[Total Bag Discharged (Truck)]] -> 40907 | AT48: =+AO48 -> 40907 | AV48: 18 | AW48: 38 | AX48: 2 | AY48: =+AV48+AW48+AX48 -> 58 | AZ48: 240 | BA48: 16 | BB48: 14 | BC48: =+AZ48+BA48+BB48 -> 270 | BD48: =SUM(Table22[[#This Row],[Good Kernel (gm)]]+(Table22[[#This Row],[Immature (gm)]]+Table22[[#This Row],[Spotted (gm)]])/2)*0.176 -> 44.88 | BE48: 44.88 | BF48: =(AZ48+BA48+BB48)*0.17637 -> 47.6199 | BG48: =+((AX48+AV48+AZ48+BA48+BB48))*0.17637 -> 51.1473 | BH48: =SUM(Table22[[#This Row],[Good Kernel (gm)]:[Spotted (gm)]])/1000*100 -> 27 | BI48: =SUM(AV48,AX48,AZ48:BB48)/1000*100 -> 29 | BJ48: 8.1 | BK48: 187 | BL48: 665 | BM48: 24 | BN48: 0.08 | BO48: 20 | BP48: 2 | BQ48: =+BM48+BO48+BP48 -> 46 | BR48: 242 | BS48: 14 | BT48: 16 | BU48: =+BR48+BS48+BT48 -> 272 | BV48: =SUM(Table22[[#This Row],[Good Kernel (G M)]]+(Table22[[#This Row],[Immature (g m)]]+Table22[[#This Row],[Spotted (g m)]])/2)*0.176 -> 45.232 | BW48: 45.23 | BY48: =(BR48+BS48+BT48)*0.17637 -> 47.97264 | BZ48: =+((BP48+BM48+BR48+BS48+BT48))*0.17637 -> 52.55826 | CA48: =SUM(Table22[[#This Row],[Good Kernel (G M)]:[Spotted (g m)]])/1000*100 -> 27.2 | CB48: =(Table22[[#This Row],[BROWNS/Rejection (gm) (NUT)]]+Table22[[#This Row],[OIL (g m)]]+Table22[[#This Row],[Good Kernel (G M)]]+Table22[[#This Row],[Immature (g m)]]+Table22[[#This Row],[Spotted (g m)]])/1000*100 -> 29.8 | CC48: 8.4 | CD48: 192 | CH48: =TODAY()-Table22[[#This Row],[Discharge Date]] -> 152
A49: 45 | B49: YAMOUSSOUKRO | C49: ANAGROCI-01 | D49: 45 | F49: 895 | G49: 545 | H49: 46100 | K49: OK | L49: B3 | M49: 83398 | N49: BIN-005 | O49: 1714LE01/671HN01 | P49: 46100 | Q49: 46104 | R49: BOUAFLE | S49: SCOOP KOB S | V49: DIS-021-KOB | W49: 408 | X49: 1 | Y49: =W49+X49 -> 409 | Z49: 1 | AA49: =W49+Z49 -> 409 | AB49: =Z49 -> 1 | AC49: =W49 -> 408 | AE49: =X49 -> 1 | AF49: 1 | AH49: =AC49+AE49 -> 409 | AK49: =AH49 -> 409 | AL49: =AK49 -> 409 | AM49: 31920 | AN49: =(AD49*40)+(AE49*4)+(AG49*0)+(AH49*1) -> 413 | AO49: =AM49-AH49 -> 31511 | AP49: =AM49-AN49 -> 31507 | AQ49: =+AO49-AE49*4 -> 31507 | AR49: =(AD49*40)+(AE49*4)+(AG49*0) -> 4 | AS49: =Table22[[#This Row],[GROSS WT]]-Table22[[#This Row],[Total Bag Discharged (Truck)]] -> 31511 | AT49: =+AO49 -> 31511 | AV49: 24 | AW49: 8 | AX49: 0 | AY49: =+AV49+AW49+AX49 -> 32 | AZ49: 236 | BA49: 18 | BB49: 12 | BC49: 236 | BD49: =SUM(Table22[[#This Row],[Good Kernel (gm)]]+(Table22[[#This Row],[Immature (gm)]]+Table22[[#This Row],[Spotted (gm)]])/2)*0.176 -> 44.176 | BE49: 44.17 | BF49: =(AZ49+BA49+BB49)*0.17637 -> 46.91442 | BG49: =+((AX49+AV49+AZ49+BA49+BB49))*0.17637 -> 51.1473 | BH49: =SUM(Table22[[#This Row],[Good Kernel (gm)]:[Spotted (gm)]])/1000*100 -> 26.6 | BI49: =SUM(AV49,AX49,AZ49:BB49)/1000*100 -> 29 | BJ49: 9.9 | BK49: 186 | BL49: 697 | BM49: 32 | BN49: 9.9 | BO49: 16 | BP49: 2 | BQ49: =+BM49+BO49+BP49 -> 50 | BR49: 236 | BS49: 20 | BT49: 12 | BU49: =+BR49+BS49+BT49 -> 268 | BV49: =SUM(Table22[[#This Row],[Good Kernel (G M)]]+(Table22[[#This Row],[Immature (g m)]]+Table22[[#This Row],[Spotted (g m)]])/2)*0.176 -> 44.352 | BW49: 44.35 | BY49: =(BR49+BS49+BT49)*0.17637 -> 47.26716 | BZ49: =+((BP49+BM49+BR49+BS49+BT49))*0.17637 -> 53.26374 | CA49: =SUM(Table22[[#This Row],[Good Kernel (G M)]:[Spotted (g m)]])/1000*100 -> 26.8 | CB49: =(Table22[[#This Row],[BROWNS/Rejection (gm) (NUT)]]+Table22[[#This Row],[OIL (g m)]]+Table22[[#This Row],[Good Kernel (G M)]]+Table22[[#This Row],[Immature (g m)]]+Table22[[#This Row],[Spotted (g m)]])/1000*100 -> 30.2 | CC49: 9.9 | CD49: 186 | CE49: 0 | CH49: =TODAY()-Table22[[#This Row],[Discharge Date]] -> 151
A50: 46 | B50: YAMOUSSOUKRO | C50: ANAGROCI-01 | D50: 46 | F50: 896 | G50: 546 | H50: 46103 | K50: OK | L50: B3 | M50: 82162 | N50: BIN-005 | O50: 285LA01/3126FE02 | P50: 46103 | Q50: 46104 | R50: VAVOUA | S50: COP JAVA SCOOP | V50: LBA-005-JAV | W50: 522 | X50: 38 | Y50: =W50+X50 -> 560 | Z50: 41 | AA50: 563 | AB50: =Z50 -> 41 | AC50: 536 | AE50: 24 | AF50: 41 | AH50: =AC50+AE50 -> 560 | AK50: =AH50 -> 560 | AL50: =AK50 -> 560 | AM50: 45020 | AN50: =(AD50*40)+(AE50*4)+(AG50*0)+(AH50*1) -> 656 | AO50: =AM50-AH50 -> 44460 | AP50: =AM50-AN50 -> 44364 | AQ50: =+AO50-AE50*4 -> 44364 | AR50: =(AD50*40)+(AE50*4)+(AG50*0) -> 96 | AS50: =Table22[[#This Row],[GROSS WT]]-Table22[[#This Row],[Total Bag Discharged (Truck)]] -> 44460 | AT50: =+AO50 -> 44460 | AV50: 35 | AW50: 17 | AX50: 3 | AY50: =+AV50+AW50+AX50 -> 55 | AZ50: 241 | BA50: 12 | BB50: 8 | BC50: =+AZ50+BA50+BB50 -> 261 | BD50: =SUM(Table22[[#This Row],[Good Kernel (gm)]]+(Table22[[#This Row],[Immature (gm)]]+Table22[[#This Row],[Spotted (gm)]])/2)*0.176 -> 44.176 | BE50: 44.17 | BF50: =(AZ50+BA50+BB50)*0.17637 -> 46.03257 | BG50: =+((AX50+AV50+AZ50+BA50+BB50))*0.17637 -> 52.73463 | BH50: =SUM(Table22[[#This Row],[Good Kernel (gm)]:[Spotted (gm)]])/1000*100 -> 26.1 | BI50: =SUM(AV50,AX50,AZ50:BB50)/1000*100 -> 29.9 | BJ50: 10 | BK50: 185 | BL50: 678 | BM50: 29 | BN50: 9.8 | BO50: 19 | BP50: 2 | BQ50: =+BM50+BO50+BP50 -> 50 | BR50: 242 | BS50: 10 | BT50: 13 | BU50: =+BR50+BS50+BT50 -> 265 | BV50: =SUM(Table22[[#This Row],[Good Kernel (G M)]]+(Table22[[#This Row],[Immature (g m)]]+Table22[[#This Row],[Spotted (g m)]])/2)*0.176 -> 44.616 | BW50: 44.17 | BY50: =(BR50+BS50+BT50)*0.17637 -> 46.73805 | BZ50: =+((BP50+BM50+BR50+BS50+BT50))*0.17637 -> 52.20552 | CA50: =SUM(Table22[[#This Row],[Good Kernel (G M)]:[Spotted (g m)]])/1000*100 -> 26.5 | CB50: =(Table22[[#This Row],[BROWNS/Rejection (gm) (NUT)]]+Table22[[#This Row],[OIL (g m)]]+Table22[[#This Row],[Good Kernel (G M)]]+Table22[[#This Row],[Immature (g m)]]+Table22[[#This Row],[Spotted (g m)]])/1000*100 -> 29.6 | CC50: 9.8 | CD50: 182 | CH50: =TODAY()-Table22[[#This Row],[Discharge Date]] -> 151
A51: 47 | B51: YAMOUSSOUKRO | C51: ANAGROCI-01 | D51: 47 | F51: 897 | G51: 547 | H51: 46103 | K51: OK | L51: B3 | M51: 82477 | N51: BIN-005 | O51: 5533KT01/8841CG01 | P51: 46104 | Q51: 46104 | R51: VAVOUA | S51: SCAAMT COOP CA | V51: LBA-002-SCA | W51: 585 | X51: 65 | Y51: =W51+X51 -> 650 | Z51: 71 | AA51: 656 | AB51: =Z51 -> 71 | AC51: 627 | AE51: 23 | AF51: 71 | AH51: =AC51+AE51 -> 650 | AK51: =AH51 -> 650 | AL51: =AK51 -> 650 | AM51: 52520 | AN51: =(AD51*40)+(AE51*4)+(AG51*0)+(AH51*1) -> 742 | AO51: =AM51-AH51 -> 51870 | AP51: =AM51-AN51 -> 51778 | AQ51: =+AO51-AE51*4 -> 51778 | AR51: =(AD51*40)+(AE51*4)+(AG51*0) -> 92 | AS51: =Table22[[#This Row],[GROSS WT]]-Table22[[#This Row],[Total Bag Discharged (Truck)]] -> 51870 | AT51: =+AO51 -> 51870 | AV51: 32 | AW51: 24 | AX51: 3 | AY51: =+AV51+AW51+AX51 -> 59 | AZ51: 238 | BA51: 15 | BB51: 10 | BC51: =+AZ51+BA51+BB51 -> 263 | BD51: =SUM(Table22[[#This Row],[Good Kernel (gm)]]+(Table22[[#This Row],[Immature (gm)]]+Table22[[#This Row],[Spotted (gm)]])/2)*0.176 -> 44.088 | BE51: 44.08 | BF51: =(AZ51+BA51+BB51)*0.17637 -> 46.38531 | BG51: =+((AX51+AV51+AZ51+BA51+BB51))*0.17637 -> 52.55826 | BH51: =SUM(Table22[[#This Row],[Good Kernel (gm)]:[Spotted (gm)]])/1000*100 -> 26.3 | BI51: =SUM(AV51,AX51,AZ51:BB51)/1000*100 -> 29.8 | BJ51: 9.8 | BK51: 184 | BL51: 672 | BM51: 29 | BN51: 9.5 | BO51: 22 | BP51: 3 | BQ51: =+BM51+BO51+BP51 -> 54 | BR51: 238 | BS51: 16 | BT51: 11 | BU51: =+BR51+BS51+BT51 -> 265 | BV51: =SUM(Table22[[#This Row],[Good Kernel (G M)]]+(Table22[[#This Row],[Immature (g m)]]+Table22[[#This Row],[Spotted (g m)]])/2)*0.176 -> 44.264 | BW51: 44.26 | BY51: =(BR51+BS51+BT51)*0.17637 -> 46.73805 | BZ51: =+((BP51+BM51+BR51+BS51+BT51))*0.17637 -> 52.38189 | CA51: =SUM(Table22[[#This Row],[Good Kernel (G M)]:[Spotted (g m)]])/1000*100 -> 26.5 | CB51: =(Table22[[#This Row],[BROWNS/Rejection (gm) (NUT)]]+Table22[[#This Row],[OIL (g m)]]+Table22[[#This Row],[Good Kernel (G M)]]+Table22[[#This Row],[Immature (g m)]]+Table22[[#This Row],[Spotted (g m)]])/1000*100 -> 29.7 | CC51: 9.5 | CD51: 187 | CH51: =TODAY()-Table22[[#This Row],[Discharge Date]] -> 151
A52: 48 | B52: YAMOUSSOUKRO | C52: ANAGROCI-01 | D52: 48 | F52: 898 | G52: 548 | H52: 46096 | K52: OK | L52: B3 | M52: 82110 | N52: BIN-02A | O52: 4379LL022/AA848RC | P52: 46104 | Q52: 46104 | R52: VAVOUA | S52: SCAAMT COOP CA | V52: LBA-002-SCA | W52: 657 | X52: 128 | Y52: =W52+X52 -> 785 | Z52: 120 | AA52: =W52+Z52 -> 777 | AB52: =Z52 -> 120 | AC52: 762 | AE52: 23 | AF52: 120 | AH52: =AC52+AE52 -> 785 | AK52: =AH52 -> 785 | AL52: =AK52 -> 785 | AM52: 53940 | AN52: =(AD52*40)+(AE52*4)+(AG52*0)+(AH52*1) -> 877 | AO52: =AM52-AH52 -> 53155 | AP52: =AM52-AN52 -> 53063 | AQ52: =+AO52-AE52*4 -> 53063 | AR52: =(AD52*40)+(AE52*4)+(AG52*0) -> 92 | AS52: =Table22[[#This Row],[GROSS WT]]-Table22[[#This Row],[Total Bag Discharged (Truck)]] -> 53155 | AT52: =+AO52 -> 53155 | AV52: 29 | AW52: 27 | AX52: 3 | AY52: =+AV52+AW52+AX52 -> 59 | AZ52: 240 | BA52: 14 | BB52: 12 | BC52: =+AZ52+BA52+BB52 -> 266 | BD52: =SUM(Table22[[#This Row],[Good Kernel (gm)]]+(Table22[[#This Row],[Immature (gm)]]+Table22[[#This Row],[Spotted (gm)]])/2)*0.176 -> 44.528 | BE52: 44.52 | BF52: =(AZ52+BA52+BB52)*0.17637 -> 46.91442 | BG52: =+((AX52+AV52+AZ52+BA52+BB52))*0.17637 -> 52.55826 | BH52: =SUM(Table22[[#This Row],[Good Kernel (gm)]:[Spotted (gm)]])/1000*100 -> 26.6 | BI52: =SUM(AV52,AX52,AZ52:BB52)/1000*100 -> 29.8 | BJ52: 9.3 | BK52: 185 | BL52: 683 | BM52: 28 | BN52: 9.1 | BO52: 19 | BP52: 2 | BQ52: =+BM52+BO52+BP52 -> 49 | BR52: 244 | BS52: 14 | BT52: 8 | BU52: =+BR52+BS52+BT52 -> 266 | BV52: =SUM(Table22[[#This Row],[Good Kernel (G M)]]+(Table22[[#This Row],[Immature (g m)]]+Table22[[#This Row],[Spotted (g m)]])/2)*0.176 -> 44.88 | BW52: 44.88 | BY52: =(BR52+BS52+BT52)*0.17637 -> 46.91442 | BZ52: =+((BP52+BM52+BR52+BS52+BT52))*0.17637 -> 52.20552 | CA52: =SUM(Table22[[#This Row],[Good Kernel (G M)]:[Spotted (g m)]])/1000*100 -> 26.6 | CB52: =(Table22[[#This Row],[BROWNS/Rejection (gm) (NUT)]]+Table22[[#This Row],[OIL (g m)]]+Table22[[#This Row],[Good Kernel (G M)]]+Table22[[#This Row],[Immature (g m)]]+Table22[[#This Row],[Spotted (g m)]])/1000*100 -> 29.6 | CC52: 9.1 | CD52: 188 | CH52: =TODAY()-Table22[[#This Row],[Discharge Date]] -> 151
A53: 49 | B53: YAMOUSSOUKRO | C53: ANAGROCI-01 | D53: 49 | F53: 899 | G53: 549 | H53: 46104 | K53: OK | L53: B3 | M53: 82478 | N53: BIN-03A | O53: 2319LR02/5342BE03 | P53: 46105 | Q53: 46105 | R53: VAVOUA | S53: SCAAMT COOP CA | V53: LBA-002-SCA | W53: 478 | X53: 47 | Y53: =W53+X53 -> 525 | Z53: 47 | AA53: =W53+Z53 -> 525 | AB53: =Z53 -> 47 | AC53: 502 | AE53: 23 | AF53: 47 | AH53: =AC53+AE53 -> 525 | AK53: =AH53 -> 525 | AL53: =AK53 -> 525 | AM53: 42380 | AN53: =(AD53*40)+(AE53*4)+(AG53*0)+(AH53*1) -> 617 | AO53: =AM53-AH53 -> 41855 | AP53: =AM53-AN53 -> 41763 | AQ53: =+AO53-AE53*4 -> 41763 | AR53: =(AD53*40)+(AE53*4)+(AG53*0) -> 92 | AS53: =Table22[[#This Row],[GROSS WT]]-Table22[[#This Row],[Total Bag Discharged (Truck)]] -> 41855 | AT53: =+AO53 -> 41855 | AV53: 27 | AW53: 14 | AX53: 3 | AY53: =+AV53+AW53+AX53 -> 44 | AZ53: 246 | BA53: 16 | BB53: 8 | BC53: =+AZ53+BA53+BB53 -> 270 | BD53: =SUM(Table22[[#This Row],[Good Kernel (gm)]]+(Table22[[#This Row],[Immature (gm)]]+Table22[[#This Row],[Spotted (gm)]])/2)*0.176 -> 45.408 | BE53: 45.4 | BF53: =(AZ53+BA53+BB53)*0.17637 -> 47.6199 | BG53: =+((AX53+AV53+AZ53+BA53+BB53))*0.17637 -> 52.911 | BH53: =SUM(Table22[[#This Row],[Good Kernel (gm)]:[Spotted (gm)]])/1000*100 -> 27 | BI53: =SUM(AV53,AX53,AZ53:BB53)/1000*100 -> 30 | BJ53: 9.7 | BK53: 184 | BL53: 680 | BM53: 23 | BN53: 10.8 | BO53: 8 | BP53: 2 | BQ53: =+BM53+BO53+BP53 -> 33 | BR53: 245 | BS53: 18 | BT53: 14 | BU53: =+BR53+BS53+BT53 -> 277 | BV53: =SUM(Table22[[#This Row],[Good Kernel (G M)]]+(Table22[[#This Row],[Immature (g m)]]+Table22[[#This Row],[Spotted (g m)]])/2)*0.176 -> 45.936 | BW53: 45.76 | BY53: =(BR53+BS53+BT53)*0.17637 -> 48.85449 | BZ53: =+((BP53+BM53+BR53+BS53+BT53))*0.17637 -> 53.26374 | CA53: =SUM(Table22[[#This Row],[Good Kernel (G M)]:[Spotted (g m)]])/1000*100 -> 27.7 | CB53: =(Table22[[#This Row],[BROWNS/Rejection (gm) (NUT)]]+Table22[[#This Row],[OIL (g m)]]+Table22[[#This Row],[Good Kernel (G M)]]+Table22[[#This Row],[Immature (g m)]]+Table22[[#This Row],[Spotted (g m)]])/1000*100 -> 30.2 | CC53: 10.8 | CD53: 183 | CE53: 683 | CH53: =TODAY()-Table22[[#This Row],[Discharge Date]] -> 150
A54: 50 | B54: YAMOUSSOUKRO | C54: ANAGROCI-01 | D54: 50 | F54: 900 | G54: 550 | H54: 46104 | K54: OK | L54: B3 | M54: 82479 | N54: BIN-02A | O54: 2744KK02/7778FX04 | P54: 46105 | Q54: 46105 | R54: VAVOUA | S54: SCAAMT COOP CA | V54: LBA-002-SCA | W54: 540 | X54: 18 | Y54: =W54+X54 -> 558 | Z54: 24 | AA54: =W54+Z54 -> 564 | AB54: =Z54 -> 24 | AC54: 540 | AE54: =X54 -> 18 | AF54: 24 | AH54: =AC54+AE54 -> 558 | AK54: =AH54 -> 558 | AL54: =AK54 -> 558 | AM54: 41680 | AN54: =(AD54*40)+(AE54*4)+(AG54*0)+(AH54*1) -> 630 | AO54: =AM54-AH54 -> 41122 | AP54: =AM54-AN54 -> 41050 | AQ54: =+AO54-AE54*4 -> 41050 | AR54: =(AD54*40)+(AE54*4)+(AG54*0) -> 72 | AS54: =Table22[[#This Row],[GROSS WT]]-Table22[[#This Row],[Total Bag Discharged (Truck)]] -> 41122 | AT54: =+AO54 -> 41122 | AV54: 28 | AW54: 24 | AX54: 2 | AY54: =+AV54+AW54+AX54 -> 54 | AZ54: 245 | BA54: 14 | BB54: 10 | BC54: =+AZ54+BA54+BB54 -> 269 | BD54: =SUM(Table22[[#This Row],[Good Kernel (gm)]]+(Table22[[#This Row],[Immature (gm)]]+Table22[[#This Row],[Spotted (gm)]])/2)*0.176 -> 45.232 | BE54: 45.23 | BF54: =(AZ54+BA54+BB54)*0.17637 -> 47.44353 | BG54: =+((AX54+AV54+AZ54+BA54+BB54))*0.17637 -> 52.73463 | BH54: =SUM(Table22[[#This Row],[Good Kernel (gm)]:[Spotted (gm)]])/1000*100 -> 26.9 | BI54: =SUM(AV54,AX54,AZ54:BB54)/1000*100 -> 29.9 | BJ54: 9.9 | BK54: 187 | BL54: 672 | BM54: 29 | BN54: 9.3 | BO54: 18 | BP54: 3 | BQ54: =+BM54+BO54+BP54 -> 50 | BR54: 248 | BS54: 13 | BT54: 12 | BU54: =+BR54+BS54+BT54 -> 273 | BV54: =SUM(Table22[[#This Row],[Good Kernel (G M)]]+(Table22[[#This Row],[Immature (g m)]]+Table22[[#This Row],[Spotted (g m)]])/2)*0.176 -> 45.848 | BW54: 45.84 | BY54: =(BR54+BS54+BT54)*0.17637 -> 48.14901 | BZ54: =+((BP54+BM54+BR54+BS54+BT54))*0.17637 -> 53.79285 | CA54: =SUM(Table22[[#This Row],[Good Kernel (G M)]:[Spotted (g m)]])/1000*100 -> 27.3 | CB54: =(Table22[[#This Row],[BROWNS/Rejection (gm) (NUT)]]+Table22[[#This Row],[OIL (g m)]]+Table22[[#This Row],[Good Kernel (G M)]]+Table22[[#This Row],[Immature (g m)]]+Table22[[#This Row],[Spotted (g m)]])/1000*100 -> 30.5 | CC54: 9.3 | CD54: 180 | CH54: =TODAY()-Table22[[#This Row],[Discharge Date]] -> 150
A55: 51 | B55: YAMOUSSOUKRO | C55: ANAGROCI-01 | D55: 55 | F55: 655 | G55: 405 | H55: 46107 | K55: OK | L55: B3 | M55: 83407 | N55: BIN-005 | O55: 2319LR02/5342BE03 | P55: 46108 | Q55: 46108 | R55: VAVOUA | S55: SCAAMT COOP CA | V55: LBA-002-SCA | W55: 540 | X55: 35 | Y55: =W55+X55 -> 575 | Z55: 40 | AA55: =W55+Z55 -> 580 | AB55: =Z55 -> 40 | AC55: 551 | AE55: 24 | AF55: 40 | AH55: =AC55+AE55 -> 575 | AK55: =AH55 -> 575 | AL55: =AK55 -> 575 | AM55: 42860 | AN55: =(AD55*40)+(AE55*4)+(AG55*0)+(AH55*1) -> 671 | AO55: =AM55-AH55 -> 42285 | AP55: =AM55-AN55 -> 42189 | AQ55: =+AO55-AE55*4 -> 42189 | AR55: =(AD55*40)+(AE55*4)+(AG55*0) -> 96 | AS55: =Table22[[#This Row],[GROSS WT]]-Table22[[#This Row],[Total Bag Discharged (Truck)]] -> 42285 | AT55: =+AO55 -> 42285 | AV55: 29 | AW55: 24 | AX55: 2 | AY55: =+AV55+AW55+AX55 -> 55 | AZ55: 242 | BA55: 8 | BB55: 12 | BC55: =+AZ55+BA55+BB55 -> 262 | BD55: =SUM(Table22[[#This Row],[Good Kernel (gm)]]+(Table22[[#This Row],[Immature (gm)]]+Table22[[#This Row],[Spotted (gm)]])/2)*0.176 -> 44.352 | BE55: 44.35 | BF55: =(AZ55+BA55+BB55)*0.17637 -> 46.20894 | BG55: =+((AX55+AV55+AZ55+BA55+BB55))*0.17637 -> 51.67641 | BH55: =SUM(Table22[[#This Row],[Good Kernel (gm)]:[Spotted (gm)]])/1000*100 -> 26.2 | BI55: =SUM(AV55,AX55,AZ55:BB55)/1000*100 -> 29.3 | BJ55: 9.5 | BK55: 178 | BL55: 677 | BM55: 27 | BN55: 9.4 | BO55: 21 | BP55: 2 | BQ55: =+BM55+BO55+BP55 -> 50 | BR55: 243 | BS55: 6 | BT55: 14 | BU55: =+BR55+BS55+BT55 -> 263 | BV55: =SUM(Table22[[#This Row],[Good Kernel (G M)]]+(Table22[[#This Row],[Immature (g m)]]+Table22[[#This Row],[Spotted (g m)]])/2)*0.176 -> 44.528 | BW55: 44.52 | BY55: =(BR55+BS55+BT55)*0.17637 -> 46.38531 | BZ55: =+((BP55+BM55+BR55+BS55+BT55))*0.17637 -> 51.50004 | CA55: =SUM(Table22[[#This Row],[Good Kernel (G M)]:[Spotted (g m)]])/1000*100 -> 26.3 | CB55: =(Table22[[#This Row],[BROWNS/Rejection (gm) (NUT)]]+Table22[[#This Row],[OIL (g m)]]+Table22[[#This Row],[Good Kernel (G M)]]+Table22[[#This Row],[Immature (g m)]]+Table22[[#This Row],[Spotted (g m)]])/1000*100 -> 29.2 | CC55: 9.4 | CD55: 175 | CH55: =TODAY()-Table22[[#This Row],[Discharge Date]] -> 147
A56: 52 | B56: YAMOUSSOUKRO | C56: ANAGROCI-01 | D56: 54 | F56: 654 | G56: 404 | H56: 46106 | K56: OK | L56: B3 | M56: 83406 | N56: BIN-005 | O56: 285LA01/3126FE02 | P56: 46106 | Q56: 46107 | R56: VAVOUA | S56: COP JAVA SCOOP | V56: LBA-005-JAV | W56: 563 | X56: 9 | Y56: =W56+X56 -> 572 | Z56: 10 | AA56: =W56+Z56 -> 573 | AB56: =Z56 -> 10 | AC56: 563 | AE56: =X56 -> 9 | AF56: 10 | AH56: =AC56+AE56 -> 572 | AK56: =AH56 -> 572 | AL56: =AK56 -> 572 | AM56: 46300 | AN56: =(AD56*40)+(AE56*4)+(AG56*0)+(AH56*1) -> 608 | AO56: =AM56-AH56 -> 45728 | AP56: =AM56-AN56 -> 45692 | AQ56: =+AO56-AE56*4 -> 45692 | AR56: =(AD56*40)+(AE56*4)+(AG56*0) -> 36 | AS56: =Table22[[#This Row],[GROSS WT]]-Table22[[#This Row],[Total Bag Discharged (Truck)]] -> 45728 | AT56: =+AO56 -> 45728 | AV56: 32 | AW56: 19 | AX56: 0 | AY56: =+AV56+AW56+AX56 -> 51 | AZ56: 239 | BA56: 8 | BB56: 16 | BC56: =+AZ56+BA56+BB56 -> 263 | BD56: =SUM(Table22[[#This Row],[Good Kernel (gm)]]+(Table22[[#This Row],[Immature (gm)]]+Table22[[#This Row],[Spotted (gm)]])/2)*0.176 -> 44.176 | BE56: 44.17 | BF56: =(AZ56+BA56+BB56)*0.17637 -> 46.38531 | BG56: =+((AX56+AV56+AZ56+BA56+BB56))*0.17637 -> 52.02915 | BH56: =SUM(Table22[[#This Row],[Good Kernel (gm)]:[Spotted (gm)]])/1000*100 -> 26.3 | BI56: =SUM(AV56,AX56,AZ56:BB56)/1000*100 -> 29.5 | BJ56: 9.6 | BK56: 187 | BL56: 679 | BM56: 29 | BN56: 9.6 | BO56: 18 | BP56: 2 | BQ56: =+BM56+BO56+BP56 -> 49 | BR56: 240 | BS56: 12 | BT56: 14 | BU56: =+BR56+BS56+BT56 -> 266 | BV56: =SUM(Table22[[#This Row],[Good Kernel (G M)]]+(Table22[[#This Row],[Immature (g m)]]+Table22[[#This Row],[Spotted (g m)]])/2)*0.176 -> 44.528 | BW56: 44.17 | BY56: =(BR56+BS56+BT56)*0.17637 -> 46.91442 | BZ56: =+((BP56+BM56+BR56+BS56+BT56))*0.17637 -> 52.38189 | CA56: =SUM(Table22[[#This Row],[Good Kernel (G M)]:[Spotted (g m)]])/1000*100 -> 26.6 | CB56: =(Table22[[#This Row],[BROWNS/Rejection (gm) (NUT)]]+Table22[[#This Row],[OIL (g m)]]+Table22[[#This Row],[Good Kernel (G M)]]+Table22[[#This Row],[Immature (g m)]]+Table22[[#This Row],[Spotted (g m)]])/1000*100 -> 29.7 | CC56: 9.6 | CD56: 181 | CH56: =TODAY()-Table22[[#This Row],[Discharge Date]] -> 148
A57: 53 | B57: YAMOUSSOUKRO | C57: ANAGROCI-01 | D57: 53 | F57: 653 | G57: 403 | H57: 46104 | K57: OK | L57: B3 | M57: 82015 | N57: BIN-005 | O57: 3452HA01/7184EJ01 | P57: 46106 | Q57: 46106 | R57: KOROGHO | S57: SCOOPS COOPRES | V57: DIS-022-RES | W57: 570 | X57: 23 | Y57: =W57+X57 -> 593 | Z57: 26 | AA57: =W57+Z57 -> 596 | AB57: =Z57 -> 26 | AC57: =W57 -> 570 | AE57: =X57 -> 23 | AF57: 26 | AH57: =AC57+AE57 -> 593 | AK57: =AH57 -> 593 | AL57: =AK57 -> 593 | AM57: 45720 | AN57: =(AD57*40)+(AE57*4)+(AG57*0)+(AH57*1) -> 685 | AO57: =AM57-AH57 -> 45127 | AP57: =AM57-AN57 -> 45035 | AQ57: =+AO57-AE57*4 -> 45035 | AR57: =(AD57*40)+(AE57*4)+(AG57*0) -> 92 | AS57: =Table22[[#This Row],[GROSS WT]]-Table22[[#This Row],[Total Bag Discharged (Truck)]] -> 45127 | AT57: =+AO57 -> 45127 | AV57: 21 | AW57: 26 | AX57: 2 | AY57: =+AV57+AW57+AX57 -> 49 | AZ57: 239 | BA57: 15 | BB57: 8 | BC57: =+AZ57+BA57+BB57 -> 262 | BD57: =SUM(Table22[[#This Row],[Good Kernel (gm)]]+(Table22[[#This Row],[Immature (gm)]]+Table22[[#This Row],[Spotted (gm)]])/2)*0.176 -> 44.088 | BE57: 44.08 | BF57: =(AZ57+BA57+BB57)*0.17637 -> 46.20894 | BG57: =+((AX57+AV57+AZ57+BA57+BB57))*0.17637 -> 50.26545 | BH57: =SUM(Table22[[#This Row],[Good Kernel (gm)]:[Spotted (gm)]])/1000*100 -> 26.2 | BI57: =SUM(AV57,AX57,AZ57:BB57)/1000*100 -> 28.5 | BJ57: 9.1 | BK57: 180 | BL57: 682 | BM57: 27 | BN57: 8.9 | BO57: 32 | BP57: 0 | BQ57: =+BM57+BO57+BP57 -> 59 | BR57: 238 | BS57: 12 | BT57: 14 | BU57: =+BR57+BS57+BT57 -> 264 | BV57: =SUM(Table22[[#This Row],[Good Kernel (G M)]]+(Table22[[#This Row],[Immature (g m)]]+Table22[[#This Row],[Spotted (g m)]])/2)*0.176 -> 44.176 | BW57: 44.17 | BY57: =(BR57+BS57+BT57)*0.17637 -> 46.56168 | BZ57: =+((BP57+BM57+BR57+BS57+BT57))*0.17637 -> 51.32367 | CA57: =SUM(Table22[[#This Row],[Good Kernel (G M)]:[Spotted (g m)]])/1000*100 -> 26.4 | CB57: =(Table22[[#This Row],[BROWNS/Rejection (gm) (NUT)]]+Table22[[#This Row],[OIL (g m)]]+Table22[[#This Row],[Good Kernel (G M)]]+Table22[[#This Row],[Immature (g m)]]+Table22[[#This Row],[Spotted (g m)]])/1000*100 -> 29.1 | CC57: 8.9 | CD57: 181 | CH57: =TODAY()-Table22[[#This Row],[Discharge Date]] -> 149
A58: 54 | B58: YAMOUSSOUKRO | C58: ANAGROCI-01 | D58: 52 | F58: 652 | G58: 402 | H58: 46104 | K58: OK | L58: B3 | M58: 84376 | N58: BIN-005 | O58: 32LA01/7741BE01 | P58: 46106 | Q58: 46106 | R58: BOUNDIALI | S58: SCOOPS DPVICA | U58: 0420-0251 | V58: LBA-017-DPV | W58: 431 | X58: 28 | Y58: =W58+X58 -> 459 | Z58: 33 | AA58: =W58+Z58 -> 464 | AB58: =Z58 -> 33 | AC58: 435 | AE58: 24 | AF58: 33 | AH58: =AC58+AE58 -> 459 | AK58: =AH58 -> 459 | AL58: =AK58 -> 459 | AM58: 40700 | AN58: =(AD58*40)+(AE58*4)+(AG58*0)+(AH58*1) -> 555 | AO58: =AM58-AH58 -> 40241 | AP58: =AM58-AN58 -> 40145 | AQ58: =+AO58-AE58*4 -> 40145 | AR58: =(AD58*40)+(AE58*4)+(AG58*0) -> 96 | AS58: =Table22[[#This Row],[GROSS WT]]-Table22[[#This Row],[Total Bag Discharged (Truck)]] -> 40241 | AT58: =+AO58 -> 40241 | AV58: 19 | AW58: 13 | AX58: 3 | AY58: =+AV58+AW58+AX58 -> 35 | AZ58: 240 | BA58: 14 | BB58: 10 | BC58: =+AZ58+BA58+BB58 -> 264 | BD58: =SUM(Table22[[#This Row],[Good Kernel (gm)]]+(Table22[[#This Row],[Immature (gm)]]+Table22[[#This Row],[Spotted (gm)]])/2)*0.176 -> 44.352 | BE58: 44.35 | BF58: =(AZ58+BA58+BB58)*0.17637 -> 46.56168 | BG58: =+((AX58+AV58+AZ58+BA58+BB58))*0.17637 -> 50.44182 | BH58: =SUM(Table22[[#This Row],[Good Kernel (gm)]:[Spotted (gm)]])/1000*100 -> 26.4 | BI58: =SUM(AV58,AX58,AZ58:BB58)/1000*100 -> 28.6 | BJ58: 9.9 | BK58: 170 | BL58: 694 | BM58: 26 | BN58: 10.2 | BO58: 18 | BP58: 3 | BQ58: =+BM58+BO58+BP58 -> 47 | BR58: 238 | BS58: 10 | BT58: 16 | BU58: =+BR58+BS58+BT58 -> 264 | BV58: =SUM(Table22[[#This Row],[Good Kernel (G M)]]+(Table22[[#This Row],[Immature (g m)]]+Table22[[#This Row],[Spotted (g m)]])/2)*0.176 -> 44.176 | BW58: 44.17 | BY58: =(BR58+BS58+BT58)*0.17637 -> 46.56168 | BZ58: =+((BP58+BM58+BR58+BS58+BT58))*0.17637 -> 51.67641 | CA58: =SUM(Table22[[#This Row],[Good Kernel (G M)]:[Spotted (g m)]])/1000*100 -> 26.4 | CB58: =(Table22[[#This Row],[BROWNS/Rejection (gm) (NUT)]]+Table22[[#This Row],[OIL (g m)]]+Table22[[#This Row],[Good Kernel (G M)]]+Table22[[#This Row],[Immature (g m)]]+Table22[[#This Row],[Spotted (g m)]])/1000*100 -> 29.3 | CC58: 10.2 | CD58: 174 | CH58: =TODAY()-Table22[[#This Row],[Discharge Date]] -> 149
A59: 55 | B59: YAMOUSSOUKRO | C59: ANAGROCI-01 | D59: 51 | F59: 651 | G59: 401 | H59: 46103 | K59: OK | L59: B3 | M59: 82296 | N59: BIN-005 | O59: 7603EY01/3725JE01 | P59: 46106 | Q59: 46106 | R59: KONONFIA | S59: SCOOPS ICFB | V59: DIS-023-ICF | W59: 468 | X59: 39 | Y59: =W59+X59 -> 507 | Z59: 46 | AA59: =W59+Z59 -> 514 | AB59: =Z59 -> 46 | AC59: 483 | AE59: 24 | AF59: 46 | AH59: =AC59+AE59 -> 507 | AK59: =AH59 -> 507 | AL59: =AK59 -> 507 | AM59: 40740 | AN59: =(AD59*40)+(AE59*4)+(AG59*0)+(AH59*1) -> 603 | AO59: =AM59-AH59 -> 40233 | AP59: =AM59-AN59 -> 40137 | AQ59: =+AO59-AE59*4 -> 40137 | AR59: =(AD59*40)+(AE59*4)+(AG59*0) -> 96 | AS59: =Table22[[#This Row],[GROSS WT]]-Table22[[#This Row],[Total Bag Discharged (Truck)]] -> 40233 | AT59: =+AO59 -> 40233 | AV59: 24 | AW59: 19 | AX59: 3 | AY59: =+AV59+AW59+AX59 -> 46 | AZ59: 240 | BA59: 12 | BB59: 10 | BC59: =+AZ59+BA59+BB59 -> 262 | BD59: =SUM(Table22[[#This Row],[Good Kernel (gm)]]+(Table22[[#This Row],[Immature (gm)]]+Table22[[#This Row],[Spotted (gm)]])/2)*0.176 -> 44.176 | BE59: 44.17 | BF59: =(AZ59+BA59+BB59)*0.17637 -> 46.20894 | BG59: =+((AX59+AV59+AZ59+BA59+BB59))*0.17637 -> 50.97093 | BH59: =SUM(Table22[[#This Row],[Good Kernel (gm)]:[Spotted (gm)]])/1000*100 -> 26.2 | BI59: =SUM(AV59,AX59,AZ59:BB59)/1000*100 -> 28.9 | BJ59: 9.8 | BK59: 172 | BL59: 686 | BM59: 24 | BN59: 9.8 | BO59: 19 | BP59: 3 | BQ59: =+BM59+BO59+BP59 -> 46 | BR59: 240 | BS59: 12 | BT59: 10 | BU59: =+BR59+BS59+BT59 -> 262 | BV59: =SUM(Table22[[#This Row],[Good Kernel (G M)]]+(Table22[[#This Row],[Immature (g m)]]+Table22[[#This Row],[Spotted (g m)]])/2)*0.176 -> 44.176 | BW59: 44.08 | BY59: =(BR59+BS59+BT59)*0.17637 -> 46.20894 | BZ59: =+((BP59+BM59+BR59+BS59+BT59))*0.17637 -> 50.97093 | CA59: =SUM(Table22[[#This Row],[Good Kernel (G M)]:[Spotted (g m)]])/1000*100 -> 26.2 | CB59: =(Table22[[#This Row],[BROWNS/Rejection (gm) (NUT)]]+Table22[[#This Row],[OIL (g m)]]+Table22[[#This Row],[Good Kernel (G M)]]+Table22[[#This Row],[Immature (g m)]]+Table22[[#This Row],[Spotted (g m)]])/1000*100 -> 28.9 | CC59: 9.8 | CD59: 172 | CH59: =TODAY()-Table22[[#This Row],[Discharge Date]] -> 149
A60: 56 | B60: YAMOUSSOUKRO | C60: ANAGROCI-01 | D60: 56 | E60: Dry Lot | F60: 656 | G60: 406 | H60: 46108 | K60: ok | L60: B3 | M60: 82495 | N60: BIN-001 | O60: 3937KT/8071CY05 | P60: 46109 | Q60: 46109 | R60: KOTI | S60: SCOOP CA BENKADI | T60: WEBE | U60: 0431-0018 | V60: LBA-004-WEB | W60: 510 | X60: 20 | Y60: =W60+X60 -> 530 | Z60: 28 | AA60: =W60+Z60 -> 538 | AB60: =Z60 -> 28 | AC60: 510 | AE60: 20 | AF60: 28 | AH60: =AC60+AE60 -> 530 | AK60: =AH60 -> 530 | AL60: =AK60 -> 530 | AM60: 46120 | AN60: =(AD60*40)+(AE60*4)+(AG60*0)+(AH60*1) -> 610 | AO60: =AM60-AH60 -> 45590 | AP60: =AM60-AN60 -> 45510 | AQ60: =+AO60-AE60*4 -> 45510 | AR60: =(AD60*40)+(AE60*4)+(AG60*0) -> 80 | AS60: =Table22[[#This Row],[GROSS WT]]-Table22[[#This Row],[Total Bag Discharged (Truck)]] -> 45590 | AT60: =+AO60 -> 45590 | AY60: =+AV60+AW60+AX60 -> 0 | BC60: =+AZ60+BA60+BB60 -> 0 | BD60: =SUM(Table22[[#This Row],[Good Kernel (gm)]]+(Table22[[#This Row],[Immature (gm)]]+Table22[[#This Row],[Spotted (gm)]])/2)*0.176 -> 0 | BF60: =(AZ60+BA60+BB60)*0.17637 -> 0 | BG60: =+((AX60+AV60+AZ60+BA60+BB60))*0.17637 -> 0 | BH60: =SUM(Table22[[#This Row],[Good Kernel (gm)]:[Spotted (gm)]])/1000*100 -> 0 | BI60: =SUM(AV60,AX60,AZ60:BB60)/1000*100 -> 0 | BM60: 30 | BN60: 11.2 | BO60: 11 | BP60: 3 | BQ60: =+BM60+BO60+BP60 -> 44 | BR60: 233 | BS60: 20 | BT60: 18 | BU60: =+BR60+BS60+BT60 -> 271 | BV60: =SUM(Table22[[#This Row],[Good Kernel (G M)]]+(Table22[[#This Row],[Immature (g m)]]+Table22[[#This Row],[Spotted (g m)]])/2)*0.176 -> 44.352 | BW60: 44.35 | BX60: 44.7 | BY60: =(BR60+BS60+BT60)*0.17637 -> 47.79627 | BZ60: =+((BP60+BM60+BR60+BS60+BT60))*0.17637 -> 53.61648 | CA60: =SUM(Table22[[#This Row],[Good Kernel (G M)]:[Spotted (g m)]])/1000*100 -> 27.1 | CB60: =(Table22[[#This Row],[BROWNS/Rejection (gm) (NUT)]]+Table22[[#This Row],[OIL (g m)]]+Table22[[#This Row],[Good Kernel (G M)]]+Table22[[#This Row],[Immature (g m)]]+Table22[[#This Row],[Spotted (g m)]])/1000*100 -> 30.4 | CC60: 11.2 | CD60: 183 | CH60: =TODAY()-Table22[[#This Row],[Discharge Date]] -> 146
A61: 57 | B61: YAMOUSSOUKRO | C61: ANAGROCI-01 | D61: 57 | F61: 657 | G61: 407 | H61: 46110 | K61: OK | L61: B3 | M61: 83408 | N61: BIN-005 | O61: 2319LR02/5342BE03 | P61: 46111 | Q61: 46111 | R61: VAVOUA | S61: SCAAMT COOP CA | V61: LBA-002-SCA | W61: 540 | X61: 35 | Y61: =W61+X61 -> 575 | Z61: 40 | AA61: =W61+Z61 -> 580 | AB61: =Z61 -> 40 | AC61: 573 | AE61: 24 | AF61: 53 | AH61: =AC61+AE61 -> 597 | AK61: =AH61 -> 597 | AL61: =AK61 -> 597 | AM61: 42920 | AN61: =(AD61*40)+(AE61*4)+(AG61*0)+(AH61*1) -> 693 | AO61: =AM61-AH61 -> 42323 | AP61: =AM61-AN61 -> 42227 | AQ61: =+AO61-AE61*4 -> 42227 | AR61: =(AD61*40)+(AE61*4)+(AG61*0) -> 96 | AS61: =Table22[[#This Row],[GROSS WT]]-Table22[[#This Row],[Total Bag Discharged (Truck)]] -> 42345 | AT61: =+AO61 -> 42323 | AV61: 26 | AW61: 33 | AX61: 3 | AY61: =+AV61+AW61+AX61 -> 62 | AZ61: 238 | BA61: 14 | BB61: 10 | BC61: =+AZ61+BA61+BB61 -> 262 | BD61: =SUM(Table22[[#This Row],[Good Kernel (gm)]]+(Table22[[#This Row],[Immature (gm)]]+Table22[[#This Row],[Spotted (gm)]])/2)*0.176 -> 44 | BE61: 44.09 | BF61: =(AZ61+BA61+BB61)*0.17637 -> 46.20894 | BG61: =+((AX61+AV61+AZ61+BA61+BB61))*0.17637 -> 51.32367 | BH61: =SUM(Table22[[#This Row],[Good Kernel (gm)]:[Spotted (gm)]])/1000*100 -> 26.2 | BI61: =SUM(AV61,AX61,AZ61:BB61)/1000*100 -> 29.1 | BJ61: 10 | BK61: 186 | BL61: 670 | BM61: 24 | BN61: 8.6 | BO61: 29 | BP61: 2 | BQ61: =+BM61+BO61+BP61 -> 55 | BR61: 243 | BS61: 6 | BT61: 12 | BU61: =+BR61+BS61+BT61 -> 261 | BV61: =SUM(Table22[[#This Row],[Good Kernel (G M)]]+(Table22[[#This Row],[Immature (g m)]]+Table22[[#This Row],[Spotted (g m)]])/2)*0.176 -> 44.352 | BW61: 44.44 | BY61: =(BR61+BS61+BT61)*0.17637 -> 46.03257 | BZ61: =+((BP61+BM61+BR61+BS61+BT61))*0.17637 -> 50.61819 | CA61: =SUM(Table22[[#This Row],[Good Kernel (G M)]:[Spotted (g m)]])/1000*100 -> 26.1 | CB61: =(Table22[[#This Row],[BROWNS/Rejection (gm) (NUT)]]+Table22[[#This Row],[OIL (g m)]]+Table22[[#This Row],[Good Kernel (G M)]]+Table22[[#This Row],[Immature (g m)]]+Table22[[#This Row],[Spotted (g m)]])/1000*100 -> 28.7 | CC61: 8.6 | CD61: 190 | CE61: 679 | CH61: =TODAY()-Table22[[#This Row],[Discharge Date]] -> 144
A62: 58 | B62: YAMOUSSOUKRO | C62: ANAGROCI-01 | D62: 58 | F62: 658 | G62: 408 | H62: 46110 | K62: OK | L62: B3 | M62: 83409 | N62: BIN-02A | O62: AA721PZ01/6248EQ01 | P62: 46111 | Q62: 46111 | R62: VAVOUA | S62: SCAAMT COOP CA | V62: LBA-002-SCA | W62: 631 | X62: 60 | Y62: =W62+X62 -> 691 | Z62: 69 | AA62: =W62+Z62 -> 700 | AB62: =Z62 -> 69 | AC62: 667 | AE62: 24 | AF62: 69 | AH62: =AC62+AE62 -> 691 | AK62: =AH62 -> 691 | AL62: =AK62 -> 691 | AM62: 51720 | AN62: =(AD62*40)+(AE62*4)+(AG62*0)+(AH62*1) -> 787 | AO62: =AM62-AH62 -> 51029 | AP62: =AM62-AN62 -> 50933 | AQ62: =+AO62-AE62*4 -> 50933 | AR62: =(AD62*40)+(AE62*4)+(AG62*0) -> 96 | AS62: =Table22[[#This Row],[GROSS WT]]-Table22[[#This Row],[Total Bag Discharged (Truck)]] -> 51029 | AT62: =+AO62 -> 51029 | AV62: 26 | AW62: 24 | AX62: 2 | AY62: =+AV62+AW62+AX62 -> 52 | AZ62: 240 | BA62: 12 | BB62: 14 | BC62: =+AZ62+BA62+BB62 -> 266 | BD62: =SUM(Table22[[#This Row],[Good Kernel (gm)]]+(Table22[[#This Row],[Immature (gm)]]+Table22[[#This Row],[Spotted (gm)]])/2)*0.176 -> 44.528 | BE62: 44.62 | BF62: =(AZ62+BA62+BB62)*0.17637 -> 46.91442 | BG62: =+((AX62+AV62+AZ62+BA62+BB62))*0.17637 -> 51.85278 | BH62: =SUM(Table22[[#This Row],[Good Kernel (gm)]:[Spotted (gm)]])/1000*100 -> 26.6 | BI62: =SUM(AV62,AX62,AZ62:BB62)/1000*100 -> 29.4 | BJ62: 9.1 | BK62: 188 | BL62: 676 | BM62: 28 | BN62: 9.1 | BO62: 20 | BP62: 2 | BQ62: =+BM62+BO62+BP62 -> 50 | BR62: 241 | BS62: 17 | BU62: =+BR62+BS62+BT62 -> 258 | BV62: =SUM(Table22[[#This Row],[Good Kernel (G M)]]+(Table22[[#This Row],[Immature (g m)]]+Table22[[#This Row],[Spotted (g m)]])/2)*0.176 -> 43.912 | BW62: 45.06 | BY62: =(BR62+BS62+BT62)*0.17637 -> 45.50346 | BZ62: =+((BP62+BM62+BR62+BS62+BT62))*0.17637 -> 50.79456 | CA62: =SUM(Table22[[#This Row],[Good Kernel (G M)]:[Spotted (g m)]])/1000*100 -> 25.8 | CB62: =(Table22[[#This Row],[BROWNS/Rejection (gm) (NUT)]]+Table22[[#This Row],[OIL (g m)]]+Table22[[#This Row],[Good Kernel (G M)]]+Table22[[#This Row],[Immature (g m)]]+Table22[[#This Row],[Spotted (g m)]])/1000*100 -> 28.8 | CC62: 9.1 | CD62: 187 | CE62: 674 | CH62: =TODAY()-Table22[[#This Row],[Discharge Date]] -> 144
A63: 59 | B63: YAMOUSSOUKRO | C63: ANAGROCI-01 | D63: 59 | F63: 659 | G63: 409 | H63: 46110 | K63: OK | L63: B3 | M63: 84377 | N63: BIN-005 | O63: AA141VT01/7287JT01 | P63: 46112 | Q63: 46112 | R63: DIANRA | S63: SCOOPS DPVICA | U63: 0420-0251 | V63: LBA-017-DPV | W63: 510 | X63: 18 | Y63: =W63+X63 -> 528 | Z63: 32 | AA63: =W63+Z63 -> 542 | AB63: =Z63 -> 32 | AC63: 510 | AE63: 18 | AF63: 32 | AH63: =AC63+AE63 -> 528 | AK63: =AH63 -> 528 | AL63: =AK63 -> 528 | AM63: 45700 | AN63: =(AD63*40)+(AE63*4)+(AG63*0)+(AH63*1) -> 600 | AO63: =AM63-AH63 -> 45172 | AP63: =AM63-AN63 -> 45100 | AQ63: =+AO63-AE63*4 -> 45100 | AR63: =(AD63*40)+(AE63*4)+(AG63*0) -> 72 | AS63: =Table22[[#This Row],[GROSS WT]]-Table22[[#This Row],[Total Bag Discharged (Truck)]] -> 45172 | AT63: =+AO63 -> 45172 | AV63: 22 | AW63: 23 | AX63: 3 | AY63: =+AV63+AW63+AX63 -> 48 | AZ63: 242 | BA63: 10 | BB63: 12 | BC63: =+AZ63+BA63+BB63 -> 264 | BD63: =SUM(Table22[[#This Row],[Good Kernel (gm)]]+(Table22[[#This Row],[Immature (gm)]]+Table22[[#This Row],[Spotted (gm)]])/2)*0.176 -> 44.528 | BE63: 44.62 | BF63: =(AZ63+BA63+BB63)*0.17637 -> 46.56168 | BG63: =+((AX63+AV63+AZ63+BA63+BB63))*0.17637 -> 50.97093 | BH63: =SUM(Table22[[#This Row],[Good Kernel (gm)]:[Spotted (gm)]])/1000*100 -> 26.4 | BI63: =SUM(AV63,AX63,AZ63:BB63)/1000*100 -> 28.9 | BJ63: 9.3 | BK63: 167 | BL63: 682 | BM63: 18 | BN63: 8.8 | BO63: 28 | BP63: 3 | BQ63: =+BM63+BO63+BP63 -> 49 | BR63: 239 | BS63: 10 | BU63: =+BR63+BS63+BT63 -> 249 | BV63: =SUM(Table22[[#This Row],[Good Kernel (G M)]]+(Table22[[#This Row],[Immature (g m)]]+Table22[[#This Row],[Spotted (g m)]])/2)*0.176 -> 42.944 | BW63: 44.26 | BY63: =(BR63+BS63+BT63)*0.17637 -> 43.91613 | BZ63: =+((BP63+BM63+BR63+BS63+BT63))*0.17637 -> 47.6199 | CA63: =SUM(Table22[[#This Row],[Good Kernel (G M)]:[Spotted (g m)]])/1000*100 -> 24.9 | CB63: =(Table22[[#This Row],[BROWNS/Rejection (gm) (NUT)]]+Table22[[#This Row],[OIL (g m)]]+Table22[[#This Row],[Good Kernel (G M)]]+Table22[[#This Row],[Immature (g m)]]+Table22[[#This Row],[Spotted (g m)]])/1000*100 -> 27 | CC63: 8.8 | CD63: 169 | CE63: 682 | CH63: =TODAY()-Table22[[#This Row],[Discharge Date]] -> 143
A64: 60 | B64: YAMOUSSOUKRO | C64: ANAGROCI-01 | D64: 60 | F64: 660 | G64: 410 | H64: 46112 | K64: OK | L64: B3 | M64: 83410 | N64: BIN-03A | O64: 2319LR02/5342BE03 | P64: 46113 | Q64: 46113 | R64: VAVOUA | S64: SCAAMT COOP CA | V64: LBA-002-SCA | W64: 466 | X64: 112 | Y64: =W64+X64 -> 578 | Z64: 124 | AA64: =W64+Z64 -> 590 | AB64: =Z64 -> 124 | AC64: 554 | AE64: 24 | AF64: 124 | AH64: =AC64+AE64 -> 578 | AK64: =AH64 -> 578 | AL64: =AK64 -> 578 | AM64: 41760 | AN64: =(AD64*40)+(AE64*4)+(AG64*0)+(AH64*1) -> 674 | AO64: =AM64-AH64 -> 41182 | AP64: =AM64-AN64 -> 41086 | AQ64: =+AO64-AE64*4 -> 41086 | AR64: =(AD64*40)+(AE64*4)+(AG64*0) -> 96 | AS64: =Table22[[#This Row],[GROSS WT]]-Table22[[#This Row],[Total Bag Discharged (Truck)]] -> 41182 | AT64: =+AO64 -> 41182 | AV64: 21 | AW64: 24 | AX64: 0 | AY64: =+AV64+AW64+AX64 -> 45 | AZ64: 244 | BA64: 18 | BB64: 14 | BC64: =+AZ64+BA64+BB64 -> 276 | BD64: =SUM(Table22[[#This Row],[Good Kernel (gm)]]+(Table22[[#This Row],[Immature (gm)]]+Table22[[#This Row],[Spotted (gm)]])/2)*0.176 -> 45.76 | BE64: 45.85 | BF64: =(AZ64+BA64+BB64)*0.17637 -> 48.67812 | BG64: =+((AX64+AV64+AZ64+BA64+BB64))*0.17637 -> 52.38189 | BH64: =SUM(Table22[[#This Row],[Good Kernel (gm)]:[Spotted (gm)]])/1000*100 -> 27.6 | BI64: =SUM(AV64,AX64,AZ64:BB64)/1000*100 -> 29.7 | BJ64: 10.7 | BK64: 187 | BM64: 24 | BN64: 9.3 | BO64: 24 | BP64: 2 | BQ64: =+BM64+BO64+BP64 -> 50 | BR64: 247 | BS64: 9.3 | BT64: 16 | BU64: =+BR64+BS64+BT64 -> 272.3 | BV64: =SUM(Table22[[#This Row],[Good Kernel (G M)]]+(Table22[[#This Row],[Immature (g m)]]+Table22[[#This Row],[Spotted (g m)]])/2)*0.176 -> 45.6984 | BW64: 46.12 | BY64: =(BR64+BS64+BT64)*0.17637 -> 48.025551 | BZ64: =+((BP64+BM64+BR64+BS64+BT64))*0.17637 -> 52.611171 | CA64: =SUM(Table22[[#This Row],[Good Kernel (G M)]:[Spotted (g m)]])/1000*100 -> 27.23 | CB64: =(Table22[[#This Row],[BROWNS/Rejection (gm) (NUT)]]+Table22[[#This Row],[OIL (g m)]]+Table22[[#This Row],[Good Kernel (G M)]]+Table22[[#This Row],[Immature (g m)]]+Table22[[#This Row],[Spotted (g m)]])/1000*100 -> 29.83 | CC64: 9.3 | CD64: 182 | CE64: 689 | CH64: =TODAY()-Table22[[#This Row],[Discharge Date]] -> 142
A65: 61 | B65: YAMOUSSOUKRO | C65: ANAGROCI-01 | D65: 61 | E65: Dry Lot | F65: 661 | G65: 411 | H65: 46112 | K65: OK | L65: B3 | M65: 83411 | N65: BIN-003 | O65: 1847KS01/2119BC01 | P65: 46113 | Q65: 46113 | R65: VAVOUA | S65: SCAAMT COOP CA | V65: LBA-002-SCA | W65: 512 | X65: 48 | Y65: =W65+X65 -> 560 | Z65: 56 | AA65: =W65+Z65 -> 568 | AB65: =Z65 -> 56 | AC65: 536 | AE65: 24 | AF65: 56 | AH65: =AC65+AE65 -> 560 | AK65: =AH65 -> 560 | AL65: =AK65 -> 560 | AM65: 41780 | AN65: =(AD65*40)+(AE65*4)+(AG65*0)+(AH65*1) -> 656 | AO65: =AM65-AH65 -> 41220 | AP65: =AM65-AN65 -> 41124 | AQ65: =+AO65-AE65*4 -> 41124 | AR65: =(AD65*40)+(AE65*4)+(AG65*0) -> 96 | AS65: =Table22[[#This Row],[GROSS WT]]-Table22[[#This Row],[Total Bag Discharged (Truck)]] -> 41220 | AT65: =+AO65 -> 41220 | AV65: 20 | AW65: 21 | AX65: 0 | AY65: =+AV65+AW65+AX65 -> 41 | AZ65: 246 | BA65: 12 | BB65: 18 | BC65: =+AZ65+BA65+BB65 -> 276 | BD65: =SUM(Table22[[#This Row],[Good Kernel (gm)]]+(Table22[[#This Row],[Immature (gm)]]+Table22[[#This Row],[Spotted (gm)]])/2)*0.176 -> 45.936 | BE65: 46.03 | BF65: =(AZ65+BA65+BB65)*0.17637 -> 48.67812 | BG65: =+((AX65+AV65+AZ65+BA65+BB65))*0.17637 -> 52.20552 | BH65: =SUM(Table22[[#This Row],[Good Kernel (gm)]:[Spotted (gm)]])/1000*100 -> 27.6 | BI65: =SUM(AV65,AX65,AZ65:BB65)/1000*100 -> 29.6 | BJ65: 10.2 | BK65: 185 | BM65: 22 | BN65: 10.1 | BO65: 0 | BP65: 2 | BQ65: =+BM65+BO65+BP65 -> 24 | BR65: 249 | BS65: 8 | BT65: 18 | BU65: =+BR65+BS65+BT65 -> 275 | BV65: 46.2 | BW65: 46.2 | BX65: 46.2 | BY65: =(BR65+BS65+BT65)*0.17637 -> 48.50175 | BZ65: =+((BP65+BM65+BR65+BS65+BT65))*0.17637 -> 52.73463 | CA65: =SUM(Table22[[#This Row],[Good Kernel (G M)]:[Spotted (g m)]])/1000*100 -> 27.5 | CB65: =(Table22[[#This Row],[BROWNS/Rejection (gm) (NUT)]]+Table22[[#This Row],[OIL (g m)]]+Table22[[#This Row],[Good Kernel (G M)]]+Table22[[#This Row],[Immature (g m)]]+Table22[[#This Row],[Spotted (g m)]])/1000*100 -> 29.9 | CC65: 10.1 | CD65: 185 | CE65: 694 | CH65: =TODAY()-Table22[[#This Row],[Discharge Date]] -> 142
A66: 62 | B66: YAMOUSSOUKRO | C66: ANAGROCI-01 | D66: 62 | F66: 662 | G66: 412 | H66: 46111 | K66: OK | L66: B3 | M66: 82173 | N66: BIN-010 | O66: AA562YL04/354LH01 | P66: 46113 | Q66: 46113 | R66: DIANRA | S66: SCOOPS DPVICA | U66: 0420-0251 | V66: LBA-017-DPV | W66: 470 | X66: 20 | Y66: =W66+X66 -> 490 | Z66: 29 | AA66: =W66+Z66 -> 499 | AB66: =Z66 -> 29 | AC66: 470 | AE66: 20 | AF66: 29 | AH66: =AC66+AE66 -> 490 | AK66: =AH66 -> 490 | AL66: =AK66 -> 490 | AM66: 40440 | AN66: =(AD66*40)+(AE66*4)+(AG66*0)+(AH66*1) -> 570 | AO66: =AM66-AH66 -> 39950 | AP66: =AM66-AN66 -> 39870 | AQ66: =+AO66-AE66*4 -> 39870 | AR66: =(AD66*40)+(AE66*4)+(AG66*0) -> 80 | AS66: =Table22[[#This Row],[GROSS WT]]-Table22[[#This Row],[Total Bag Discharged (Truck)]] -> 39950 | AT66: =+AO66 -> 39950 | AV66: 21 | AW66: 34 | AX66: 3 | AY66: =+AV66+AW66+AX66 -> 58 | AZ66: 231 | BA66: 7 | BB66: 10 | BC66: =+AZ66+BA66+BB66 -> 248 | BD66: =SUM(Table22[[#This Row],[Good Kernel (gm)]]+(Table22[[#This Row],[Immature (gm)]]+Table22[[#This Row],[Spotted (gm)]])/2)*0.176 -> 42.152 | BE66: 42.24 | BF66: =(AZ66+BA66+BB66)*0.17637 -> 43.73976 | BG66: =+((AX66+AV66+AZ66+BA66+BB66))*0.17637 -> 47.97264 | BH66: =SUM(Table22[[#This Row],[Good Kernel (gm)]:[Spotted (gm)]])/1000*100 -> 24.8 | BI66: =SUM(AV66,AX66,AZ66:BB66)/1000*100 -> 27.2 | BJ66: 8.5 | BK66: 168 | BL66: 689 | BM66: 23 | BN66: 8.8 | BO66: 29 | BP66: 3 | BQ66: =+BM66+BO66+BP66 -> 55 | BR66: 223 | BS66: 15 | BT66: 16 | BU66: =+BR66+BS66+BT66 -> 254 | BV66: =SUM(Table22[[#This Row],[Good Kernel (G M)]]+(Table22[[#This Row],[Immature (g m)]]+Table22[[#This Row],[Spotted (g m)]])/2)*0.176 -> 41.976 | BW66: 42.06 | BY66: =(BR66+BS66+BT66)*0.17637 -> 44.79798 | BZ66: =+((BP66+BM66+BR66+BS66+BT66))*0.17637 -> 49.3836 | CA66: =SUM(Table22[[#This Row],[Good Kernel (G M)]:[Spotted (g m)]])/1000*100 -> 25.4 | CB66: =(Table22[[#This Row],[BROWNS/Rejection (gm) (NUT)]]+Table22[[#This Row],[OIL (g m)]]+Table22[[#This Row],[Good Kernel (G M)]]+Table22[[#This Row],[Immature (g m)]]+Table22[[#This Row],[Spotted (g m)]])/1000*100 -> 28 | CC66: 8.8 | CD66: 170 | CE66: 683 | CH66: =TODAY()-Table22[[#This Row],[Discharge Date]] -> 142
A67: 63 | B67: YAMOUSSOUKRO | C67: ANAGROCI-01 | D67: 63 | F67: 663 | G67: 413 | H67: 46112 | K67: OK | L67: B3 | M67: 83404 | N67: BIN-013 | O67: 285LA01/3126FE02 | P67: 46112 | Q67: 46114 | R67: VAVOUA | S67: COP JAVA SCOOP | V67: LBA-005-JAV | W67: 582 | X67: 3 | Y67: =W67+X67 -> 585 | Z67: 5 | AA67: =W67+Z67 -> 587 | AB67: =Z67 -> 5 | AC67: 557 | AE67: 28 | AF67: 5 | AH67: =AC67+AE67 -> 585 | AK67: =AH67 -> 585 | AL67: =AK67 -> 585 | AM67: 46420 | AN67: =(AD67*40)+(AE67*4)+(AG67*0)+(AH67*1) -> 697 | AO67: =AM67-AH67 -> 45835 | AP67: =AM67-AN67 -> 45723 | AQ67: =+AO67-AE67*4 -> 45723 | AR67: =(AD67*40)+(AE67*4)+(AG67*0) -> 112 | AS67: =Table22[[#This Row],[GROSS WT]]-Table22[[#This Row],[Total Bag Discharged (Truck)]] -> 45835 | AT67: =+AO67 -> 45835 | AV67: 35 | AW67: 11 | AX67: 3 | AY67: =+AV67+AW67+AX67 -> 49 | AZ67: 233 | BA67: 10 | BB67: 14 | BC67: =+AZ67+BA67+BB67 -> 257 | BD67: =SUM(Table22[[#This Row],[Good Kernel (gm)]]+(Table22[[#This Row],[Immature (gm)]]+Table22[[#This Row],[Spotted (gm)]])/2)*0.176 -> 43.12 | BE67: 43.21 | BF67: =(AZ67+BA67+BB67)*0.17637 -> 45.32709 | BG67: =+((AX67+AV67+AZ67+BA67+BB67))*0.17637 -> 52.02915 | BH67: =SUM(Table22[[#This Row],[Good Kernel (gm)]:[Spotted (gm)]])/1000*100 -> 25.7 | BI67: =SUM(AV67,AX67,AZ67:BB67)/1000*100 -> 29.5 | BJ67: 9.3 | BK67: 185 | BM67: 39 | BN67: 10.5 | BO67: 24 | BP67: 0 | BQ67: =+BM67+BO67+BP67 -> 63 | BR67: 229 | BS67: 12 | BT67: 14 | BU67: =+BR67+BS67+BT67 -> 255 | BV67: =SUM(Table22[[#This Row],[Good Kernel (G M)]]+(Table22[[#This Row],[Immature (g m)]]+Table22[[#This Row],[Spotted (g m)]])/2)*0.176 -> 42.592 | BW67: 42.68 | BY67: =(BR67+BS67+BT67)*0.17637 -> 44.97435 | BZ67: =+((BP67+BM67+BR67+BS67+BT67))*0.17637 -> 51.85278 | CA67: =SUM(Table22[[#This Row],[Good Kernel (G M)]:[Spotted (g m)]])/1000*100 -> 25.5 | CB67: =(Table22[[#This Row],[BROWNS/Rejection (gm) (NUT)]]+Table22[[#This Row],[OIL (g m)]]+Table22[[#This Row],[Good Kernel (G M)]]+Table22[[#This Row],[Immature (g m)]]+Table22[[#This Row],[Spotted (g m)]])/1000*100 -> 29.4 | CC67: 9.3 | CD67: 185 | CE67: 675 | CH67: =TODAY()-Table22[[#This Row],[Discharge Date]] -> 141
A68: 64 | B68: YAMOUSSOUKRO | C68: ANAGROCI-01 | D68: 64 | E68: Dry Lot | F68: 664 | G68: 414 | H68: 46116 | K68: OK | L68: B3 | M68: 82496 | N68: BIN-002 | O68: 138GL01/136GL01 | P68: 46114 | Q68: 46114 | R68: AGNIBILEKRO | S68: SCOOP CA BENKADI | T68: WEBE | U68: 0431-0018 | V68: LBA-004-WEB | W68: 499 | X68: 1 | Y68: =W68+X68 -> 500 | Z68: 10 | AA68: =W68+Z68 -> 509 | AB68: =Z68 -> 10 | AC68: 440 | AE68: 60 | AF68: 10 | AH68: =AC68+AE68 -> 500 | AK68: =AH68 -> 500 | AL68: =AK68 -> 500 | AM68: 43880 | AN68: =(AD68*40)+(AE68*4)+(AG68*0)+(AH68*1) -> 740 | AO68: =AM68-AH68 -> 43380 | AP68: =AM68-AN68 -> 43140 | AQ68: =+AO68-AE68*4 -> 43140 | AR68: =(AD68*40)+(AE68*4)+(AG68*0) -> 240 | AS68: =Table22[[#This Row],[GROSS WT]]-Table22[[#This Row],[Total Bag Discharged (Truck)]] -> 43380 | AT68: =+AO68 -> 43380 | AV68: 27 | AW68: 16 | AX68: 3 | AY68: =+AV68+AW68+AX68 -> 46 | AZ68: 240 | BA68: 10 | BB68: 12 | BC68: =+AZ68+BA68+BB68 -> 262 | BD68: =SUM(Table22[[#This Row],[Good Kernel (gm)]]+(Table22[[#This Row],[Immature (gm)]]+Table22[[#This Row],[Spotted (gm)]])/2)*0.176 -> 44.176 | BE68: 44.26 | BF68: =(AZ68+BA68+BB68)*0.17637 -> 46.20894 | BG68: =+((AX68+AV68+AZ68+BA68+BB68))*0.17637 -> 51.50004 | BH68: =SUM(Table22[[#This Row],[Good Kernel (gm)]:[Spotted (gm)]])/1000*100 -> 26.2 | BI68: =SUM(AV68,AX68,AZ68:BB68)/1000*100 -> 29.2 | BJ68: 11.8 | BK68: 172 | BL68: 685 | BM68: 31 | BO68: 8 | BP68: 2 | BQ68: =+BM68+BO68+BP68 -> 41 | BR68: 238 | BS68: 12 | BT68: 16 | BU68: =+BR68+BS68+BT68 -> 266 | BV68: =SUM(Table22[[#This Row],[Good Kernel (G M)]]+(Table22[[#This Row],[Immature (g m)]]+Table22[[#This Row],[Spotted (g m)]])/2)*0.176 -> 44.352 | BW68: 44.44 | BX68: 45.05 | BY68: =(BR68+BS68+BT68)*0.17637 -> 46.91442 | BZ68: =+((BP68+BM68+BR68+BS68+BT68))*0.17637 -> 52.73463 | CA68: =SUM(Table22[[#This Row],[Good Kernel (G M)]:[Spotted (g m)]])/1000*100 -> 26.6 | CB68: =(Table22[[#This Row],[BROWNS/Rejection (gm) (NUT)]]+Table22[[#This Row],[OIL (g m)]]+Table22[[#This Row],[Good Kernel (G M)]]+Table22[[#This Row],[Immature (g m)]]+Table22[[#This Row],[Spotted (g m)]])/1000*100 -> 29.9 | CC68: 11.8 | CD68: 177 | CE68: 686 | CH68: =TODAY()-Table22[[#This Row],[Discharge Date]] -> 141
A69: 65 | B69: YAMOUSSOUKRO | C69: ANAGROCI-01 | D69: 65 | F69: 665 | G69: 415 | H69: 46113 | K69: OK | L69: B3 | M69: 78893 | N69: BIN-02A | O69: 3620KT01/4671EE01 | P69: 46114 | Q69: 46114 | R69: VAVOUA | S69: SCAAMT COOP CA | V69: LBA-002-SCA | W69: 529 | X69: 51 | Y69: =W69+X69 -> 580 | Z69: 59 | AA69: 639 | AB69: =Z69 -> 59 | AC69: 558 | AE69: 22 | AF69: 59 | AH69: =AC69+AE69 -> 580 | AK69: =AH69 -> 580 | AL69: =AK69 -> 580 | AM69: 40480 | AN69: =(AD69*40)+(AE69*4)+(AG69*0)+(AH69*1) -> 668 | AO69: =AM69-AH69 -> 39900 | AP69: =AM69-AN69 -> 39812 | AQ69: =+AO69-AE69*4 -> 39812 | AR69: =(AD69*40)+(AE69*4)+(AG69*0) -> 88 | AS69: =Table22[[#This Row],[GROSS WT]]-Table22[[#This Row],[Total Bag Discharged (Truck)]] -> 39900 | AT69: =+AO69 -> 39900 | AV69: 29 | AW69: 18 | AX69: 3 | AY69: =+AV69+AW69+AX69 -> 50 | AZ69: 244 | BA69: 12 | BB69: 9 | BC69: =+AZ69+BA69+BB69 -> 265 | BD69: =SUM(Table22[[#This Row],[Good Kernel (gm)]]+(Table22[[#This Row],[Immature (gm)]]+Table22[[#This Row],[Spotted (gm)]])/2)*0.176 -> 44.792 | BE69: 44.88 | BF69: =(AZ69+BA69+BB69)*0.17637 -> 46.73805 | BG69: =+((AX69+AV69+AZ69+BA69+BB69))*0.17637 -> 52.38189 | BH69: =SUM(Table22[[#This Row],[Good Kernel (gm)]:[Spotted (gm)]])/1000*100 -> 26.5 | BI69: =SUM(AV69,AX69,AZ69:BB69)/1000*100 -> 29.7 | BJ69: 9.4 | BK69: 183 | BL69: 680 | BM69: 29 | BO69: 15 | BP69: 0 | BQ69: =+BM69+BO69+BP69 -> 44 | BR69: 243 | BS69: 12 | BT69: 14 | BU69: =+BR69+BS69+BT69 -> 269 | BV69: =SUM(Table22[[#This Row],[Good Kernel (G M)]]+(Table22[[#This Row],[Immature (g m)]]+Table22[[#This Row],[Spotted (g m)]])/2)*0.176 -> 45.056 | BW69: 45.15 | BY69: =(BR69+BS69+BT69)*0.17637 -> 47.44353 | BZ69: =+((BP69+BM69+BR69+BS69+BT69))*0.17637 -> 52.55826 | CA69: =SUM(Table22[[#This Row],[Good Kernel (G M)]:[Spotted (g m)]])/1000*100 -> 26.9 | CB69: =(Table22[[#This Row],[BROWNS/Rejection (gm) (NUT)]]+Table22[[#This Row],[OIL (g m)]]+Table22[[#This Row],[Good Kernel (G M)]]+Table22[[#This Row],[Immature (g m)]]+Table22[[#This Row],[Spotted (g m)]])/1000*100 -> 29.8 | CC69: 11 | CD69: 170 | CE69: 680 | CH69: =TODAY()-Table22[[#This Row],[Discharge Date]] -> 141
A70: 66 | B70: YAMOUSSOUKRO | C70: ANAGROCI-01 | D70: 66 | F70: 666 | G70: 416 | H70: 46113 | K70: OK | L70: B3 | M70: 78892 | N70: BIN-02A | O70: AA721PZ01/6248EQ01 | P70: 46114 | Q70: 46114 | R70: VAVOUA | S70: SCAAMT COOP CA | V70: LBA-002-SCA | W70: 633 | X70: 36 | Y70: =W70+X70 -> 669 | Z70: 64 | AA70: =W70+Z70 -> 697 | AB70: =Z70 -> 64 | AC70: 647 | AE70: 22 | AF70: 64 | AH70: =AC70+AE70 -> 669 | AK70: =AH70 -> 669 | AL70: =AK70 -> 669 | AM70: 51320 | AN70: =(AD70*40)+(AE70*4)+(AG70*0)+(AH70*1) -> 757 | AO70: =AM70-AH70 -> 50651 | AP70: =AM70-AN70 -> 50563 | AQ70: =+AO70-AE70*4 -> 50563 | AR70: =(AD70*40)+(AE70*4)+(AG70*0) -> 88 | AS70: =Table22[[#This Row],[GROSS WT]]-Table22[[#This Row],[Total Bag Discharged (Truck)]] -> 50651 | AT70: =+AO70 -> 50651 | AV70: 28 | AW70: 19 | AX70: 3 | AY70: =+AV70+AW70+AX70 -> 50 | AZ70: 247 | BA70: 6 | BB70: 11 | BC70: =+AZ70+BA70+BB70 -> 264 | BD70: =SUM(Table22[[#This Row],[Good Kernel (gm)]]+(Table22[[#This Row],[Immature (gm)]]+Table22[[#This Row],[Spotted (gm)]])/2)*0.176 -> 44.968 | BE70: 45.06 | BF70: =(AZ70+BA70+BB70)*0.17637 -> 46.56168 | BG70: =+((AX70+AV70+AZ70+BA70+BB70))*0.17637 -> 52.02915 | BH70: =SUM(Table22[[#This Row],[Good Kernel (gm)]:[Spotted (gm)]])/1000*100 -> 26.4 | BI70: =SUM(AV70,AX70,AZ70:BB70)/1000*100 -> 29.5 | BJ70: 9.1 | BK70: 181 | BL70: 681 | BM70: 29 | BO70: 25 | BP70: 3 | BQ70: =+BM70+BO70+BP70 -> 57 | BR70: 248 | BS70: 12 | BT70: 10 | BU70: =+BR70+BS70+BT70 -> 270 | BV70: =SUM(Table22[[#This Row],[Good Kernel (G M)]]+(Table22[[#This Row],[Immature (g m)]]+Table22[[#This Row],[Spotted (g m)]])/2)*0.176 -> 45.584 | BW70: 45.67 | BY70: =(BR70+BS70+BT70)*0.17637 -> 47.6199 | BZ70: =+((BP70+BM70+BR70+BS70+BT70))*0.17637 -> 53.26374 | CA70: =SUM(Table22[[#This Row],[Good Kernel (G M)]:[Spotted (g m)]])/1000*100 -> 27 | CB70: =(Table22[[#This Row],[BROWNS/Rejection (gm) (NUT)]]+Table22[[#This Row],[OIL (g m)]]+Table22[[#This Row],[Good Kernel (G M)]]+Table22[[#This Row],[Immature (g m)]]+Table22[[#This Row],[Spotted (g m)]])/1000*100 -> 30.2 | CC70: 10.5 | CD70: 182 | CE70: 666 | CH70: =TODAY()-Table22[[#This Row],[Discharge Date]] -> 141
A71: 67 | B71: YAMOUSSOUKRO | C71: ANAGROCI-01 | D71: 67 | E71: Dry Lot | F71: 667 | G71: 417 | H71: 46113 | K71: OK | L71: B3 | M71: 87134 | N71: BIN-07A | O71: 1714LE01/671HN01 | P71: 46115 | Q71: 46115 | R71: BOUAFLE | S71: SCOOP KOB S | V71: DIS-021-KOB | W71: 433 | X71: 21 | Y71: =W71+X71 -> 454 | Z71: 27 | AA71: =W71+Z71 -> 460 | AB71: =Z71 -> 27 | AC71: 433 | AE71: 21 | AF71: 27 | AH71: =AC71+AE71 -> 454 | AK71: =AH71 -> 454 | AL71: =AK71 -> 454 | AM71: 37160 | AN71: =(AD71*40)+(AE71*4)+(AG71*0)+(AH71*1) -> 538 | AO71: =AM71-AH71 -> 36706 | AP71: =AM71-AN71 -> 36622 | AQ71: =+AO71-AE71*4 -> 36622 | AR71: =(AD71*40)+(AE71*4)+(AG71*0) -> 84 | AS71: =Table22[[#This Row],[GROSS WT]]-Table22[[#This Row],[Total Bag Discharged (Truck)]] -> 36706 | AT71: =+AO71 -> 36706 | AV71: 29 | AW71: 15 | AX71: 0 | AY71: =+AV71+AW71+AX71 -> 44 | AZ71: 243 | BA71: 12 | BB71: 14 | BC71: =+AZ71+BA71+BB71 -> 269 | BD71: =SUM(Table22[[#This Row],[Good Kernel (gm)]]+(Table22[[#This Row],[Immature (gm)]]+Table22[[#This Row],[Spotted (gm)]])/2)*0.176 -> 45.056 | BE71: 45.15 | BF71: =(AZ71+BA71+BB71)*0.17637 -> 47.44353 | BG71: =+((AX71+AV71+AZ71+BA71+BB71))*0.17637 -> 52.55826 | BH71: =SUM(Table22[[#This Row],[Good Kernel (gm)]:[Spotted (gm)]])/1000*100 -> 26.9 | BI71: =SUM(AV71,AX71,AZ71:BB71)/1000*100 -> 29.8 | BM71: 29 | BO71: 15 | BP71: 0 | BQ71: =+BM71+BO71+BP71 -> 44 | BR71: 243 | BS71: 12 | BT71: 14 | BU71: =+BR71+BS71+BT71 -> 269 | BV71: =SUM(Table22[[#This Row],[Good Kernel (G M)]]+(Table22[[#This Row],[Immature (g m)]]+Table22[[#This Row],[Spotted (g m)]])/2)*0.176 -> 45.056 | BW71: 45.15 | BY71: =(BR71+BS71+BT71)*0.17637 -> 47.44353 | BZ71: =+((BP71+BM71+BR71+BS71+BT71))*0.17637 -> 52.55826 | CA71: =SUM(Table22[[#This Row],[Good Kernel (G M)]:[Spotted (g m)]])/1000*100 -> 26.9 | CB71: =(Table22[[#This Row],[BROWNS/Rejection (gm) (NUT)]]+Table22[[#This Row],[OIL (g m)]]+Table22[[#This Row],[Good Kernel (G M)]]+Table22[[#This Row],[Immature (g m)]]+Table22[[#This Row],[Spotted (g m)]])/1000*100 -> 29.8 | CC71: 11 | CD71: 170 | CE71: 680 | CH71: =TODAY()-Table22[[#This Row],[Discharge Date]] -> 140
A72: 68 | B72: YAMOUSSOUKRO | C72: ANAGROCI-01 | D72: 68 | F72: 668 | G72: 418 | H72: 46085 | K72: OK | L72: B3 | M72: 87137 | N72: BIN-005 | O72: 2744KK02/7778FX04 | P72: 46116 | Q72: 46116 | R72: VAVOUA | S72: SCAAMT COOP CA | V72: LBA-002-SCA | W72: 572 | X72: 31 | Y72: =W72+X72 -> 603 | Z72: 61 | AA72: =W72+Z72 -> 633 | AB72: =Z72 -> 61 | AC72: =W72 -> 572 | AE72: =X72 -> 31 | AF72: 61 | AH72: =AC72+AE72 -> 603 | AK72: =AH72 -> 603 | AL72: =AK72 -> 603 | AM72: 40820 | AN72: =(AD72*40)+(AE72*4)+(AG72*0)+(AH72*1) -> 727 | AO72: =+Table22[[#This Row],[GROSS WT]]-Table22[[#This Row],[Total Bag Discharged (Truck)]] -> 40217 | AP72: =AM72-AN72 -> 40093 | AQ72: =+AO72-AE72*4 -> 40093 | AR72: =(AD72*40)+(AE72*4)+(AG72*0) -> 124 | AS72: =Table22[[#This Row],[GROSS WT]]-Table22[[#This Row],[Total Bag Discharged (Truck)]] -> 40217 | AT72: =+AO72 -> 40217 | AV72: 28 | AW72: 18 | AX72: 3 | AY72: =+AV72+AW72+AX72 -> 49 | AZ72: 241 | BA72: 13 | BB72: 12 | BC72: =+AZ72+BA72+BB72 -> 266 | BD72: =SUM(Table22[[#This Row],[Good Kernel (gm)]]+(Table22[[#This Row],[Immature (gm)]]+Table22[[#This Row],[Spotted (gm)]])/2)*0.176 -> 44.616 | BE72: 44.7 | BF72: =(AZ72+BA72+BB72)*0.17637 -> 46.91442 | BG72: =+((AX72+AV72+AZ72+BA72+BB72))*0.17637 -> 52.38189 | BH72: =SUM(Table22[[#This Row],[Good Kernel (gm)]:[Spotted (gm)]])/1000*100 -> 26.6 | BI72: =SUM(AV72,AX72,AZ72:BB72)/1000*100 -> 29.7 | BJ72: 9.2 | BK72: 188 | BL72: 679 | BM72: 26 | BO72: 28 | BP72: 4 | BQ72: =+BM72+BO72+BP72 -> 58 | BR72: 240 | BS72: 10 | BT72: 14 | BU72: =+BR72+BS72+BT72 -> 264 | BV72: =SUM(Table22[[#This Row],[Good Kernel (G M)]]+(Table22[[#This Row],[Immature (g m)]]+Table22[[#This Row],[Spotted (g m)]])/2)*0.176 -> 44.352 | BW72: 44.44 | BY72: =(BR72+BS72+BT72)*0.17637 -> 46.56168 | BZ72: =+((BP72+BM72+BR72+BS72+BT72))*0.17637 -> 51.85278 | CA72: =SUM(Table22[[#This Row],[Good Kernel (G M)]:[Spotted (g m)]])/1000*100 -> 26.4 | CB72: =(Table22[[#This Row],[BROWNS/Rejection (gm) (NUT)]]+Table22[[#This Row],[OIL (g m)]]+Table22[[#This Row],[Good Kernel (G M)]]+Table22[[#This Row],[Immature (g m)]]+Table22[[#This Row],[Spotted (g m)]])/1000*100 -> 29.4 | CC72: 9.1 | CD72: 189 | CE72: 673 | CH72: =TODAY()-Table22[[#This Row],[Discharge Date]] -> 139
A73: 69 | B73: YAMOUSSOUKRO | C73: ANAGROCI-01 | D73: 69 | F73: 669 | G73: 419 | H73: 46085 | K73: OK | L73: B3 | M73: 82297 | N73: BIN-03A | O73: 6139KV01/4326AT02 | P73: 46116 | Q73: 46116 | R73: DE MARAHOUE | S73: SCOOPS ICFB | V73: DIS-023-ICF | W73: 443 | X73: 24 | Y73: =W73+X73 -> 467 | Z73: 49 | AA73: =W73+Z73 -> 492 | AB73: =Z73 -> 49 | AC73: =W73 -> 443 | AE73: =X73 -> 24 | AF73: 49 | AH73: =AC73+AE73 -> 467 | AK73: =AH73 -> 467 | AL73: =AK73 -> 467 | AM73: 36420 | AN73: =(AD73*40)+(AE73*4)+(AG73*0)+(AH73*1) -> 563 | AO73: =AM73-AH73 -> 35953 | AP73: =AM73-AN73 -> 35857 | AQ73: =+AO73-AE73*4 -> 35857 | AR73: =(AD73*40)+(AE73*4)+(AG73*0) -> 96 | AS73: =Table22[[#This Row],[GROSS WT]]-Table22[[#This Row],[Total Bag Discharged (Truck)]] -> 35953 | AT73: =+AO73 -> 35953 | AV73: 25 | AW73: 4 | AX73: 3 | AY73: =+AV73+AW73+AX73 -> 32 | AZ73: 248 | BA73: 18 | BB73: 10 | BC73: =+AZ73+BA73+BB73 -> 276 | BD73: =SUM(Table22[[#This Row],[Good Kernel (gm)]]+(Table22[[#This Row],[Immature (gm)]]+Table22[[#This Row],[Spotted (gm)]])/2)*0.176 -> 46.112 | BE73: 46.2 | BF73: =(AZ73+BA73+BB73)*0.17637 -> 48.67812 | BG73: =+((AX73+AV73+AZ73+BA73+BB73))*0.17637 -> 53.61648 | BH73: =SUM(Table22[[#This Row],[Good Kernel (gm)]:[Spotted (gm)]])/1000*100 -> 27.6 | BI73: =SUM(AV73,AX73,AZ73:BB73)/1000*100 -> 30.4 | BJ73: 9.6 | BK73: 168 | BL73: 687 | BM73: 20 | BO73: 16 | BP73: 3 | BQ73: =+BM73+BO73+BP73 -> 39 | BR73: 249 | BS73: 10 | BT73: 14 | BU73: =+BR73+BS73+BT73 -> 273 | BV73: =SUM(Table22[[#This Row],[Good Kernel (G M)]]+(Table22[[#This Row],[Immature (g m)]]+Table22[[#This Row],[Spotted (g m)]])/2)*0.176 -> 45.936 | BW73: 46.03 | BY73: =(BR73+BS73+BT73)*0.17637 -> 48.14901 | BZ73: =+((BP73+BM73+BR73+BS73+BT73))*0.17637 -> 52.20552 | CA73: =SUM(Table22[[#This Row],[Good Kernel (G M)]:[Spotted (g m)]])/1000*100 -> 27.3 | CB73: =(Table22[[#This Row],[BROWNS/Rejection (gm) (NUT)]]+Table22[[#This Row],[OIL (g m)]]+Table22[[#This Row],[Good Kernel (G M)]]+Table22[[#This Row],[Immature (g m)]]+Table22[[#This Row],[Spotted (g m)]])/1000*100 -> 29.6 | CC73: 9.4 | CD73: 169 | CE73: 703 | CH73: =TODAY()-Table22[[#This Row],[Discharge Date]] -> 139
A74: 70 | B74: YAMOUSSOUKRO | C74: ANAGROCI-01 | D74: 70 | F74: 671 | G74: 421 | H74: 46085 | K74: OK | L74: B3 | M74: 87136 | N74: BIN-02A | O74: 5739GH01/3196CX01 | P74: 46118 | Q74: 46118 | R74: VAVOUA | S74: SCAAMT COOP CA | V74: LBA-002-SCA | W74: 631 | X74: 24 | Y74: =W74+X74 -> 655 | Z74: 93 | AA74: =W74+Z74 -> 724 | AB74: =Z74 -> 93 | AC74: =W74 -> 631 | AE74: =X74 -> 24 | AF74: 93 | AH74: =AC74+AE74 -> 655 | AK74: =AH74 -> 655 | AL74: =AK74 -> 655 | AM74: 49870 | AN74: =(AD74*40)+(AE74*4)+(AG74*0)+(AH74*1) -> 751 | AO74: =AM74-AH74 -> 49215 | AP74: =AM74-AN74 -> 49119 | AQ74: =+AO74-AE74*4 -> 49119 | AR74: =(AD74*40)+(AE74*4)+(AG74*0) -> 96 | AS74: =Table22[[#This Row],[GROSS WT]]-Table22[[#This Row],[Total Bag Discharged (Truck)]] -> 49215 | AT74: =+AO74 -> 49215 | AV74: 28 | AW74: 12 | AX74: 0 | AY74: =+AV74+AW74+AX74 -> 40 | AZ74: 245 | BA74: 10 | BB74: 12 | BC74: =+AZ74+BA74+BB74 -> 267 | BD74: =SUM(Table22[[#This Row],[Good Kernel (gm)]]+(Table22[[#This Row],[Immature (gm)]]+Table22[[#This Row],[Spotted (gm)]])/2)*0.176 -> 45.056 | BE74: 45.15 | BF74: =(AZ74+BA74+BB74)*0.17637 -> 47.09079 | BG74: =+((AX74+AV74+AZ74+BA74+BB74))*0.17637 -> 52.02915 | BH74: =SUM(Table22[[#This Row],[Good Kernel (gm)]:[Spotted (gm)]])/1000*100 -> 26.7 | BI74: =SUM(AV74,AX74,AZ74:BB74)/1000*100 -> 29.5 | BJ74: 10 | BK74: 180 | BL74: 688 | BM74: 21 | BO74: 15 | BP74: 5 | BQ74: =+BM74+BO74+BP74 -> 41 | BR74: 238 | BS74: 20 | BT74: 14 | BU74: =+BR74+BS74+BT74 -> 272 | BV74: =SUM(Table22[[#This Row],[Good Kernel (G M)]]+(Table22[[#This Row],[Immature (g m)]]+Table22[[#This Row],[Spotted (g m)]])/2)*0.176 -> 44.88 | BW74: 44.97 | BY74: =(BR74+BS74+BT74)*0.17637 -> 47.97264 | BZ74: =+((BP74+BM74+BR74+BS74+BT74))*0.17637 -> 52.55826 | CA74: =SUM(Table22[[#This Row],[Good Kernel (G M)]:[Spotted (g m)]])/1000*100 -> 27.2 | CB74: =(Table22[[#This Row],[BROWNS/Rejection (gm) (NUT)]]+Table22[[#This Row],[OIL (g m)]]+Table22[[#This Row],[Good Kernel (G M)]]+Table22[[#This Row],[Immature (g m)]]+Table22[[#This Row],[Spotted (g m)]])/1000*100 -> 29.8 | CC74: 9.8 | CD74: 187 | CE74: 681 | CH74: =TODAY()-Table22[[#This Row],[Discharge Date]] -> 137
A75: 71 | B75: YAMOUSSOUKRO | C75: ANAGROCI-01 | D75: 71 | F75: 670 | G75: 420 | H75: 46085 | K75: OK | L75: B3 | M75: 87135 | N75: BIN-02A | O75: AA721PZ01 | P75: 46118 | Q75: 46118 | R75: VAVOUA | S75: SCAAMT COOP CA | V75: LBA-002-SCA | W75: 635 | X75: 24 | Y75: =W75+X75 -> 659 | Z75: 59 | AA75: =W75+Z75 -> 694 | AB75: =Z75 -> 59 | AC75: =W75 -> 635 | AE75: =X75 -> 24 | AF75: 59 | AH75: =AC75+AE75 -> 659 | AK75: =AH75 -> 659 | AL75: =AK75 -> 659 | AM75: 51300 | AN75: =(AD75*40)+(AE75*4)+(AG75*0)+(AH75*1) -> 755 | AO75: =AM75-AH75 -> 50641 | AP75: =AM75-AN75 -> 50545 | AQ75: =+AO75-AE75*4 -> 50545 | AR75: =(AD75*40)+(AE75*4)+(AG75*0) -> 96 | AS75: =Table22[[#This Row],[GROSS WT]]-Table22[[#This Row],[Total Bag Discharged (Truck)]] -> 50641 | AT75: =+AO75 -> 50641 | AV75: 24 | AW75: 18 | AX75: 3 | AY75: =+AV75+AW75+AX75 -> 45 | AZ75: 247 | BA75: 16 | BB75: 12 | BC75: =+AZ75+BA75+BB75 -> 275 | BD75: =SUM(Table22[[#This Row],[Good Kernel (gm)]]+(Table22[[#This Row],[Immature (gm)]]+Table22[[#This Row],[Spotted (gm)]])/2)*0.176 -> 45.936 | BE75: 46.03 | BF75: =(AZ75+BA75+BB75)*0.17637 -> 48.50175 | BG75: =+((AX75+AV75+AZ75+BA75+BB75))*0.17637 -> 53.26374 | BH75: =SUM(Table22[[#This Row],[Good Kernel (gm)]:[Spotted (gm)]])/1000*100 -> 27.5 | BI75: =SUM(AV75,AX75,AZ75:BB75)/1000*100 -> 30.2 | BJ75: 9.2 | BK75: 183 | BL75: 673 | BM75: 23 | BO75: 21 | BP75: 2 | BQ75: =+BM75+BO75+BP75 -> 46 | BR75: 243 | BS75: 11 | BT75: 16 | BU75: =+BR75+BS75+BT75 -> 270 | BV75: =SUM(Table22[[#This Row],[Good Kernel (G M)]]+(Table22[[#This Row],[Immature (g m)]]+Table22[[#This Row],[Spotted (g m)]])/2)*0.176 -> 45.144 | BW75: 45.23 | BY75: =(BR75+BS75+BT75)*0.17637 -> 47.6199 | BZ75: =+((BP75+BM75+BR75+BS75+BT75))*0.17637 -> 52.02915 | CA75: =SUM(Table22[[#This Row],[Good Kernel (G M)]:[Spotted (g m)]])/1000*100 -> 27 | CB75: =(Table22[[#This Row],[BROWNS/Rejection (gm) (NUT)]]+Table22[[#This Row],[OIL (g m)]]+Table22[[#This Row],[Good Kernel (G M)]]+Table22[[#This Row],[Immature (g m)]]+Table22[[#This Row],[Spotted (g m)]])/1000*100 -> 29.5 | CC75: 9.1 | CD75: 187 | CE75: 677 | CH75: =TODAY()-Table22[[#This Row],[Discharge Date]] -> 137
A76: 72 | B76: YAMOUSSOUKRO | C76: ANAGROCI-01 | D76: 72 | E76: Dry Lot | F76: 674 | G76: 424 | H76: 46177 | K76: OK | L76: B3 | M76: 87139 | N76: BIN-001 | O76: 8751EZ01/7636HZ05 | P76: 46238 | Q76: 46120 | R76: VAVOUA | S76: SCAAMT COOP CA | V76: LBA-002-SCA | W76: 676 | X76: 30 | Y76: =W76+X76 -> 706 | Z76: 45 | AA76: =W76+Z76 -> 721 | AB76: =Z76 -> 45 | AC76: =W76 -> 676 | AE76: =X76 -> 30 | AF76: 45 | AH76: =AC76+AE76 -> 706 | AK76: =AH76 -> 706 | AL76: =AK76 -> 706 | AM76: 54260 | AN76: =(AD76*40)+(AE76*4)+(AG76*0)+(AH76*1) -> 826 | AO76: =AM76-AH76 -> 53554 | AP76: =AM76-AN76 -> 53434 | AQ76: =+AO76-AE76*4 -> 53434 | AR76: =(AD76*40)+(AE76*4)+(AG76*0) -> 120 | AS76: =Table22[[#This Row],[GROSS WT]]-Table22[[#This Row],[Total Bag Discharged (Truck)]] -> 53554 | AT76: =+AO76 -> 53554 | AV76: 31 | AW76: 14 | AX76: 6 | AY76: =+AV76+AW76+AX76 -> 51 | AZ76: 236 | BA76: 11 | BB76: 16 | BC76: =+AZ76+BA76+BB76 -> 263 | BD76: =SUM(Table22[[#This Row],[Good Kernel (gm)]]+(Table22[[#This Row],[Immature (gm)]]+Table22[[#This Row],[Spotted (gm)]])/2)*0.176 -> 43.912 | BE76: 44 | BF76: =(AZ76+BA76+BB76)*0.17637 -> 46.38531 | BG76: =+((AX76+AV76+AZ76+BA76+BB76))*0.17637 -> 52.911 | BH76: =SUM(Table22[[#This Row],[Good Kernel (gm)]:[Spotted (gm)]])/1000*100 -> 26.3 | BI76: =SUM(AV76,AX76,AZ76:BB76)/1000*100 -> 30 | BJ76: 10.5 | BK76: 178 | BL76: 680 | BM76: 24 | BO76: 19 | BP76: 4 | BQ76: =+BM76+BO76+BP76 -> 47 | BR76: 233 | BS76: 14 | BT76: 20 | BU76: =+BR76+BS76+BT76 -> 267 | BV76: =SUM(Table22[[#This Row],[Good Kernel (G M)]]+(Table22[[#This Row],[Immature (g m)]]+Table22[[#This Row],[Spotted (g m)]])/2)*0.176 -> 44 | BW76: 44.09 | BY76: =(BR76+BS76+BT76)*0.17637 -> 47.09079 | BZ76: =+((BP76+BM76+BR76+BS76+BT76))*0.17637 -> 52.02915 | CA76: =SUM(Table22[[#This Row],[Good Kernel (G M)]:[Spotted (g m)]])/1000*100 -> 26.7 | CB76: =(Table22[[#This Row],[BROWNS/Rejection (gm) (NUT)]]+Table22[[#This Row],[OIL (g m)]]+Table22[[#This Row],[Good Kernel (G M)]]+Table22[[#This Row],[Immature (g m)]]+Table22[[#This Row],[Spotted (g m)]])/1000*100 -> 29.5 | CC76: 10 | CD76: 182 | CE76: 679 | CH76: =TODAY()-Table22[[#This Row],[Discharge Date]] -> 135
A77: 73 | B77: YAMOUSSOUKRO | C77: ANAGROCI-01 | D77: 73 | F77: 672 | G77: 422 | H77: 46146 | K77: OK | L77: B3 | M77: 83405 | N77: BIN-005 | O77: 285LA01 | P77: 46238 | Q77: 46120 | R77: VAVOUA | S77: COP JAVA SCOOP | V77: LBA-005-JAV | W77: 572 | X77: 10 | Y77: =W77+X77 -> 582 | Z77: 7 | AA77: =W77+Z77 -> 579 | AB77: =Z77 -> 7 | AC77: =W77 -> 572 | AE77: =X77 -> 10 | AF77: 5 | AH77: =AC77+AE77 -> 582 | AK77: =AH77 -> 582 | AL77: =AK77 -> 582 | AM77: 46250 | AN77: =(AD77*40)+(AE77*4)+(AG77*0)+(AH77*1) -> 622 | AO77: =AM77-AH77 -> 45668 | AP77: =AM77-AN77 -> 45628 | AQ77: =+AO77-AE77*4 -> 45628 | AR77: =(AD77*40)+(AE77*4)+(AG77*0) -> 40 | AS77: =Table22[[#This Row],[GROSS WT]]-Table22[[#This Row],[Total Bag Discharged (Truck)]] -> 45668 | AT77: =+AO77 -> 45668 | AV77: 25 | AW77: 6 | AX77: 0 | AY77: =+AV77+AW77+AX77 -> 31 | AZ77: 240 | BA77: 18 | BB77: 14 | BC77: =+AZ77+BA77+BB77 -> 272 | BD77: =SUM(Table22[[#This Row],[Good Kernel (gm)]]+(Table22[[#This Row],[Immature (gm)]]+Table22[[#This Row],[Spotted (gm)]])/2)*0.176 -> 45.056 | BE77: 45.15 | BF77: =(AZ77+BA77+BB77)*0.17637 -> 47.97264 | BG77: =+((AX77+AV77+AZ77+BA77+BB77))*0.17637 -> 52.38189 | BH77: =SUM(Table22[[#This Row],[Good Kernel (gm)]:[Spotted (gm)]])/1000*100 -> 27.2 | BI77: =SUM(AV77,AX77,AZ77:BB77)/1000*100 -> 29.7 | BJ77: 9.6 | BK77: 175 | BL77: 691 | BM77: 26 | BO77: 12 | BP77: 0 | BQ77: =+BM77+BO77+BP77 -> 38 | BR77: 240 | BS77: 13 | BT77: 14 | BU77: =+BR77+BS77+BT77 -> 267 | BV77: =SUM(Table22[[#This Row],[Good Kernel (G M)]]+(Table22[[#This Row],[Immature (g m)]]+Table22[[#This Row],[Spotted (g m)]])/2)*0.176 -> 44.616 | BW77: 44.7 | BY77: =(BR77+BS77+BT77)*0.17637 -> 47.09079 | BZ77: =+((BP77+BM77+BR77+BS77+BT77))*0.17637 -> 51.67641 | CA77: =SUM(Table22[[#This Row],[Good Kernel (G M)]:[Spotted (g m)]])/1000*100 -> 26.7 | CB77: =(Table22[[#This Row],[BROWNS/Rejection (gm) (NUT)]]+Table22[[#This Row],[OIL (g m)]]+Table22[[#This Row],[Good Kernel (G M)]]+Table22[[#This Row],[Immature (g m)]]+Table22[[#This Row],[Spotted (g m)]])/1000*100 -> 29.3 | CC77: 9.4 | CD77: 180 | CE77: 688 | CH77: =TODAY()-Table22[[#This Row],[Discharge Date]] -> 135
A78: 74 | B78: YAMOUSSOUKRO | C78: ANAGROCI-01 | D78: 74 | F78: 673 | G78: 423 | H78: 46146 | K78: OK | L78: B3 | M78: 87138 | N78: BIN-005 | O78: 2744KK02/7778FX04 | P78: 46238 | Q78: 46120 | R78: VAVOUA | S78: SCAAMT COOP CA | V78: LBA-002-SCA | W78: 608 | X78: 24 | Y78: =W78+X78 -> 632 | Z78: 105 | AA78: =W78+Z78 -> 713 | AB78: =Z78 -> 105 | AC78: =W78 -> 608 | AE78: =X78 -> 24 | AF78: 105 | AH78: =AC78+AE78 -> 632 | AK78: =AH78 -> 632 | AL78: =AK78 -> 632 | AM78: 43680 | AN78: =(AD78*8)+(AE78*4)+(AG78*0)+(AH78*1) -> 728 | AO78: =AM78-AH78 -> 43048 | AP78: =AM78-AN78 -> 42952 | AQ78: =+AO78-AE78*4 -> 42952 | AR78: =(AD78*40)+(AE78*4)+(AG78*0) -> 96 | AS78: =Table22[[#This Row],[GROSS WT]]-Table22[[#This Row],[Total Bag Discharged (Truck)]] -> 43048 | AT78: =+AO78 -> 43048 | AV78: 36 | AW78: 21 | AX78: 2 | AY78: =+AV78+AW78+AX78 -> 59 | AZ78: 237 | BA78: 13 | BB78: 14 | BC78: =+AZ78+BA78+BB78 -> 264 | BD78: =SUM(Table22[[#This Row],[Good Kernel (gm)]]+(Table22[[#This Row],[Immature (gm)]]+Table22[[#This Row],[Spotted (gm)]])/2)*0.176 -> 44.088 | BE78: 44.18 | BF78: =(AZ78+BA78+BB78)*0.17637 -> 46.56168 | BG78: =+((AX78+AV78+AZ78+BA78+BB78))*0.17637 -> 53.26374 | BH78: =SUM(Table22[[#This Row],[Good Kernel (gm)]:[Spotted (gm)]])/1000*100 -> 26.4 | BI78: =SUM(AV78,AX78,AZ78:BB78)/1000*100 -> 30.2 | BJ78: 9.4 | BK78: 177 | BL78: 670 | BM78: 28 | BO78: 17 | BP78: 3 | BQ78: =+BM78+BO78+BP78 -> 48 | BR78: 239 | BS78: 10 | BT78: 14 | BU78: =+BR78+BS78+BT78 -> 263 | BV78: =SUM(Table22[[#This Row],[Good Kernel (G M)]]+(Table22[[#This Row],[Immature (g m)]]+Table22[[#This Row],[Spotted (g m)]])/2)*0.176 -> 44.176 | BW78: 44.26 | BY78: =(BR78+BS78+BT78)*0.17637 -> 46.38531 | BZ78: =+((BP78+BM78+BR78+BS78+BT78))*0.17637 -> 51.85278 | CA78: =SUM(Table22[[#This Row],[Good Kernel (G M)]:[Spotted (g m)]])/1000*100 -> 26.3 | CB78: =(Table22[[#This Row],[BROWNS/Rejection (gm) (NUT)]]+Table22[[#This Row],[OIL (g m)]]+Table22[[#This Row],[Good Kernel (G M)]]+Table22[[#This Row],[Immature (g m)]]+Table22[[#This Row],[Spotted (g m)]])/1000*100 -> 29.4 | CC78: 9.2 | CD78: 184 | CE78: 683 | CH78: =TODAY()-Table22[[#This Row],[Discharge Date]] -> 135
A79: 75 | B79: YAMOUSSOUKRO | C79: ANAGROCI-01 | D79: 75 | F79: 675 | G79: 425 | H79: 46238 | K79: OK | L79: B3 | M79: 78912 | N79: BIN-009 | O79: AA721PZ01/6248EQ01 | P79: 46238 | Q79: 46122 | R79: VAVOUA | S79: SCAAMT COOP CA | V79: LBA-002-SCA | W79: 612 | X79: 46 | Y79: =W79+X79 -> 658 | AA79: =W79+Z79 -> 612 | AB79: =Z79 -> 0 | AC79: =W79 -> 612 | AE79: =X79 -> 46 | AF79: 75 | AH79: =AC79+AE79 -> 658 | AK79: =AH79 -> 658 | AL79: =AK79 -> 658 | AM79: 51020 | AN79: =(AD79*40)+(AE79*4)+(AG79*0)+(AH79*1) -> 842 | AO79: =AM79-AH79 -> 50362 | AP79: =AM79-AN79 -> 50178 | AQ79: =+AO79-AE79*4 -> 50178 | AR79: =(AD79*40)+(AE79*4)+(AG79*0) -> 184 | AS79: =Table22[[#This Row],[GROSS WT]]-Table22[[#This Row],[Total Bag Discharged (Truck)]] -> 50362 | AT79: =+AO79 -> 50362 | AV79: 30 | AW79: 28 | AX79: 2 | AY79: =+AV79+AW79+AX79 -> 60 | AZ79: 240 | BA79: 10 | BB79: 12 | BC79: =+AZ79+BA79+BB79 -> 262 | BD79: =SUM(Table22[[#This Row],[Good Kernel (gm)]]+(Table22[[#This Row],[Immature (gm)]]+Table22[[#This Row],[Spotted (gm)]])/2)*0.176 -> 44.176 | BE79: 44.26 | BF79: =(AZ79+BA79+BB79)*0.17637 -> 46.20894 | BG79: =+((AX79+AV79+AZ79+BA79+BB79))*0.17637 -> 51.85278 | BH79: =SUM(Table22[[#This Row],[Good Kernel (gm)]:[Spotted (gm)]])/1000*100 -> 26.2 | BI79: =SUM(AV79,AX79,AZ79:BB79)/1000*100 -> 29.4 | BJ79: 10.8 | BK79: 189 | BL79: 673 | BM79: 30 | BO79: 18 | BP79: 3 | BQ79: =+BM79+BO79+BP79 -> 51 | BR79: 241 | BS79: 12 | BT79: 10 | BU79: =+BR79+BS79+BT79 -> 263 | BV79: =SUM(Table22[[#This Row],[Good Kernel (G M)]]+(Table22[[#This Row],[Immature (g m)]]+Table22[[#This Row],[Spotted (g m)]])/2)*0.176 -> 44.352 | BW79: 44.44 | BY79: =(BR79+BS79+BT79)*0.17637 -> 46.38531 | BZ79: =+((BP79+BM79+BR79+BS79+BT79))*0.17637 -> 52.20552 | CA79: =SUM(Table22[[#This Row],[Good Kernel (G M)]:[Spotted (g m)]])/1000*100 -> 26.3 | CB79: =(Table22[[#This Row],[BROWNS/Rejection (gm) (NUT)]]+Table22[[#This Row],[OIL (g m)]]+Table22[[#This Row],[Good Kernel (G M)]]+Table22[[#This Row],[Immature (g m)]]+Table22[[#This Row],[Spotted (g m)]])/1000*100 -> 29.6 | CC79: 10.8 | CD79: 187 | CE79: 680 | CH79: =TODAY()-Table22[[#This Row],[Discharge Date]] -> 133
A80: 76 | B80: YAMOUSSOUKRO | C80: ANAGROCI-01 | D80: 76 | E80: Dry Lot | F80: 676 | G80: 426 | H80: 46238 | K80: OK | L80: B3 | M80: 78911 | N80: BIN-001 | O80: 4919KV01/2517KE03 | P80: 46238 | Q80: 46122 | R80: VAVOUA | S80: SCAAMT COOP CA | V80: LBA-002-SCA | W80: 617 | X80: 41 | Y80: =W80+X80 -> 658 | AA80: =W80+Z80 -> 617 | AB80: =Z80 -> 0 | AC80: =W80 -> 617 | AE80: =X80 -> 41 | AF80: 59 | AH80: =AC80+AE80 -> 658 | AK80: =AH80 -> 658 | AL80: =AK80 -> 658 | AM80: 47640 | AN80: =(AD80*40)+(AE80*4)+(AG80*0)+(AH80*1) -> 822 | AO80: =AM80-AH80 -> 46982 | AP80: =AM80-AN80 -> 46818 | AQ80: =+AO80-AE80*4 -> 46818 | AR80: =(AD80*40)+(AE80*4)+(AG80*0) -> 164 | AS80: =Table22[[#This Row],[GROSS WT]]-Table22[[#This Row],[Total Bag Discharged (Truck)]] -> 46982 | AT80: =+AO80 -> 46982 | AV80: 32 | AW80: 15 | AX80: 3 | AY80: =+AV80+AW80+AX80 -> 50 | AZ80: 239 | BA80: 9 | BB80: 14 | BC80: =+AZ80+BA80+BB80 -> 262 | BD80: =SUM(Table22[[#This Row],[Good Kernel (gm)]]+(Table22[[#This Row],[Immature (gm)]]+Table22[[#This Row],[Spotted (gm)]])/2)*0.176 -> 44.088 | BE80: 44.18 | BF80: =(AZ80+BA80+BB80)*0.17637 -> 46.20894 | BG80: =+((AX80+AV80+AZ80+BA80+BB80))*0.17637 -> 52.38189 | BH80: =SUM(Table22[[#This Row],[Good Kernel (gm)]:[Spotted (gm)]])/1000*100 -> 26.2 | BI80: =SUM(AV80,AX80,AZ80:BB80)/1000*100 -> 29.7 | BJ80: 10.4 | BK80: 176 | BL80: 681 | BM80: 31 | BO80: 14 | BP80: 2 | BQ80: =+BM80+BO80+BP80 -> 47 | BR80: 238 | BS80: 16 | BT80: 10 | BU80: =+BR80+BS80+BT80 -> 264 | BV80: =SUM(Table22[[#This Row],[Good Kernel (G M)]]+(Table22[[#This Row],[Immature (g m)]]+Table22[[#This Row],[Spotted (g m)]])/2)*0.176 -> 44.176 | BW80: 44.26 | BY80: =(BR80+BS80+BT80)*0.17637 -> 46.56168 | BZ80: =+((BP80+BM80+BR80+BS80+BT80))*0.17637 -> 52.38189 | CA80: =SUM(Table22[[#This Row],[Good Kernel (G M)]:[Spotted (g m)]])/1000*100 -> 26.4 | CB80: =(Table22[[#This Row],[BROWNS/Rejection (gm) (NUT)]]+Table22[[#This Row],[OIL (g m)]]+Table22[[#This Row],[Good Kernel (G M)]]+Table22[[#This Row],[Immature (g m)]]+Table22[[#This Row],[Spotted (g m)]])/1000*100 -> 29.7 | CC80: 10.4 | CD80: 185 | CE80: 684 | CH80: =TODAY()-Table22[[#This Row],[Discharge Date]] -> 133
A81: 77 | B81: YAMOUSSOUKRO | C81: ANAGROCI-01 | D81: 77 | F81: 678 | G81: 428 | H81: 46269 | K81: OK | L81: B3 | M81: 87140 | N81: BIN-005 | O81: 8751EZ01/7636HZ05 | P81: 46299 | Q81: 46122 | R81: VAVOUA | S81: SCAAMT COOP CA | V81: LBA-002-SCA | W81: 687 | X81: 27 | Y81: =W81+X81 -> 714 | AA81: =W81+Z81 -> 687 | AB81: =Z81 -> 0 | AC81: =W81 -> 687 | AE81: =X81 -> 27 | AF81: 54 | AH81: =AC81+AE81 -> 714 | AK81: =AH81 -> 714 | AL81: =AK81 -> 714 | AM81: 54190 | AN81: =(AD81*40)+(AE81*4)+(AG81*0)+(AH81*1) -> 822 | AO81: =AM81-AH81 -> 53476 | AP81: =AM81-AN81 -> 53368 | AQ81: =+AO81-AE81*4 -> 53368 | AR81: =(AD81*40)+(AE81*4)+(AG81*0) -> 108 | AS81: =Table22[[#This Row],[GROSS WT]]-Table22[[#This Row],[Total Bag Discharged (Truck)]] -> 53476 | AT81: =+AO81 -> 53476 | AV81: 28 | AW81: 21 | AX81: 3 | AY81: =+AV81+AW81+AX81 -> 52 | AZ81: 240 | BA81: 11 | BB81: 12 | BC81: =+AZ81+BA81+BB81 -> 263 | BD81: =SUM(Table22[[#This Row],[Good Kernel (gm)]]+(Table22[[#This Row],[Immature (gm)]]+Table22[[#This Row],[Spotted (gm)]])/2)*0.176 -> 44.264 | BE81: 44.35 | BF81: =(AZ81+BA81+BB81)*0.17637 -> 46.38531 | BG81: =+((AX81+AV81+AZ81+BA81+BB81))*0.17637 -> 51.85278 | BH81: =SUM(Table22[[#This Row],[Good Kernel (gm)]:[Spotted (gm)]])/1000*100 -> 26.3 | BI81: =SUM(AV81,AX81,AZ81:BB81)/1000*100 -> 29.4 | BJ81: 10 | BK81: 182 | BL81: 680 | BM81: 24 | BO81: 19 | BP81: 3 | BQ81: =+BM81+BO81+BP81 -> 46 | BR81: 238 | BS81: 17 | BT81: 12 | BU81: =+BR81+BS81+BT81 -> 267 | BV81: =SUM(Table22[[#This Row],[Good Kernel (G M)]]+(Table22[[#This Row],[Immature (g m)]]+Table22[[#This Row],[Spotted (g m)]])/2)*0.176 -> 44.44 | BW81: 44.53 | BY81: =(BR81+BS81+BT81)*0.17637 -> 47.09079 | BZ81: =+((BP81+BM81+BR81+BS81+BT81))*0.17637 -> 51.85278 | CA81: =SUM(Table22[[#This Row],[Good Kernel (G M)]:[Spotted (g m)]])/1000*100 -> 26.7 | CB81: =(Table22[[#This Row],[BROWNS/Rejection (gm) (NUT)]]+Table22[[#This Row],[OIL (g m)]]+Table22[[#This Row],[Good Kernel (G M)]]+Table22[[#This Row],[Immature (g m)]]+Table22[[#This Row],[Spotted (g m)]])/1000*100 -> 29.4 | CC81: 9.9 | CD81: 182 | CE81: 684 | CH81: =TODAY()-Table22[[#This Row],[Discharge Date]] -> 133
A82: 78 | B82: YAMOUSSOUKRO | C82: ANAGROCI-01 | D82: 78 | F82: 677 | G82: 427 | H82: 46269 | K82: OK | L82: B3 | M82: 87142 | N82: BIN-005 | O82: 285LA01/3126FE02 | P82: 46269 | Q82: 46122 | R82: VAVOUA | S82: COP JAVA SCOOP | V82: LBA-005-JAV | W82: 534 | X82: 47 | Y82: =W82+X82 -> 581 | AA82: =W82+Z82 -> 534 | AB82: =Z82 -> 0 | AC82: =W82 -> 534 | AE82: =X82 -> 47 | AF82: 7 | AH82: =AC82+AE82 -> 581 | AK82: =AH82 -> 581 | AL82: =AK82 -> 581 | AM82: 46770 | AN82: =(AD82*40)+(AE82*4)+(AG82*0)+(AH82*1) -> 769 | AO82: =AM82-AH82 -> 46189 | AP82: =AM82-AN82 -> 46001 | AQ82: =+AO82-AE82*4 -> 46001 | AR82: =(AD82*40)+(AE82*4)+(AG82*0) -> 188 | AS82: =Table22[[#This Row],[GROSS WT]]-Table22[[#This Row],[Total Bag Discharged (Truck)]] -> 46189 | AT82: =+AO82 -> 46189 | AV82: 29 | AW82: 22 | AX82: 2 | AY82: =+AV82+AW82+AX82 -> 53 | AZ82: 237 | BA82: 16 | BB82: 9 | BC82: =+AZ82+BA82+BB82 -> 262 | BD82: =SUM(Table22[[#This Row],[Good Kernel (gm)]]+(Table22[[#This Row],[Immature (gm)]]+Table22[[#This Row],[Spotted (gm)]])/2)*0.176 -> 43.912 | BE82: 44 | BF82: =(AZ82+BA82+BB82)*0.17637 -> 46.20894 | BG82: =+((AX82+AV82+AZ82+BA82+BB82))*0.17637 -> 51.67641 | BH82: =SUM(Table22[[#This Row],[Good Kernel (gm)]:[Spotted (gm)]])/1000*100 -> 26.2 | BI82: =SUM(AV82,AX82,AZ82:BB82)/1000*100 -> 29.3 | BJ82: 11 | BK82: 184 | BL82: 681 | BM82: 25 | BO82: 18 | BP82: 3 | BQ82: =+BM82+BO82+BP82 -> 46 | BR82: 233 | BS82: 20 | BT82: 14 | BU82: =+BR82+BS82+BT82 -> 267 | BV82: =SUM(Table22[[#This Row],[Good Kernel (G M)]]+(Table22[[#This Row],[Immature (g m)]]+Table22[[#This Row],[Spotted (g m)]])/2)*0.176 -> 44 | BW82: 44.09 | BY82: =(BR82+BS82+BT82)*0.17637 -> 47.09079 | BZ82: =+((BP82+BM82+BR82+BS82+BT82))*0.17637 -> 52.02915 | CA82: =SUM(Table22[[#This Row],[Good Kernel (G M)]:[Spotted (g m)]])/1000*100 -> 26.7 | CB82: =(Table22[[#This Row],[BROWNS/Rejection (gm) (NUT)]]+Table22[[#This Row],[OIL (g m)]]+Table22[[#This Row],[Good Kernel (G M)]]+Table22[[#This Row],[Immature (g m)]]+Table22[[#This Row],[Spotted (g m)]])/1000*100 -> 29.5 | CC82: 11 | CD82: 184 | CE82: 681 | CH82: =TODAY()-Table22[[#This Row],[Discharge Date]] -> 133
A83: 79 | B83: YAMOUSSOUKRO | C83: ANAGROCI-01 | D83: 79 | E83: Dry Lot | F83: 679 | G83: 429 | H83: 46207 | K83: OK | L83: B3 | M83: 37970 | N83: BIN-001 | O83: 9527FV03/8454CF04 | P83: 46299 | Q83: 46122 | R83: MARANDALLAH | S83: SCOOPS BENKADY-CINPA | T83: SANOGO SINDOU | U83: 044-0048 | V83: LBA-021-SAN | W83: 464 | X83: 24 | Y83: =W83+X83 -> 488 | AA83: =W83+Z83 -> 464 | AB83: =Z83 -> 0 | AC83: =W83 -> 464 | AE83: =X83 -> 24 | AF83: 54 | AH83: =AC83+AE83 -> 488 | AK83: =AH83 -> 488 | AL83: =AK83 -> 488 | AM83: 42110 | AN83: =(AD83*40)+(AE83*4)+(AG83*0)+(AH83*1) -> 584 | AO83: =AM83-AH83 -> 41622 | AP83: =AM83-AN83 -> 41526 | AQ83: =+AO83-AE83*4 -> 41526 | AR83: =(AD83*40)+(AE83*4)+(AG83*0) -> 96 | AS83: =Table22[[#This Row],[GROSS WT]]-Table22[[#This Row],[Total Bag Discharged (Truck)]] -> 41622 | AT83: =+AO83 -> 41622 | AV83: 23 | AW83: 16 | AX83: 2 | AY83: =+AV83+AW83+AX83 -> 41 | AZ83: 229 | BA83: 20 | BB83: 14 | BC83: =+AZ83+BA83+BB83 -> 263 | BD83: =SUM(Table22[[#This Row],[Good Kernel (gm)]]+(Table22[[#This Row],[Immature (gm)]]+Table22[[#This Row],[Spotted (gm)]])/2)*0.176 -> 43.296 | BE83: 43.38 | BF83: =(AZ83+BA83+BB83)*0.17637 -> 46.38531 | BG83: =+((AX83+AV83+AZ83+BA83+BB83))*0.17637 -> 50.79456 | BH83: =SUM(Table22[[#This Row],[Good Kernel (gm)]:[Spotted (gm)]])/1000*100 -> 26.3 | BI83: =SUM(AV83,AX83,AZ83:BB83)/1000*100 -> 28.8 | BJ83: 13.7 | BK83: 166 | BL83: 689 | BM83: 28 | BO83: 26 | BP83: 0 | BQ83: =+BM83+BO83+BP83 -> 54 | BR83: 233 | BS83: 18 | BT83: 10 | BU83: =+BR83+BS83+BT83 -> 261 | BV83: =SUM(Table22[[#This Row],[Good Kernel (G M)]]+(Table22[[#This Row],[Immature (g m)]]+Table22[[#This Row],[Spotted (g m)]])/2)*0.176 -> 43.472 | BW83: 43.56 | BY83: =(BR83+BS83+BT83)*0.17637 -> 46.03257 | BZ83: =+((BP83+BM83+BR83+BS83+BT83))*0.17637 -> 50.97093 | CA83: =SUM(Table22[[#This Row],[Good Kernel (G M)]:[Spotted (g m)]])/1000*100 -> 26.1 | CB83: =(Table22[[#This Row],[BROWNS/Rejection (gm) (NUT)]]+Table22[[#This Row],[OIL (g m)]]+Table22[[#This Row],[Good Kernel (G M)]]+Table22[[#This Row],[Immature (g m)]]+Table22[[#This Row],[Spotted (g m)]])/1000*100 -> 28.9 | CC83: 13.7 | CD83: 162 | CE83: 679 | CH83: =TODAY()-Table22[[#This Row],[Discharge Date]] -> 133
A84: 80 | B84: YAMOUSSOUKRO | C84: ANAGROCI-01 | D84: 80 | F84: 680 | G84: 430 | H84: 46269 | K84: OK | L84: B3 | M84: 33286 | N84: BIN-009 | O84: 3452HA01/7184EJ01 | P84: 46299 | Q84: 46122 | R84: GUEMON | S84: RCN SIMAYAT COOP CA | V84: DIS-025-SIM | W84: 705 | X84: 23 | Y84: =W84+X84 -> 728 | AA84: =W84+Z84 -> 705 | AB84: =Z84 -> 0 | AC84: =W84 -> 705 | AE84: =X84 -> 23 | AF84: 96 | AH84: =AC84+AE84 -> 728 | AK84: =AH84 -> 728 | AL84: =AK84 -> 728 | AM84: 51920 | AN84: =(AD84*40)+(AE84*4)+(AG84*0)+(AH84*1) -> 820 | AO84: =AM84-AH84 -> 51192 | AP84: =AM84-AN84 -> 51100 | AQ84: =+AO84-AE84*4 -> 51100 | AR84: =(AD84*40)+(AE84*4)+(AG84*0) -> 92 | AS84: =Table22[[#This Row],[GROSS WT]]-Table22[[#This Row],[Total Bag Discharged (Truck)]] -> 51192 | AT84: =+AO84 -> 51192 | AV84: 23 | AW84: 26 | AX84: 3 | AY84: =+AV84+AW84+AX84 -> 52 | AZ84: 232 | BA84: 18 | BB84: 12 | BC84: =+AZ84+BA84+BB84 -> 262 | BD84: =SUM(Table22[[#This Row],[Good Kernel (gm)]]+(Table22[[#This Row],[Immature (gm)]]+Table22[[#This Row],[Spotted (gm)]])/2)*0.176 -> 43.472 | BE84: 43.56 | BF84: =(AZ84+BA84+BB84)*0.17637 -> 46.20894 | BG84: =+((AX84+AV84+AZ84+BA84+BB84))*0.17637 -> 50.79456 | BH84: =SUM(Table22[[#This Row],[Good Kernel (gm)]:[Spotted (gm)]])/1000*100 -> 26.2 | BI84: =SUM(AV84,AX84,AZ84:BB84)/1000*100 -> 28.8 | BJ84: 12.3 | BK84: 180 | BL84: 681 | BM84: 24 | BO84: 21 | BP84: 2 | BQ84: =+BM84+BO84+BP84 -> 47 | BR84: 230 | BS84: 22 | BT84: 14 | BU84: =+BR84+BS84+BT84 -> 266 | BV84: =SUM(Table22[[#This Row],[Good Kernel (G M)]]+(Table22[[#This Row],[Immature (g m)]]+Table22[[#This Row],[Spotted (g m)]])/2)*0.176 -> 43.648 | BW84: 43.73 | BY84: =(BR84+BS84+BT84)*0.17637 -> 46.91442 | BZ84: =+((BP84+BM84+BR84+BS84+BT84))*0.17637 -> 51.50004 | CA84: =SUM(Table22[[#This Row],[Good Kernel (G M)]:[Spotted (g m)]])/1000*100 -> 26.6 | CB84: =(Table22[[#This Row],[BROWNS/Rejection (gm) (NUT)]]+Table22[[#This Row],[OIL (g m)]]+Table22[[#This Row],[Good Kernel (G M)]]+Table22[[#This Row],[Immature (g m)]]+Table22[[#This Row],[Spotted (g m)]])/1000*100 -> 29.2 | CC84: 12.2 | CD84: 183 | CE84: 682 | CH84: =TODAY()-Table22[[#This Row],[Discharge Date]] -> 133
A85: 81 | B85: YAMOUSSOUKRO | C85: ANAGROCI-01 | D85: 81 | F85: 681 | G85: 431 | H85: 46269 | K85: OK | L85: B3 | M85: 23302 | N85: BIN-005 | O85: 621KF01/8421BH01 | P85: 46330 | Q85: 46123 | R85: BAGOUE | S85: RCN SCOOP BAOBAB | V85: DIS-027-BAO | W85: 465 | X85: 24 | Y85: =W85+X85 -> 489 | AA85: =W85+Z85 -> 465 | AB85: =Z85 -> 0 | AC85: =W85 -> 465 | AE85: =X85 -> 24 | AF85: 40 | AH85: =AC85+AE85 -> 489 | AK85: =AH85 -> 489 | AL85: =AK85 -> 489 | AM85: 40430 | AN85: =(AD85*40)+(AE85*4)+(AG85*0)+(AH85*1) -> 585 | AO85: =AM85-AH85 -> 39941 | AP85: =AM85-AN85 -> 39845 | AQ85: =+AO85-AE85*4 -> 39845 | AR85: =(AD85*40)+(AE85*4)+(AG85*0) -> 96 | AS85: =Table22[[#This Row],[GROSS WT]]-Table22[[#This Row],[Total Bag Discharged (Truck)]] -> 39941 | AT85: =+AO85 -> 39941 | AV85: 19 | AW85: 27 | AX85: 3 | AY85: =+AV85+AW85+AX85 -> 49 | AZ85: 235 | BA85: 20 | BB85: 14 | BC85: =+AZ85+BA85+BB85 -> 269 | BD85: =SUM(Table22[[#This Row],[Good Kernel (gm)]]+(Table22[[#This Row],[Immature (gm)]]+Table22[[#This Row],[Spotted (gm)]])/2)*0.176 -> 44.352 | BE85: 44.44 | BF85: =(AZ85+BA85+BB85)*0.17637 -> 47.44353 | BG85: =+((AX85+AV85+AZ85+BA85+BB85))*0.17637 -> 51.32367 | BH85: =SUM(Table22[[#This Row],[Good Kernel (gm)]:[Spotted (gm)]])/1000*100 -> 26.9 | BI85: =SUM(AV85,AX85,AZ85:BB85)/1000*100 -> 29.1 | BJ85: 9.1 | BK85: 178 | BL85: 678 | BM85: 22 | BO85: 26 | BP85: 3 | BQ85: =+BM85+BO85+BP85 -> 51 | BR85: 238 | BS85: 16 | BT85: 10 | BU85: =+BR85+BS85+BT85 -> 264 | BV85: =SUM(Table22[[#This Row],[Good Kernel (G M)]]+(Table22[[#This Row],[Immature (g m)]]+Table22[[#This Row],[Spotted (g m)]])/2)*0.176 -> 44.176 | BW85: 44.26 | BY85: =(BR85+BS85+BT85)*0.17637 -> 46.56168 | BZ85: =+((BP85+BM85+BR85+BS85+BT85))*0.17637 -> 50.97093 | CA85: =SUM(Table22[[#This Row],[Good Kernel (G M)]:[Spotted (g m)]])/1000*100 -> 26.4 | CB85: =(Table22[[#This Row],[BROWNS/Rejection (gm) (NUT)]]+Table22[[#This Row],[OIL (g m)]]+Table22[[#This Row],[Good Kernel (G M)]]+Table22[[#This Row],[Immature (g m)]]+Table22[[#This Row],[Spotted (g m)]])/1000*100 -> 28.9 | CC85: 9.2 | CD85: 170 | CE85: 679 | CH85: =TODAY()-Table22[[#This Row],[Discharge Date]] -> 132
A86: 82 | B86: YAMOUSSOUKRO | C86: ANAGROCI-01 | D86: 82 | F86: 682 | K86: OK | L86: B3 | M86: 37636 | N86: BIN-02A | O86: 794JL01/4133CR03 | P86: 46330 | Q86: 46124 | R86: GUEZON | S86: SCOOPS DJGUISSEME | T86: SOCOSIDJI | V86: LBA-001-SOC | W86: 640 | X86: 31 | Y86: =W86+X86 -> 671 | AA86: =W86+Z86 -> 640 | AB86: =Z86 -> 0 | AC86: =W86 -> 640 | AE86: =X86 -> 31 | AF86: 25 | AH86: =AC86+AE86 -> 671 | AK86: =AH86 -> 671 | AL86: =AK86 -> 671 | AM86: 52760 | AN86: =(AD86*40)+(AE86*4)+(AG86*0)+(AH86*1) -> 795 | AO86: =AM86-AH86 -> 52089 | AP86: =AM86-AN86 -> 51965 | AQ86: =+AO86-AE86*4 -> 51965 | AR86: =(AD86*40)+(AE86*4)+(AG86*0) -> 124 | AS86: =Table22[[#This Row],[GROSS WT]]-Table22[[#This Row],[Total Bag Discharged (Truck)]] -> 52089 | AT86: =+AO86 -> 52089 | AV86: 36 | AW86: 18 | AX86: 4 | AY86: =+AV86+AW86+AX86 -> 58 | AZ86: 217 | BA86: 28 | BB86: 8 | BC86: =+AZ86+BA86+BB86 -> 253 | BD86: =SUM(Table22[[#This Row],[Good Kernel (gm)]]+(Table22[[#This Row],[Immature (gm)]]+Table22[[#This Row],[Spotted (gm)]])/2)*0.176 -> 41.36 | BE86: 41.44 | BF86: =(AZ86+BA86+BB86)*0.17637 -> 44.62161 | BG86: =+((AX86+AV86+AZ86+BA86+BB86))*0.17637 -> 51.67641 | BH86: =SUM(Table22[[#This Row],[Good Kernel (gm)]:[Spotted (gm)]])/1000*100 -> 25.3 | BI86: =SUM(AV86,AX86,AZ86:BB86)/1000*100 -> 29.3 | BJ86: 12.2 | BK86: 184 | BL86: 684 | BM86: 36 | BO86: 16 | BP86: 0 | BQ86: =+BM86+BO86+BP86 -> 52 | BR86: 228 | BS86: 14 | BT86: 8 | BU86: =+BR86+BS86+BT86 -> 250 | BV86: =SUM(Table22[[#This Row],[Good Kernel (G M)]]+(Table22[[#This Row],[Immature (g m)]]+Table22[[#This Row],[Spotted (g m)]])/2)*0.176 -> 42.064 | BW86: 42.15 | BY86: =(BR86+BS86+BT86)*0.17637 -> 44.0925 | BZ86: =+((BP86+BM86+BR86+BS86+BT86))*0.17637 -> 50.44182 | CA86: =SUM(Table22[[#This Row],[Good Kernel (G M)]:[Spotted (g m)]])/1000*100 -> 25 | CB86: =(Table22[[#This Row],[BROWNS/Rejection (gm) (NUT)]]+Table22[[#This Row],[OIL (g m)]]+Table22[[#This Row],[Good Kernel (G M)]]+Table22[[#This Row],[Immature (g m)]]+Table22[[#This Row],[Spotted (g m)]])/1000*100 -> 28.6 | CC86: 11.6 | CD86: 184 | CE86: 693 | CH86: =TODAY()-Table22[[#This Row],[Discharge Date]] -> 131
A87: 83 | B87: YAMOUSSOUKRO | C87: ANAGROCI-01 | D87: 83 | F87: 684 | K87: OK | L87: B3 | M87: 87144 | N87: BIN-008B | O87: AA333NH/78HV01 | P87: 46330 | Q87: 46125 | R87: VAVOUA | S87: COP JAVA SCOOP | V87: LBA-005-JAV | W87: 578 | X87: 41 | Y87: =W87+X87 -> 619 | AA87: =W87+Z87 -> 578 | AB87: =Z87 -> 0 | AC87: =W87 -> 578 | AE87: =X87 -> 41 | AF87: 40 | AH87: =AC87+AE87 -> 619 | AK87: =AH87 -> 619 | AL87: =AK87 -> 619 | AM87: 49330 | AN87: =(AD87*40)+(AE87*4)+(AG87*0)+(AH87*1) -> 783 | AO87: =AM87-AH87 -> 48711 | AP87: =AM87-AN87 -> 48547 | AQ87: =+AO87-AE87*4 -> 48547 | AR87: =(AD87*40)+(AE87*4)+(AG87*0) -> 164 | AS87: =Table22[[#This Row],[GROSS WT]]-Table22[[#This Row],[Total Bag Discharged (Truck)]] -> 48711 | AT87: =+AO87 -> 48711 | AV87: 26 | AW87: 6 | AX87: 0 | AY87: =+AV87+AW87+AX87 -> 32 | AZ87: 238 | BA87: 21 | BB87: 9 | BC87: =+AZ87+BA87+BB87 -> 268 | BD87: =SUM(Table22[[#This Row],[Good Kernel (gm)]]+(Table22[[#This Row],[Immature (gm)]]+Table22[[#This Row],[Spotted (gm)]])/2)*0.176 -> 44.528 | BE87: 44.62 | BF87: =(AZ87+BA87+BB87)*0.17637 -> 47.26716 | BG87: =+((AX87+AV87+AZ87+BA87+BB87))*0.17637 -> 51.85278 | BH87: =SUM(Table22[[#This Row],[Good Kernel (gm)]:[Spotted (gm)]])/1000*100 -> 26.8 | BI87: =SUM(AV87,AX87,AZ87:BB87)/1000*100 -> 29.4 | BJ87: 11.6 | BK87: 186 | BL87: 694 | BM87: 21 | BO87: 15 | BP87: 0 | BQ87: =+BM87+BO87+BP87 -> 36 | BR87: 238 | BS87: 20 | BT87: 14 | BU87: =+BR87+BS87+BT87 -> 272 | BV87: =SUM(Table22[[#This Row],[Good Kernel (G M)]]+(Table22[[#This Row],[Immature (g m)]]+Table22[[#This Row],[Spotted (g m)]])/2)*0.176 -> 44.88 | BW87: 44.97 | BY87: =(BR87+BS87+BT87)*0.17637 -> 47.97264 | BZ87: =+((BP87+BM87+BR87+BS87+BT87))*0.17637 -> 51.67641 | CA87: =SUM(Table22[[#This Row],[Good Kernel (G M)]:[Spotted (g m)]])/1000*100 -> 27.2 | CB87: =(Table22[[#This Row],[BROWNS/Rejection (gm) (NUT)]]+Table22[[#This Row],[OIL (g m)]]+Table22[[#This Row],[Good Kernel (G M)]]+Table22[[#This Row],[Immature (g m)]]+Table22[[#This Row],[Spotted (g m)]])/1000*100 -> 29.3 | CC87: 11.2 | CD87: 183 | CE87: 686 | CH87: =TODAY()-Table22[[#This Row],[Discharge Date]] -> 130
A88: 84 | B88: YAMOUSSOUKRO | C88: ANAGROCI-01 | D88: 84 | F88: 686 | K88: OK | L88: B3 | M88: 87143 | N88: BIN-008B | O88: 285LA01/3126EE02 | P88: 46330 | Q88: 46125 | R88: VAVOUA | S88: COP JAVA SCOOP | V88: LBA-005-JAV | W88: 545 | X88: 24 | Y88: =W88+X88 -> 569 | AA88: =W88+Z88 -> 545 | AB88: =Z88 -> 0 | AC88: =W88 -> 545 | AE88: =X88 -> 24 | AF88: 6 | AH88: =AC88+AE88 -> 569 | AK88: =AH88+192 -> 761 | AL88: =AK88 -> 761 | AM88: 45580 | AN88: =(AD88*40)+(AE88*4)+(AG88*0)+(AH88*1) -> 665 | AO88: =AM88-AH88 -> 45011 | AP88: =AM88-AN88-96 -> 44819 | AQ88: =+AO88-AE88*4-96 -> 44819 | AR88: =(AD88*40)+(AE88*4)+(AG88*0) -> 96 | AS88: =Table22[[#This Row],[GROSS WT]]-Table22[[#This Row],[Total Bag Discharged (Truck)]] -> 45011 | AT88: =+AO88 -> 45011 | AV88: 26 | AW88: 20 | AX88: 3 | AY88: =+AV88+AW88+AX88 -> 49 | AZ88: 239 | BA88: 14 | BB88: 11 | BC88: =+AZ88+BA88+BB88 -> 264 | BD88: =SUM(Table22[[#This Row],[Good Kernel (gm)]]+(Table22[[#This Row],[Immature (gm)]]+Table22[[#This Row],[Spotted (gm)]])/2)*0.176 -> 44.264 | BE88: 44.35 | BF88: =(AZ88+BA88+BB88)*0.17637 -> 46.56168 | BG88: =+((AX88+AV88+AZ88+BA88+BB88))*0.17637 -> 51.67641 | BH88: =SUM(Table22[[#This Row],[Good Kernel (gm)]:[Spotted (gm)]])/1000*100 -> 26.4 | BI88: =SUM(AV88,AX88,AZ88:BB88)/1000*100 -> 29.3 | BJ88: 11.7 | BK88: 178 | BL88: 681 | BM88: 25 | BO88: 20 | BP88: 0 | BQ88: =+BM88+BO88+BP88 -> 45 | BR88: 237 | BS88: 16 | BT88: 14 | BU88: =+BR88+BS88+BT88 -> 267 | BV88: =SUM(Table22[[#This Row],[Good Kernel (G M)]]+(Table22[[#This Row],[Immature (g m)]]+Table22[[#This Row],[Spotted (g m)]])/2)*0.176 -> 44.352 | BW88: 44.44 | BY88: =(BR88+BS88+BT88)*0.17637 -> 47.09079 | BZ88: =+((BP88+BM88+BR88+BS88+BT88))*0.17637 -> 51.50004 | CA88: =SUM(Table22[[#This Row],[Good Kernel (G M)]:[Spotted (g m)]])/1000*100 -> 26.7 | CB88: =(Table22[[#This Row],[BROWNS/Rejection (gm) (NUT)]]+Table22[[#This Row],[OIL (g m)]]+Table22[[#This Row],[Good Kernel (G M)]]+Table22[[#This Row],[Immature (g m)]]+Table22[[#This Row],[Spotted (g m)]])/1000*100 -> 29.2 | CC88: 11.8 | CD88: 172 | CE88: 682 | CH88: =TODAY()-Table22[[#This Row],[Discharge Date]] -> 130
A89: 85 | B89: YAMOUSSOUKRO | C89: ANAGROCI-01 | D89: 85 | F89: 687 | K89: OK | L89: B3 | M89: 31538 | N89: BIN-008B | O89: 938HF03/2633CX02 | P89: 39025 | Q89: 46125 | R89: GBEKE | S89: SCOOPS CDAG | T89: SANOGO SINDOU | V89: LBA-021-SAN | W89: 478 | X89: 40 | Y89: =W89+X89 -> 518 | AA89: =W89+Z89 -> 478 | AB89: =Z89 -> 0 | AC89: =W89 -> 478 | AE89: =X89 -> 40 | AF89: 57 | AH89: =AC89+AE89 -> 518 | AK89: =AH89 -> 518 | AL89: =AK89 -> 518 | AM89: 40980 | AN89: =(AD89*40)+(AE89*4)+(AG89*0)+(AH89*1) -> 678 | AO89: =AM89-AH89 -> 40462 | AP89: =AM89-AN89 -> 40302 | AQ89: =+AO89-AE89*4 -> 40302 | AR89: =(AD89*40)+(AE89*4)+(AG89*0) -> 160 | AS89: =Table22[[#This Row],[GROSS WT]]-Table22[[#This Row],[Total Bag Discharged (Truck)]] -> 40462 | AT89: =+AO89 -> 40462 | AV89: 28 | AW89: 17 | AX89: 2 | AY89: =+AV89+AW89+AX89 -> 47 | AZ89: 239 | BA89: 13 | BB89: 10 | BC89: =+AZ89+BA89+BB89 -> 262 | BD89: =SUM(Table22[[#This Row],[Good Kernel (gm)]]+(Table22[[#This Row],[Immature (gm)]]+Table22[[#This Row],[Spotted (gm)]])/2)*0.176 -> 44.088 | BE89: 44.18 | BF89: =(AZ89+BA89+BB89)*0.17637 -> 46.20894 | BG89: =+((AX89+AV89+AZ89+BA89+BB89))*0.17637 -> 51.50004 | BH89: =SUM(Table22[[#This Row],[Good Kernel (gm)]:[Spotted (gm)]])/1000*100 -> 26.2 | BI89: =SUM(AV89,AX89,AZ89:BB89)/1000*100 -> 29.2 | BJ89: 13.4 | BK89: 160 | BL89: 686 | BM89: 28 | BO89: 25 | BP89: 0 | BQ89: =+BM89+BO89+BP89 -> 53 | BR89: 232 | BS89: 16 | BT89: 18 | BU89: =+BR89+BS89+BT89 -> 266 | BV89: =SUM(Table22[[#This Row],[Good Kernel (G M)]]+(Table22[[#This Row],[Immature (g m)]]+Table22[[#This Row],[Spotted (g m)]])/2)*0.176 -> 43.824 | BW89: 43.91 | BY89: =(BR89+BS89+BT89)*0.17637 -> 46.91442 | BZ89: =+((BP89+BM89+BR89+BS89+BT89))*0.17637 -> 51.85278 | CA89: =SUM(Table22[[#This Row],[Good Kernel (G M)]:[Spotted (g m)]])/1000*100 -> 26.6 | CB89: =(Table22[[#This Row],[BROWNS/Rejection (gm) (NUT)]]+Table22[[#This Row],[OIL (g m)]]+Table22[[#This Row],[Good Kernel (G M)]]+Table22[[#This Row],[Immature (g m)]]+Table22[[#This Row],[Spotted (g m)]])/1000*100 -> 29.4 | CC89: 11.6 | CD89: 162 | CE89: 675 | CH89: =TODAY()-Table22[[#This Row],[Discharge Date]] -> 130
A90: 86 | B90: YAMOUSSOUKRO | C90: ANAGROCI-01 | D90: 86 | F90: 690 | K90: OK | L90: B3 | M90: 31541 | N90: BIN-005 | O90: 5365GX01/1920GG01 | P90: 46330 | Q90: 46125 | R90: GBEKE | S90: SCOOPS CDAG | T90: SANOGO SINDOU | V90: LBA-021-SAN | W90: 502 | X90: 14 | Y90: =W90+X90 -> 516 | AA90: =W90+Z90 -> 502 | AB90: =Z90 -> 0 | AC90: =W90 -> 502 | AE90: =X90 -> 14 | AF90: 30 | AH90: =AC90+AE90 -> 516 | AK90: =AH90 -> 516 | AL90: =AK90 -> 516 | AM90: 41000 | AN90: =(AD90*40)+(AE90*4)+(AG90*0)+(AH90*1) -> 572 | AO90: =AM90-AH90 -> 40484 | AP90: =AM90-AN90 -> 40428 | AQ90: =+AO90-AE90*4 -> 40428 | AR90: =(AD90*40)+(AE90*4)+(AG90*0) -> 56 | AS90: =Table22[[#This Row],[GROSS WT]]-Table22[[#This Row],[Total Bag Discharged (Truck)]] -> 40484 | AT90: =+AO90 -> 40484 | AV90: 29 | AW90: 14 | AX90: 2 | AY90: =+AV90+AW90+AX90 -> 45 | AZ90: 236 | BA90: 16 | BB90: 12 | BC90: =+AZ90+BA90+BB90 -> 264 | BD90: =SUM(Table22[[#This Row],[Good Kernel (gm)]]+(Table22[[#This Row],[Immature (gm)]]+Table22[[#This Row],[Spotted (gm)]])/2)*0.176 -> 44 | BE90: 44.09 | BF90: =(AZ90+BA90+BB90)*0.17637 -> 46.56168 | BG90: =+((AX90+AV90+AZ90+BA90+BB90))*0.17637 -> 52.02915 | BH90: =SUM(Table22[[#This Row],[Good Kernel (gm)]:[Spotted (gm)]])/1000*100 -> 26.4 | BI90: =SUM(AV90,AX90,AZ90:BB90)/1000*100 -> 29.5 | BJ90: 10.4 | BK90: 177 | BL90: 685 | BM90: 28 | BO90: 19 | BP90: 0 | BQ90: =+BM90+BO90+BP90 -> 47 | BR90: 238 | BS90: 14 | BT90: 10 | BU90: =+BR90+BS90+BT90 -> 262 | BV90: =SUM(Table22[[#This Row],[Good Kernel (G M)]]+(Table22[[#This Row],[Immature (g m)]]+Table22[[#This Row],[Spotted (g m)]])/2)*0.176 -> 44 | BW90: 44.18 | BY90: =(BR90+BS90+BT90)*0.17637 -> 46.20894 | BZ90: =+((BP90+BM90+BR90+BS90+BT90))*0.17637 -> 51.1473 | CA90: =SUM(Table22[[#This Row],[Good Kernel (G M)]:[Spotted (g m)]])/1000*100 -> 26.2 | CB90: =(Table22[[#This Row],[BROWNS/Rejection (gm) (NUT)]]+Table22[[#This Row],[OIL (g m)]]+Table22[[#This Row],[Good Kernel (G M)]]+Table22[[#This Row],[Immature (g m)]]+Table22[[#This Row],[Spotted (g m)]])/1000*100 -> 29 | CC90: 11.4 | CD90: 176 | CE90: 697 | CH90: =TODAY()-Table22[[#This Row],[Discharge Date]] -> 130
A91: 87 | B91: YAMOUSSOUKRO | C91: ANAGROCI-01 | D91: 87 | F91: 689 | K91: OK | L91: B3 | M91: 78865 | N91: BIN-005 | O91: 2744KK02/777BF04 | P91: 46299 | Q91: 46125 | R91: VAVOUA | S91: SCAAMT COOP CA | V91: LBA-002-SCA | W91: 521 | X91: 28 | Y91: =W91+X91 -> 549 | AA91: =W91+Z91 -> 521 | AB91: =Z91 -> 0 | AC91: =W91 -> 521 | AE91: =X91 -> 28 | AF91: 26 | AH91: =AC91+AE91 -> 549 | AK91: =AH91 -> 549 | AL91: =AK91 -> 549 | AM91: 43520 | AN91: =(AD91*40)+(AE91*4)+(AG91*0)+(AH91*1) -> 661 | AO91: =AM91-AH91 -> 42971 | AP91: =AM91-AN91 -> 42859 | AQ91: =+AO91-AE91*4 -> 42859 | AR91: =(AD91*40)+(AE91*4)+(AG91*0) -> 112 | AS91: =Table22[[#This Row],[GROSS WT]]-Table22[[#This Row],[Total Bag Discharged (Truck)]] -> 42971 | AT91: =+AO91 -> 42971 | AV91: 33 | AW91: 15 | AX91: 2 | AY91: =+AV91+AW91+AX91 -> 50 | AZ91: 240 | BA91: 12 | BB91: 8 | BC91: =+AZ91+BA91+BB91 -> 260 | BD91: =SUM(Table22[[#This Row],[Good Kernel (gm)]]+(Table22[[#This Row],[Immature (gm)]]+Table22[[#This Row],[Spotted (gm)]])/2)*0.176 -> 44 | BE91: 44.09 | BF91: =(AZ91+BA91+BB91)*0.17637 -> 45.8562 | BG91: =+((AX91+AV91+AZ91+BA91+BB91))*0.17637 -> 52.02915 | BH91: =SUM(Table22[[#This Row],[Good Kernel (gm)]:[Spotted (gm)]])/1000*100 -> 26 | BI91: =SUM(AV91,AX91,AZ91:BB91)/1000*100 -> 29.5 | BJ91: 10.8 | BK91: 180 | BL91: 685 | BM91: 23 | BO91: 25 | BP91: 2 | BQ91: =+BM91+BO91+BP91 -> 50 | BR91: 238 | BS91: 16 | BT91: 10 | BU91: =+BR91+BS91+BT91 -> 264 | BV91: =SUM(Table22[[#This Row],[Good Kernel (G M)]]+(Table22[[#This Row],[Immature (g m)]]+Table22[[#This Row],[Spotted (g m)]])/2)*0.176 -> 44.176 | BW91: 44.26 | BY91: =(BR91+BS91+BT91)*0.17637 -> 46.56168 | BZ91: =+((BP91+BM91+BR91+BS91+BT91))*0.17637 -> 50.97093 | CA91: =SUM(Table22[[#This Row],[Good Kernel (G M)]:[Spotted (g m)]])/1000*100 -> 26.4 | CB91: =(Table22[[#This Row],[BROWNS/Rejection (gm) (NUT)]]+Table22[[#This Row],[OIL (g m)]]+Table22[[#This Row],[Good Kernel (G M)]]+Table22[[#This Row],[Immature (g m)]]+Table22[[#This Row],[Spotted (g m)]])/1000*100 -> 28.9 | CC91: 10.1 | CD91: 183 | CE91: 680 | CH91: =TODAY()-Table22[[#This Row],[Discharge Date]] -> 130
A92: 88 | B92: YAMOUSSOUKRO | C92: ANAGROCI-01 | D92: 88 | F92: 688 | L92: B3 | M92: 78864 | N92: BIN-009 | O92: AA721PZ01/6248EQ01 | P92: 46330 | Q92: 46125 | R92: VAVOUA | S92: SCAAMT COOP CA | V92: LBA-002-SCA | W92: 666 | X92: 48 | Y92: =W92+X92 -> 714 | AA92: =W92+Z92 -> 666 | AB92: =Z92 -> 0 | AC92: =W92 -> 666 | AE92: =X92 -> 48 | AF92: 137 | AH92: =AC92+AE92 -> 714 | AK92: =AH92 -> 714 | AL92: =AK92 -> 714 | AM92: 51880 | AN92: =(AD92*40)+(AE92*4)+(AG92*0)+(AH92*1) -> 906 | AO92: =AM92-AH92 -> 51166 | AP92: =AM92-AN92 -> 50974 | AQ92: =+AO92-AE92*4 -> 50974 | AR92: =(AD92*40)+(AE92*4)+(AG92*0) -> 192 | AS92: =Table22[[#This Row],[GROSS WT]]-Table22[[#This Row],[Total Bag Discharged (Truck)]] -> 51166 | AT92: =+AO92 -> 51166 | AV92: 28 | AW92: 9 | AX92: 2 | AY92: =+AV92+AW92+AX92 -> 39 | AZ92: 241 | BA92: 13 | BB92: 10 | BC92: =+AZ92+BA92+BB92 -> 264 | BD92: =SUM(Table22[[#This Row],[Good Kernel (gm)]]+(Table22[[#This Row],[Immature (gm)]]+Table22[[#This Row],[Spotted (gm)]])/2)*0.176 -> 44.44 | BE92: 44.53 | BF92: =(AZ92+BA92+BB92)*0.17637 -> 46.56168 | BG92: =+((AX92+AV92+AZ92+BA92+BB92))*0.17637 -> 51.85278 | BH92: =SUM(Table22[[#This Row],[Good Kernel (gm)]:[Spotted (gm)]])/1000*100 -> 26.4 | BI92: =SUM(AV92,AX92,AZ92:BB92)/1000*100 -> 29.4 | BJ92: 10.8 | BK92: 174 | BL92: 691 | BM92: 29 | BO92: 12 | BP92: 2 | BQ92: =+BM92+BO92+BP92 -> 43 | BR92: 242 | BS92: 12 | BT92: 10 | BU92: =+BR92+BS92+BT92 -> 264 | BV92: =SUM(Table22[[#This Row],[Good Kernel (G M)]]+(Table22[[#This Row],[Immature (g m)]]+Table22[[#This Row],[Spotted (g m)]])/2)*0.176 -> 44.528 | BW92: 44.62 | BY92: =(BR92+BS92+BT92)*0.17637 -> 46.56168 | BZ92: =+((BP92+BM92+BR92+BS92+BT92))*0.17637 -> 52.02915 | CA92: =SUM(Table22[[#This Row],[Good Kernel (G M)]:[Spotted (g m)]])/1000*100 -> 26.4 | CB92: =(Table22[[#This Row],[BROWNS/Rejection (gm) (NUT)]]+Table22[[#This Row],[OIL (g m)]]+Table22[[#This Row],[Good Kernel (G M)]]+Table22[[#This Row],[Immature (g m)]]+Table22[[#This Row],[Spotted (g m)]])/1000*100 -> 29.5 | CC92: 10.5 | CD92: 177 | CE92: 686 | CH92: =TODAY()-Table22[[#This Row],[Discharge Date]] -> 130
A93: 89 | B93: YAMOUSSOUKRO | C93: ANAGROCI-01 | D93: 89 | F93: 683 | K93: OK | L93: B3 | M93: 78867 | N93: BIN-009 | O93: 3620KT01/4671EE01 | P93: 46330 | Q93: 46126 | R93: VAVOUA | S93: SCAAMT COOP CA | V93: LBA-002-SCA | W93: 508 | X93: 32 | Y93: =W93+X93 -> 540 | AA93: =W93+Z93 -> 508 | AB93: =Z93 -> 0 | AC93: =W93 -> 508 | AE93: =X93 -> 32 | AF93: 44 | AH93: =AC93+AE93 -> 540 | AK93: =AH93 -> 540 | AL93: =AK93 -> 540 | AM93: 41180 | AN93: =(AD93*40)+(AE93*4)+(AG93*0)+(AH93*1) -> 668 | AO93: =AM93-AH93 -> 40640 | AP93: =AM93-AN93 -> 40512 | AQ93: =+AO93-AE93*4 -> 40512 | AR93: =(AD93*40)+(AE93*4)+(AG93*0) -> 128 | AS93: =Table22[[#This Row],[GROSS WT]]-Table22[[#This Row],[Total Bag Discharged (Truck)]] -> 40640 | AT93: =+AO93 -> 40640 | AV93: 31 | AW93: 15 | AX93: 0 | AY93: =+AV93+AW93+AX93 -> 46 | AZ93: 239 | BA93: 14 | BB93: 9 | BC93: =+AZ93+BA93+BB93 -> 262 | BD93: =SUM(Table22[[#This Row],[Good Kernel (gm)]]+(Table22[[#This Row],[Immature (gm)]]+Table22[[#This Row],[Spotted (gm)]])/2)*0.176 -> 44.088 | BE93: 44.18 | BF93: =(AZ93+BA93+BB93)*0.17637 -> 46.20894 | BG93: =+((AX93+AV93+AZ93+BA93+BB93))*0.17637 -> 51.67641 | BH93: =SUM(Table22[[#This Row],[Good Kernel (gm)]:[Spotted (gm)]])/1000*100 -> 26.2 | BI93: =SUM(AV93,AX93,AZ93:BB93)/1000*100 -> 29.3 | BJ93: 10.4 | BK93: 186 | BL93: 687 | BM93: 29 | BO93: 17 | BP93: 0 | BQ93: =+BM93+BO93+BP93 -> 46 | BR93: 240 | BS93: 15 | BT93: 10 | BU93: =+BR93+BS93+BT93 -> 265 | BV93: =SUM(Table22[[#This Row],[Good Kernel (G M)]]+(Table22[[#This Row],[Immature (g m)]]+Table22[[#This Row],[Spotted (g m)]])/2)*0.176 -> 44.44 | BW93: 44.53 | BY93: =(BR93+BS93+BT93)*0.17637 -> 46.73805 | BZ93: =+((BP93+BM93+BR93+BS93+BT93))*0.17637 -> 51.85278 | CA93: =SUM(Table22[[#This Row],[Good Kernel (G M)]:[Spotted (g m)]])/1000*100 -> 26.5 | CB93: =(Table22[[#This Row],[BROWNS/Rejection (gm) (NUT)]]+Table22[[#This Row],[OIL (g m)]]+Table22[[#This Row],[Good Kernel (G M)]]+Table22[[#This Row],[Immature (g m)]]+Table22[[#This Row],[Spotted (g m)]])/1000*100 -> 29.4 | CC93: 10.7 | CD93: 181 | CE93: 683 | CH93: =TODAY()-Table22[[#This Row],[Discharge Date]] -> 129
A94: 90 | B94: YAMOUSSOUKRO | C94: ANAGROCI-01 | D94: 90 | F94: 697 | K94: OK | L94: B3 | M94: 23293 | N94: BIN-008B | O94: 2114LP01/93K604 | P94: 46360 | Q94: 46126 | R94: BOWNDIALI | S94: RCN SCOOP BAOBAB | V94: DIS-027-BAO | W94: 427 | X94: 31 | Y94: =W94+X94 -> 458 | AA94: =W94+Z94 -> 427 | AB94: =Z94 -> 0 | AC94: =W94 -> 427 | AE94: =X94 -> 31 | AF94: 23 | AH94: =AC94+AE94 -> 458 | AK94: =AH94 -> 458 | AL94: =AK94 -> 458 | AM94: 39620 | AN94: =(AD94*40)+(AE94*4)+(AG94*0)+(AH94*1) -> 582 | AO94: =AM94-AH94 -> 39162 | AP94: =AM94-AN94 -> 39038 | AQ94: =+AO94-AE94*4 -> 39038 | AR94: =(AD94*40)+(AE94*4)+(AG94*0) -> 124 | AS94: =Table22[[#This Row],[GROSS WT]]-Table22[[#This Row],[Total Bag Discharged (Truck)]] -> 39162 | AT94: =+AO94 -> 39162 | AV94: 23 | AW94: 26 | AX94: 0 | AY94: =+AV94+AW94+AX94 -> 49 | AZ94: 232 | BA94: 18 | BB94: 12 | BC94: =+AZ94+BA94+BB94 -> 262 | BD94: =SUM(Table22[[#This Row],[Good Kernel (gm)]]+(Table22[[#This Row],[Immature (gm)]]+Table22[[#This Row],[Spotted (gm)]])/2)*0.176 -> 43.472 | BE94: 43.56 | BF94: =(AZ94+BA94+BB94)*0.17637 -> 46.20894 | BG94: =+((AX94+AV94+AZ94+BA94+BB94))*0.17637 -> 50.26545 | BH94: =SUM(Table22[[#This Row],[Good Kernel (gm)]:[Spotted (gm)]])/1000*100 -> 26.2 | BI94: =SUM(AV94,AX94,AZ94:BB94)/1000*100 -> 28.5 | BJ94: 11.4 | BK94: 179 | BL94: 683 | BM94: 21 | BO94: 25 | BP94: 2 | BQ94: =+BM94+BO94+BP94 -> 48 | BR94: 234 | BS94: 16 | BT94: 14 | BU94: =+BR94+BS94+BT94 -> 264 | BV94: =SUM(Table22[[#This Row],[Good Kernel (G M)]]+(Table22[[#This Row],[Immature (g m)]]+Table22[[#This Row],[Spotted (g m)]])/2)*0.176 -> 43.824 | BW94: 43.91 | BY94: =(BR94+BS94+BT94)*0.17637 -> 46.56168 | BZ94: =+((BP94+BM94+BR94+BS94+BT94))*0.17637 -> 50.61819 | CA94: =SUM(Table22[[#This Row],[Good Kernel (G M)]:[Spotted (g m)]])/1000*100 -> 26.4 | CB94: =(Table22[[#This Row],[BROWNS/Rejection (gm) (NUT)]]+Table22[[#This Row],[OIL (g m)]]+Table22[[#This Row],[Good Kernel (G M)]]+Table22[[#This Row],[Immature (g m)]]+Table22[[#This Row],[Spotted (g m)]])/1000*100 -> 28.7 | CC94: 11.2 | CD94: 178 | CE94: 682 | CH94: =TODAY()-Table22[[#This Row],[Discharge Date]] -> 129
